ISO-10303-21;
HEADER;
/* Generated by software containing ST-Developer
 * from STEP Tools, Inc. (www.steptools.com) 
 */

FILE_DESCRIPTION(
/* description */ (''),
/* implementation_level */ '2;1');

FILE_NAME(
/* name */ 'ship.step',
/* time_stamp */ '2026-01-07T14:58:01+08:00',
/* author */ (''),
/* organization */ (''),
/* preprocessor_version */ 'ST-DEVELOPER v20.1',
/* originating_system */ 'Autodesk Translation Framework v14.21.0.0',
/* authorisation */ '');

FILE_SCHEMA (('AUTOMOTIVE_DESIGN { 1 0 10303 214 3 1 1 }'));
ENDSEC;

DATA;
#10=MECHANICAL_DESIGN_GEOMETRIC_PRESENTATION_REPRESENTATION('',(#13),#4489);
#11=SHAPE_REPRESENTATION_RELATIONSHIP('SRR','None',#4496,#12);
#12=ADVANCED_BREP_SHAPE_REPRESENTATION('',(#385),#4488);
#13=STYLED_ITEM('',(#4505),#385);
#14=(
BOUNDED_SURFACE()
B_SPLINE_SURFACE(5,1,((#3469,#3470),(#3471,#3472),(#3473,#3474),(#3475,
#3476),(#3477,#3478),(#3479,#3480),(#3481,#3482),(#3483,#3484),(#3485,#3486),
(#3487,#3488),(#3489,#3490),(#3491,#3492),(#3493,#3494),(#3495,#3496),(#3497,
#3498),(#3499,#3500),(#3501,#3502),(#3503,#3504),(#3505,#3506),(#3507,#3508)),
 .UNSPECIFIED.,.F.,.F.,.F.)
B_SPLINE_SURFACE_WITH_KNOTS((6,1,1,1,1,1,1,1,1,1,1,1,1,1,1,6),(2,2),(0.,
0.0666666666666667,0.133333333333333,0.2,0.266666666666667,0.333333333333333,
0.4,0.466666666666667,0.533333333333333,0.6,0.666666666666667,0.733333333333333,
0.8,0.866666666666667,0.933333333333333,1.),(0.,45.),.UNSPECIFIED.)
GEOMETRIC_REPRESENTATION_ITEM()
RATIONAL_B_SPLINE_SURFACE(((1.,1.),(1.,1.),(1.,1.),(1.,1.),(1.,1.),(1.,
1.),(1.,1.),(1.,1.),(1.,1.),(1.,1.),(1.,1.),(1.,1.),(1.,1.),(1.,1.),(1.,
1.),(1.,1.),(1.,1.),(1.,1.),(1.,1.),(1.,1.)))
REPRESENTATION_ITEM('')
SURFACE()
);
#15=(
BOUNDED_SURFACE()
B_SPLINE_SURFACE(5,1,((#3538,#3539),(#3540,#3541),(#3542,#3543),(#3544,
#3545),(#3546,#3547),(#3548,#3549),(#3550,#3551),(#3552,#3553),(#3554,#3555),
(#3556,#3557),(#3558,#3559),(#3560,#3561),(#3562,#3563),(#3564,#3565),(#3566,
#3567),(#3568,#3569),(#3570,#3571),(#3572,#3573),(#3574,#3575),(#3576,#3577)),
 .UNSPECIFIED.,.F.,.F.,.F.)
B_SPLINE_SURFACE_WITH_KNOTS((6,1,1,1,1,1,1,1,1,1,1,1,1,1,1,6),(2,2),(-1.,
-0.933333333333333,-0.866666666666667,-0.8,-0.733333333333333,-0.666666666666667,
-0.6,-0.533333333333333,-0.466666666666667,-0.4,-0.333333333333333,-0.266666666666667,
-0.2,-0.133333333333333,-0.0666666666666667,0.),(0.,45.),.UNSPECIFIED.)
GEOMETRIC_REPRESENTATION_ITEM()
RATIONAL_B_SPLINE_SURFACE(((1.,1.),(1.,1.),(1.,1.),(1.,1.),(1.,1.),(1.,
1.),(1.,1.),(1.,1.),(1.,1.),(1.,1.),(1.,1.),(1.,1.),(1.,1.),(1.,1.),(1.,
1.),(1.,1.),(1.,1.),(1.,1.),(1.,1.),(1.,1.)))
REPRESENTATION_ITEM('')
SURFACE()
);
#16=(
BOUNDED_SURFACE()
B_SPLINE_SURFACE(5,1,((#4401,#4402),(#4403,#4404),(#4405,#4406),(#4407,
#4408),(#4409,#4410),(#4411,#4412),(#4413,#4414),(#4415,#4416),(#4417,#4418),
(#4419,#4420),(#4421,#4422),(#4423,#4424),(#4425,#4426),(#4427,#4428),(#4429,
#4430),(#4431,#4432),(#4433,#4434),(#4435,#4436),(#4437,#4438),(#4439,#4440)),
 .UNSPECIFIED.,.F.,.F.,.F.)
B_SPLINE_SURFACE_WITH_KNOTS((6,1,1,1,1,1,1,1,1,1,1,1,1,1,1,6),(2,2),(-1.,
-0.933333333333333,-0.866666666666667,-0.8,-0.733333333333333,-0.666666666666667,
-0.6,-0.533333333333333,-0.466666666666667,-0.4,-0.333333333333333,-0.266666666666667,
-0.2,-0.133333333333333,-0.0666666666666667,0.),(0.,0.5),.UNSPECIFIED.)
GEOMETRIC_REPRESENTATION_ITEM()
RATIONAL_B_SPLINE_SURFACE(((1.,1.),(1.,1.),(1.,1.),(1.,1.),(1.,1.),(1.,
1.),(1.,1.),(1.,1.),(1.,1.),(1.,1.),(1.,1.),(1.,1.),(1.,1.),(1.,1.),(1.,
1.),(1.,1.),(1.,1.),(1.,1.),(1.,1.),(1.,1.)))
REPRESENTATION_ITEM('')
SURFACE()
);
#17=(
BOUNDED_SURFACE()
B_SPLINE_SURFACE(5,1,((#4446,#4447),(#4448,#4449),(#4450,#4451),(#4452,
#4453),(#4454,#4455),(#4456,#4457),(#4458,#4459),(#4460,#4461),(#4462,#4463),
(#4464,#4465),(#4466,#4467),(#4468,#4469),(#4470,#4471),(#4472,#4473),(#4474,
#4475),(#4476,#4477),(#4478,#4479),(#4480,#4481),(#4482,#4483),(#4484,#4485)),
 .UNSPECIFIED.,.F.,.F.,.F.)
B_SPLINE_SURFACE_WITH_KNOTS((6,1,1,1,1,1,1,1,1,1,1,1,1,1,1,6),(2,2),(0.,
0.0666666666666667,0.133333333333333,0.2,0.266666666666667,0.333333333333333,
0.4,0.466666666666667,0.533333333333333,0.6,0.666666666666667,0.733333333333333,
0.8,0.866666666666667,0.933333333333333,1.),(0.,0.5),.UNSPECIFIED.)
GEOMETRIC_REPRESENTATION_ITEM()
RATIONAL_B_SPLINE_SURFACE(((1.,1.),(1.,1.),(1.,1.),(1.,1.),(1.,1.),(1.,
1.),(1.,1.),(1.,1.),(1.,1.),(1.,1.),(1.,1.),(1.,1.),(1.,1.),(1.,1.),(1.,
1.),(1.,1.),(1.,1.),(1.,1.),(1.,1.),(1.,1.)))
REPRESENTATION_ITEM('')
SURFACE()
);
#18=(
BOUNDED_CURVE()
B_SPLINE_CURVE(5,(#3415,#3416,#3417,#3418,#3419,#3420,#3421,#3422,#3423,
#3424,#3425,#3426,#3427,#3428,#3429,#3430,#3431,#3432,#3433,#3434),
 .UNSPECIFIED.,.F.,.F.)
B_SPLINE_CURVE_WITH_KNOTS((6,1,1,1,1,1,1,1,1,1,1,1,1,1,1,6),(0.,0.0666666666666667,
0.133333333333333,0.2,0.266666666666667,0.333333333333333,0.4,0.466666666666667,
0.533333333333333,0.6,0.666666666666667,0.733333333333333,0.8,0.866666666666667,
0.933333333333333,1.),.UNSPECIFIED.)
CURVE()
GEOMETRIC_REPRESENTATION_ITEM()
RATIONAL_B_SPLINE_CURVE((1.,1.,1.,1.,1.,1.,1.,1.,1.,1.,1.,1.,1.,1.,1.,1.,
1.,1.,1.,1.))
REPRESENTATION_ITEM('')
);
#19=(
BOUNDED_CURVE()
B_SPLINE_CURVE(5,(#3436,#3437,#3438,#3439,#3440,#3441,#3442,#3443,#3444,
#3445,#3446,#3447,#3448,#3449,#3450,#3451,#3452,#3453,#3454,#3455),
 .UNSPECIFIED.,.F.,.F.)
B_SPLINE_CURVE_WITH_KNOTS((6,1,1,1,1,1,1,1,1,1,1,1,1,1,1,6),(0.,0.0666666666666667,
0.133333333333333,0.2,0.266666666666667,0.333333333333333,0.4,0.466666666666667,
0.533333333333333,0.6,0.666666666666667,0.733333333333333,0.8,0.866666666666667,
0.933333333333333,1.),.UNSPECIFIED.)
CURVE()
GEOMETRIC_REPRESENTATION_ITEM()
RATIONAL_B_SPLINE_CURVE((1.,1.,1.,1.,1.,1.,1.,1.,1.,1.,1.,1.,1.,1.,1.,1.,
1.,1.,1.,1.))
REPRESENTATION_ITEM('')
);
#20=(
BOUNDED_CURVE()
B_SPLINE_CURVE(5,(#3512,#3513,#3514,#3515,#3516,#3517,#3518),
 .UNSPECIFIED.,.F.,.F.)
B_SPLINE_CURVE_WITH_KNOTS((6,1,6),(0.922708255219158,0.933333333333333,
1.),.UNSPECIFIED.)
CURVE()
GEOMETRIC_REPRESENTATION_ITEM()
RATIONAL_B_SPLINE_CURVE((1.,1.,1.,1.,1.,1.,1.))
REPRESENTATION_ITEM('')
);
#21=(
BOUNDED_CURVE()
B_SPLINE_CURVE(5,(#3519,#3520,#3521,#3522,#3523,#3524,#3525,#3526,#3527,
#3528,#3529,#3530,#3531,#3532,#3533,#3534,#3535,#3536,#3537),
 .UNSPECIFIED.,.F.,.F.)
B_SPLINE_CURVE_WITH_KNOTS((6,1,1,1,1,1,1,1,1,1,1,1,1,1,6),(0.,0.0666666666666667,
0.133333333333333,0.2,0.266666666666667,0.333333333333333,0.4,0.466666666666667,
0.533333333333333,0.6,0.666666666666667,0.733333333333333,0.8,0.866666666666667,
0.922708255219158),.UNSPECIFIED.)
CURVE()
GEOMETRIC_REPRESENTATION_ITEM()
RATIONAL_B_SPLINE_CURVE((1.,1.,1.,1.,1.,1.,1.,1.,1.,1.,1.,1.,1.,1.,1.,1.,
1.,1.,1.))
REPRESENTATION_ITEM('')
);
#22=(
BOUNDED_CURVE()
B_SPLINE_CURVE(5,(#3581,#3582,#3583,#3584,#3585,#3586,#3587,#3588,#3589,
#3590,#3591,#3592,#3593,#3594,#3595,#3596,#3597,#3598,#3599),
 .UNSPECIFIED.,.F.,.F.)
B_SPLINE_CURVE_WITH_KNOTS((6,1,1,1,1,1,1,1,1,1,1,1,1,1,6),(-0.92270825521916,
-0.866666666666667,-0.8,-0.733333333333333,-0.666666666666667,-0.6,-0.533333333333333,
-0.466666666666667,-0.4,-0.333333333333333,-0.266666666666667,-0.2,-0.133333333333333,
-0.0666666666666667,0.),.UNSPECIFIED.)
CURVE()
GEOMETRIC_REPRESENTATION_ITEM()
RATIONAL_B_SPLINE_CURVE((1.,1.,1.,1.,1.,1.,1.,1.,1.,1.,1.,1.,1.,1.,1.,1.,
1.,1.,1.))
REPRESENTATION_ITEM('')
);
#23=(
BOUNDED_CURVE()
B_SPLINE_CURVE(5,(#3600,#3601,#3602,#3603,#3604,#3605,#3606),
 .UNSPECIFIED.,.F.,.F.)
B_SPLINE_CURVE_WITH_KNOTS((6,1,6),(-1.,-0.933333333333333,-0.92270825521916),
 .UNSPECIFIED.)
CURVE()
GEOMETRIC_REPRESENTATION_ITEM()
RATIONAL_B_SPLINE_CURVE((1.,1.,1.,1.,1.,1.,1.))
REPRESENTATION_ITEM('')
);
#24=(
BOUNDED_CURVE()
B_SPLINE_CURVE(5,(#3664,#3665,#3666,#3667,#3668,#3669,#3670,#3671,#3672,
#3673,#3674,#3675,#3676,#3677,#3678,#3679,#3680,#3681,#3682,#3683),
 .UNSPECIFIED.,.F.,.F.)
B_SPLINE_CURVE_WITH_KNOTS((6,1,1,1,1,1,1,1,1,1,1,1,1,1,1,6),(-1.,-0.933333333333333,
-0.866666666666667,-0.8,-0.733333333333333,-0.666666666666667,-0.6,-0.533333333333333,
-0.466666666666667,-0.4,-0.333333333333333,-0.266666666666667,-0.2,-0.133333333333333,
-0.0666666666666667,0.),.UNSPECIFIED.)
CURVE()
GEOMETRIC_REPRESENTATION_ITEM()
RATIONAL_B_SPLINE_CURVE((1.,1.,1.,1.,1.,1.,1.,1.,1.,1.,1.,1.,1.,1.,1.,1.,
1.,1.,1.,1.))
REPRESENTATION_ITEM('')
);
#25=(
BOUNDED_CURVE()
B_SPLINE_CURVE(5,(#3971,#3972,#3973,#3974,#3975,#3976,#3977,#3978,#3979,
#3980,#3981,#3982,#3983,#3984,#3985,#3986,#3987,#3988,#3989,#3990,#3991,
#3992,#3993,#3994,#3995),.UNSPECIFIED.,.F.,.F.)
B_SPLINE_CURVE_WITH_KNOTS((6,1,1,1,1,1,1,1,1,1,1,1,1,1,1,1,1,1,1,1,6),(-1.,
-0.95,-0.9,-0.85,-0.8,-0.75,-0.7,-0.65,-0.6,-0.55,-0.5,-0.45,-0.4,-0.35,
-0.3,-0.25,-0.2,-0.15,-0.1,-0.05,0.),.UNSPECIFIED.)
CURVE()
GEOMETRIC_REPRESENTATION_ITEM()
RATIONAL_B_SPLINE_CURVE((1.,1.,1.,1.,1.,1.,1.,1.,1.,1.,1.,1.,1.,1.,1.,1.,
1.,1.,1.,1.,1.,1.,1.,1.,1.))
REPRESENTATION_ITEM('')
);
#26=(
BOUNDED_CURVE()
B_SPLINE_CURVE(5,(#4335,#4336,#4337,#4338,#4339,#4340,#4341,#4342,#4343,
#4344,#4345,#4346,#4347,#4348,#4349,#4350,#4351,#4352,#4353,#4354),
 .UNSPECIFIED.,.F.,.F.)
B_SPLINE_CURVE_WITH_KNOTS((6,1,1,1,1,1,1,1,1,1,1,1,1,1,1,6),(-1.,-0.933333333333333,
-0.866666666666667,-0.8,-0.733333333333333,-0.666666666666667,-0.6,-0.533333333333333,
-0.466666666666667,-0.4,-0.333333333333333,-0.266666666666667,-0.2,-0.133333333333333,
-0.0666666666666667,0.),.UNSPECIFIED.)
CURVE()
GEOMETRIC_REPRESENTATION_ITEM()
RATIONAL_B_SPLINE_CURVE((1.,1.,1.,1.,1.,1.,1.,1.,1.,1.,1.,1.,1.,1.,1.,1.,
1.,1.,1.,1.))
REPRESENTATION_ITEM('')
);
#27=(
BOUNDED_CURVE()
B_SPLINE_CURVE(5,(#4358,#4359,#4360,#4361,#4362,#4363,#4364,#4365,#4366,
#4367,#4368,#4369,#4370,#4371,#4372,#4373,#4374,#4375,#4376,#4377),
 .UNSPECIFIED.,.F.,.F.)
B_SPLINE_CURVE_WITH_KNOTS((6,1,1,1,1,1,1,1,1,1,1,1,1,1,1,6),(-1.,-0.933333333333333,
-0.866666666666667,-0.8,-0.733333333333333,-0.666666666666667,-0.6,-0.533333333333333,
-0.466666666666667,-0.4,-0.333333333333333,-0.266666666666667,-0.2,-0.133333333333333,
-0.0666666666666667,0.),.UNSPECIFIED.)
CURVE()
GEOMETRIC_REPRESENTATION_ITEM()
RATIONAL_B_SPLINE_CURVE((1.,1.,1.,1.,1.,1.,1.,1.,1.,1.,1.,1.,1.,1.,1.,1.,
1.,1.,1.,1.))
REPRESENTATION_ITEM('')
);
#28=(
BOUNDED_CURVE()
B_SPLINE_CURVE(5,(#4381,#4382,#4383,#4384,#4385,#4386,#4387,#4388,#4389,
#4390,#4391,#4392,#4393,#4394,#4395,#4396,#4397,#4398,#4399,#4400),
 .UNSPECIFIED.,.F.,.F.)
B_SPLINE_CURVE_WITH_KNOTS((6,1,1,1,1,1,1,1,1,1,1,1,1,1,1,6),(0.,0.0666666666666667,
0.133333333333333,0.2,0.266666666666667,0.333333333333333,0.4,0.466666666666667,
0.533333333333333,0.6,0.666666666666667,0.733333333333333,0.8,0.866666666666667,
0.933333333333333,1.),.UNSPECIFIED.)
CURVE()
GEOMETRIC_REPRESENTATION_ITEM()
RATIONAL_B_SPLINE_CURVE((1.,1.,1.,1.,1.,1.,1.,1.,1.,1.,1.,1.,1.,1.,1.,1.,
1.,1.,1.,1.))
REPRESENTATION_ITEM('')
);
#29=ORIENTED_CLOSED_SHELL('',*,#383,.F.);
#30=B_SPLINE_SURFACE_WITH_KNOTS('',3,3,((#499,#500,#501,#502,#503,#504,
#505,#506,#507,#508,#509),(#510,#511,#512,#513,#514,#515,#516,#517,#518,
#519,#520),(#521,#522,#523,#524,#525,#526,#527,#528,#529,#530,#531),(#532,
#533,#534,#535,#536,#537,#538,#539,#540,#541,#542),(#543,#544,#545,#546,
#547,#548,#549,#550,#551,#552,#553),(#554,#555,#556,#557,#558,#559,#560,
#561,#562,#563,#564),(#565,#566,#567,#568,#569,#570,#571,#572,#573,#574,
#575)),.UNSPECIFIED.,.F.,.F.,.F.,(4,1,1,1,4),(4,2,2,2,1,4),(0.00524933006839416,
0.284882318326655,0.564515306584915,0.844148294843175,0.983964788972306),
(0.0119353965299776,0.25,0.5,0.75,0.874999215542016,0.999998431084033),
 .UNSPECIFIED.);
#31=B_SPLINE_SURFACE_WITH_KNOTS('',3,3,((#628,#629,#630,#631,#632,#633,
#634,#635,#636,#637,#638,#639,#640,#641,#642,#643,#644,#645,#646,#647,#648,
#649,#650,#651,#652,#653,#654,#655,#656,#657,#658,#659,#660,#661,#662,#663,
#664,#665,#666,#667,#668,#669,#670),(#671,#672,#673,#674,#675,#676,#677,
#678,#679,#680,#681,#682,#683,#684,#685,#686,#687,#688,#689,#690,#691,#692,
#693,#694,#695,#696,#697,#698,#699,#700,#701,#702,#703,#704,#705,#706,#707,
#708,#709,#710,#711,#712,#713),(#714,#715,#716,#717,#718,#719,#720,#721,
#722,#723,#724,#725,#726,#727,#728,#729,#730,#731,#732,#733,#734,#735,#736,
#737,#738,#739,#740,#741,#742,#743,#744,#745,#746,#747,#748,#749,#750,#751,
#752,#753,#754,#755,#756),(#757,#758,#759,#760,#761,#762,#763,#764,#765,
#766,#767,#768,#769,#770,#771,#772,#773,#774,#775,#776,#777,#778,#779,#780,
#781,#782,#783,#784,#785,#786,#787,#788,#789,#790,#791,#792,#793,#794,#795,
#796,#797,#798,#799),(#800,#801,#802,#803,#804,#805,#806,#807,#808,#809,
#810,#811,#812,#813,#814,#815,#816,#817,#818,#819,#820,#821,#822,#823,#824,
#825,#826,#827,#828,#829,#830,#831,#832,#833,#834,#835,#836,#837,#838,#839,
#840,#841,#842),(#843,#844,#845,#846,#847,#848,#849,#850,#851,#852,#853,
#854,#855,#856,#857,#858,#859,#860,#861,#862,#863,#864,#865,#866,#867,#868,
#869,#870,#871,#872,#873,#874,#875,#876,#877,#878,#879,#880,#881,#882,#883,
#884,#885),(#886,#887,#888,#889,#890,#891,#892,#893,#894,#895,#896,#897,
#898,#899,#900,#901,#902,#903,#904,#905,#906,#907,#908,#909,#910,#911,#912,
#913,#914,#915,#916,#917,#918,#919,#920,#921,#922,#923,#924,#925,#926,#927,
#928),(#929,#930,#931,#932,#933,#934,#935,#936,#937,#938,#939,#940,#941,
#942,#943,#944,#945,#946,#947,#948,#949,#950,#951,#952,#953,#954,#955,#956,
#957,#958,#959,#960,#961,#962,#963,#964,#965,#966,#967,#968,#969,#970,#971),
(#972,#973,#974,#975,#976,#977,#978,#979,#980,#981,#982,#983,#984,#985,
#986,#987,#988,#989,#990,#991,#992,#993,#994,#995,#996,#997,#998,#999,#1000,
#1001,#1002,#1003,#1004,#1005,#1006,#1007,#1008,#1009,#1010,#1011,#1012,
#1013,#1014),(#1015,#1016,#1017,#1018,#1019,#1020,#1021,#1022,#1023,#1024,
#1025,#1026,#1027,#1028,#1029,#1030,#1031,#1032,#1033,#1034,#1035,#1036,
#1037,#1038,#1039,#1040,#1041,#1042,#1043,#1044,#1045,#1046,#1047,#1048,
#1049,#1050,#1051,#1052,#1053,#1054,#1055,#1056,#1057),(#1058,#1059,#1060,
#1061,#1062,#1063,#1064,#1065,#1066,#1067,#1068,#1069,#1070,#1071,#1072,
#1073,#1074,#1075,#1076,#1077,#1078,#1079,#1080,#1081,#1082,#1083,#1084,
#1085,#1086,#1087,#1088,#1089,#1090,#1091,#1092,#1093,#1094,#1095,#1096,
#1097,#1098,#1099,#1100),(#1101,#1102,#1103,#1104,#1105,#1106,#1107,#1108,
#1109,#1110,#1111,#1112,#1113,#1114,#1115,#1116,#1117,#1118,#1119,#1120,
#1121,#1122,#1123,#1124,#1125,#1126,#1127,#1128,#1129,#1130,#1131,#1132,
#1133,#1134,#1135,#1136,#1137,#1138,#1139,#1140,#1141,#1142,#1143),(#1144,
#1145,#1146,#1147,#1148,#1149,#1150,#1151,#1152,#1153,#1154,#1155,#1156,
#1157,#1158,#1159,#1160,#1161,#1162,#1163,#1164,#1165,#1166,#1167,#1168,
#1169,#1170,#1171,#1172,#1173,#1174,#1175,#1176,#1177,#1178,#1179,#1180,
#1181,#1182,#1183,#1184,#1185,#1186),(#1187,#1188,#1189,#1190,#1191,#1192,
#1193,#1194,#1195,#1196,#1197,#1198,#1199,#1200,#1201,#1202,#1203,#1204,
#1205,#1206,#1207,#1208,#1209,#1210,#1211,#1212,#1213,#1214,#1215,#1216,
#1217,#1218,#1219,#1220,#1221,#1222,#1223,#1224,#1225,#1226,#1227,#1228,
#1229),(#1230,#1231,#1232,#1233,#1234,#1235,#1236,#1237,#1238,#1239,#1240,
#1241,#1242,#1243,#1244,#1245,#1246,#1247,#1248,#1249,#1250,#1251,#1252,
#1253,#1254,#1255,#1256,#1257,#1258,#1259,#1260,#1261,#1262,#1263,#1264,
#1265,#1266,#1267,#1268,#1269,#1270,#1271,#1272),(#1273,#1274,#1275,#1276,
#1277,#1278,#1279,#1280,#1281,#1282,#1283,#1284,#1285,#1286,#1287,#1288,
#1289,#1290,#1291,#1292,#1293,#1294,#1295,#1296,#1297,#1298,#1299,#1300,
#1301,#1302,#1303,#1304,#1305,#1306,#1307,#1308,#1309,#1310,#1311,#1312,
#1313,#1314,#1315),(#1316,#1317,#1318,#1319,#1320,#1321,#1322,#1323,#1324,
#1325,#1326,#1327,#1328,#1329,#1330,#1331,#1332,#1333,#1334,#1335,#1336,
#1337,#1338,#1339,#1340,#1341,#1342,#1343,#1344,#1345,#1346,#1347,#1348,
#1349,#1350,#1351,#1352,#1353,#1354,#1355,#1356,#1357,#1358),(#1359,#1360,
#1361,#1362,#1363,#1364,#1365,#1366,#1367,#1368,#1369,#1370,#1371,#1372,
#1373,#1374,#1375,#1376,#1377,#1378,#1379,#1380,#1381,#1382,#1383,#1384,
#1385,#1386,#1387,#1388,#1389,#1390,#1391,#1392,#1393,#1394,#1395,#1396,
#1397,#1398,#1399,#1400,#1401),(#1402,#1403,#1404,#1405,#1406,#1407,#1408,
#1409,#1410,#1411,#1412,#1413,#1414,#1415,#1416,#1417,#1418,#1419,#1420,
#1421,#1422,#1423,#1424,#1425,#1426,#1427,#1428,#1429,#1430,#1431,#1432,
#1433,#1434,#1435,#1436,#1437,#1438,#1439,#1440,#1441,#1442,#1443,#1444),
(#1445,#1446,#1447,#1448,#1449,#1450,#1451,#1452,#1453,#1454,#1455,#1456,
#1457,#1458,#1459,#1460,#1461,#1462,#1463,#1464,#1465,#1466,#1467,#1468,
#1469,#1470,#1471,#1472,#1473,#1474,#1475,#1476,#1477,#1478,#1479,#1480,
#1481,#1482,#1483,#1484,#1485,#1486,#1487),(#1488,#1489,#1490,#1491,#1492,
#1493,#1494,#1495,#1496,#1497,#1498,#1499,#1500,#1501,#1502,#1503,#1504,
#1505,#1506,#1507,#1508,#1509,#1510,#1511,#1512,#1513,#1514,#1515,#1516,
#1517,#1518,#1519,#1520,#1521,#1522,#1523,#1524,#1525,#1526,#1527,#1528,
#1529,#1530),(#1531,#1532,#1533,#1534,#1535,#1536,#1537,#1538,#1539,#1540,
#1541,#1542,#1543,#1544,#1545,#1546,#1547,#1548,#1549,#1550,#1551,#1552,
#1553,#1554,#1555,#1556,#1557,#1558,#1559,#1560,#1561,#1562,#1563,#1564,
#1565,#1566,#1567,#1568,#1569,#1570,#1571,#1572,#1573),(#1574,#1575,#1576,
#1577,#1578,#1579,#1580,#1581,#1582,#1583,#1584,#1585,#1586,#1587,#1588,
#1589,#1590,#1591,#1592,#1593,#1594,#1595,#1596,#1597,#1598,#1599,#1600,
#1601,#1602,#1603,#1604,#1605,#1606,#1607,#1608,#1609,#1610,#1611,#1612,
#1613,#1614,#1615,#1616),(#1617,#1618,#1619,#1620,#1621,#1622,#1623,#1624,
#1625,#1626,#1627,#1628,#1629,#1630,#1631,#1632,#1633,#1634,#1635,#1636,
#1637,#1638,#1639,#1640,#1641,#1642,#1643,#1644,#1645,#1646,#1647,#1648,
#1649,#1650,#1651,#1652,#1653,#1654,#1655,#1656,#1657,#1658,#1659),(#1660,
#1661,#1662,#1663,#1664,#1665,#1666,#1667,#1668,#1669,#1670,#1671,#1672,
#1673,#1674,#1675,#1676,#1677,#1678,#1679,#1680,#1681,#1682,#1683,#1684,
#1685,#1686,#1687,#1688,#1689,#1690,#1691,#1692,#1693,#1694,#1695,#1696,
#1697,#1698,#1699,#1700,#1701,#1702),(#1703,#1704,#1705,#1706,#1707,#1708,
#1709,#1710,#1711,#1712,#1713,#1714,#1715,#1716,#1717,#1718,#1719,#1720,
#1721,#1722,#1723,#1724,#1725,#1726,#1727,#1728,#1729,#1730,#1731,#1732,
#1733,#1734,#1735,#1736,#1737,#1738,#1739,#1740,#1741,#1742,#1743,#1744,
#1745),(#1746,#1747,#1748,#1749,#1750,#1751,#1752,#1753,#1754,#1755,#1756,
#1757,#1758,#1759,#1760,#1761,#1762,#1763,#1764,#1765,#1766,#1767,#1768,
#1769,#1770,#1771,#1772,#1773,#1774,#1775,#1776,#1777,#1778,#1779,#1780,
#1781,#1782,#1783,#1784,#1785,#1786,#1787,#1788),(#1789,#1790,#1791,#1792,
#1793,#1794,#1795,#1796,#1797,#1798,#1799,#1800,#1801,#1802,#1803,#1804,
#1805,#1806,#1807,#1808,#1809,#1810,#1811,#1812,#1813,#1814,#1815,#1816,
#1817,#1818,#1819,#1820,#1821,#1822,#1823,#1824,#1825,#1826,#1827,#1828,
#1829,#1830,#1831)),.UNSPECIFIED.,.F.,.F.,.F.,(4,3,3,3,3,3,3,3,3,4),(4,
3,3,3,3,3,3,3,3,3,3,3,3,3,4),(0.,0.0640361226184097,0.183907117855229,0.288425965593297,
0.380671981997462,0.537395164264439,0.655888844204565,0.744031020872082,
0.873578762309455,1.),(0.,0.126526798167829,0.25,0.376526798167829,0.439017473717247,
0.5,0.56403612261841,0.62729008335931,0.689394454783261,0.75,0.806742774046801,
0.873687950958452,0.937615387499431,1.,1.01),.UNSPECIFIED.);
#32=B_SPLINE_SURFACE_WITH_KNOTS('',3,3,((#1924,#1925,#1926,#1927,#1928,
#1929,#1930,#1931,#1932,#1933,#1934,#1935,#1936,#1937,#1938,#1939,#1940,
#1941,#1942,#1943,#1944,#1945,#1946,#1947,#1948,#1949,#1950,#1951,#1952,
#1953,#1954,#1955,#1956,#1957,#1958,#1959,#1960,#1961,#1962,#1963,#1964,
#1965,#1966),(#1967,#1968,#1969,#1970,#1971,#1972,#1973,#1974,#1975,#1976,
#1977,#1978,#1979,#1980,#1981,#1982,#1983,#1984,#1985,#1986,#1987,#1988,
#1989,#1990,#1991,#1992,#1993,#1994,#1995,#1996,#1997,#1998,#1999,#2000,
#2001,#2002,#2003,#2004,#2005,#2006,#2007,#2008,#2009),(#2010,#2011,#2012,
#2013,#2014,#2015,#2016,#2017,#2018,#2019,#2020,#2021,#2022,#2023,#2024,
#2025,#2026,#2027,#2028,#2029,#2030,#2031,#2032,#2033,#2034,#2035,#2036,
#2037,#2038,#2039,#2040,#2041,#2042,#2043,#2044,#2045,#2046,#2047,#2048,
#2049,#2050,#2051,#2052),(#2053,#2054,#2055,#2056,#2057,#2058,#2059,#2060,
#2061,#2062,#2063,#2064,#2065,#2066,#2067,#2068,#2069,#2070,#2071,#2072,
#2073,#2074,#2075,#2076,#2077,#2078,#2079,#2080,#2081,#2082,#2083,#2084,
#2085,#2086,#2087,#2088,#2089,#2090,#2091,#2092,#2093,#2094,#2095),(#2096,
#2097,#2098,#2099,#2100,#2101,#2102,#2103,#2104,#2105,#2106,#2107,#2108,
#2109,#2110,#2111,#2112,#2113,#2114,#2115,#2116,#2117,#2118,#2119,#2120,
#2121,#2122,#2123,#2124,#2125,#2126,#2127,#2128,#2129,#2130,#2131,#2132,
#2133,#2134,#2135,#2136,#2137,#2138),(#2139,#2140,#2141,#2142,#2143,#2144,
#2145,#2146,#2147,#2148,#2149,#2150,#2151,#2152,#2153,#2154,#2155,#2156,
#2157,#2158,#2159,#2160,#2161,#2162,#2163,#2164,#2165,#2166,#2167,#2168,
#2169,#2170,#2171,#2172,#2173,#2174,#2175,#2176,#2177,#2178,#2179,#2180,
#2181),(#2182,#2183,#2184,#2185,#2186,#2187,#2188,#2189,#2190,#2191,#2192,
#2193,#2194,#2195,#2196,#2197,#2198,#2199,#2200,#2201,#2202,#2203,#2204,
#2205,#2206,#2207,#2208,#2209,#2210,#2211,#2212,#2213,#2214,#2215,#2216,
#2217,#2218,#2219,#2220,#2221,#2222,#2223,#2224),(#2225,#2226,#2227,#2228,
#2229,#2230,#2231,#2232,#2233,#2234,#2235,#2236,#2237,#2238,#2239,#2240,
#2241,#2242,#2243,#2244,#2245,#2246,#2247,#2248,#2249,#2250,#2251,#2252,
#2253,#2254,#2255,#2256,#2257,#2258,#2259,#2260,#2261,#2262,#2263,#2264,
#2265,#2266,#2267),(#2268,#2269,#2270,#2271,#2272,#2273,#2274,#2275,#2276,
#2277,#2278,#2279,#2280,#2281,#2282,#2283,#2284,#2285,#2286,#2287,#2288,
#2289,#2290,#2291,#2292,#2293,#2294,#2295,#2296,#2297,#2298,#2299,#2300,
#2301,#2302,#2303,#2304,#2305,#2306,#2307,#2308,#2309,#2310),(#2311,#2312,
#2313,#2314,#2315,#2316,#2317,#2318,#2319,#2320,#2321,#2322,#2323,#2324,
#2325,#2326,#2327,#2328,#2329,#2330,#2331,#2332,#2333,#2334,#2335,#2336,
#2337,#2338,#2339,#2340,#2341,#2342,#2343,#2344,#2345,#2346,#2347,#2348,
#2349,#2350,#2351,#2352,#2353),(#2354,#2355,#2356,#2357,#2358,#2359,#2360,
#2361,#2362,#2363,#2364,#2365,#2366,#2367,#2368,#2369,#2370,#2371,#2372,
#2373,#2374,#2375,#2376,#2377,#2378,#2379,#2380,#2381,#2382,#2383,#2384,
#2385,#2386,#2387,#2388,#2389,#2390,#2391,#2392,#2393,#2394,#2395,#2396),
(#2397,#2398,#2399,#2400,#2401,#2402,#2403,#2404,#2405,#2406,#2407,#2408,
#2409,#2410,#2411,#2412,#2413,#2414,#2415,#2416,#2417,#2418,#2419,#2420,
#2421,#2422,#2423,#2424,#2425,#2426,#2427,#2428,#2429,#2430,#2431,#2432,
#2433,#2434,#2435,#2436,#2437,#2438,#2439),(#2440,#2441,#2442,#2443,#2444,
#2445,#2446,#2447,#2448,#2449,#2450,#2451,#2452,#2453,#2454,#2455,#2456,
#2457,#2458,#2459,#2460,#2461,#2462,#2463,#2464,#2465,#2466,#2467,#2468,
#2469,#2470,#2471,#2472,#2473,#2474,#2475,#2476,#2477,#2478,#2479,#2480,
#2481,#2482),(#2483,#2484,#2485,#2486,#2487,#2488,#2489,#2490,#2491,#2492,
#2493,#2494,#2495,#2496,#2497,#2498,#2499,#2500,#2501,#2502,#2503,#2504,
#2505,#2506,#2507,#2508,#2509,#2510,#2511,#2512,#2513,#2514,#2515,#2516,
#2517,#2518,#2519,#2520,#2521,#2522,#2523,#2524,#2525),(#2526,#2527,#2528,
#2529,#2530,#2531,#2532,#2533,#2534,#2535,#2536,#2537,#2538,#2539,#2540,
#2541,#2542,#2543,#2544,#2545,#2546,#2547,#2548,#2549,#2550,#2551,#2552,
#2553,#2554,#2555,#2556,#2557,#2558,#2559,#2560,#2561,#2562,#2563,#2564,
#2565,#2566,#2567,#2568),(#2569,#2570,#2571,#2572,#2573,#2574,#2575,#2576,
#2577,#2578,#2579,#2580,#2581,#2582,#2583,#2584,#2585,#2586,#2587,#2588,
#2589,#2590,#2591,#2592,#2593,#2594,#2595,#2596,#2597,#2598,#2599,#2600,
#2601,#2602,#2603,#2604,#2605,#2606,#2607,#2608,#2609,#2610,#2611),(#2612,
#2613,#2614,#2615,#2616,#2617,#2618,#2619,#2620,#2621,#2622,#2623,#2624,
#2625,#2626,#2627,#2628,#2629,#2630,#2631,#2632,#2633,#2634,#2635,#2636,
#2637,#2638,#2639,#2640,#2641,#2642,#2643,#2644,#2645,#2646,#2647,#2648,
#2649,#2650,#2651,#2652,#2653,#2654),(#2655,#2656,#2657,#2658,#2659,#2660,
#2661,#2662,#2663,#2664,#2665,#2666,#2667,#2668,#2669,#2670,#2671,#2672,
#2673,#2674,#2675,#2676,#2677,#2678,#2679,#2680,#2681,#2682,#2683,#2684,
#2685,#2686,#2687,#2688,#2689,#2690,#2691,#2692,#2693,#2694,#2695,#2696,
#2697),(#2698,#2699,#2700,#2701,#2702,#2703,#2704,#2705,#2706,#2707,#2708,
#2709,#2710,#2711,#2712,#2713,#2714,#2715,#2716,#2717,#2718,#2719,#2720,
#2721,#2722,#2723,#2724,#2725,#2726,#2727,#2728,#2729,#2730,#2731,#2732,
#2733,#2734,#2735,#2736,#2737,#2738,#2739,#2740),(#2741,#2742,#2743,#2744,
#2745,#2746,#2747,#2748,#2749,#2750,#2751,#2752,#2753,#2754,#2755,#2756,
#2757,#2758,#2759,#2760,#2761,#2762,#2763,#2764,#2765,#2766,#2767,#2768,
#2769,#2770,#2771,#2772,#2773,#2774,#2775,#2776,#2777,#2778,#2779,#2780,
#2781,#2782,#2783),(#2784,#2785,#2786,#2787,#2788,#2789,#2790,#2791,#2792,
#2793,#2794,#2795,#2796,#2797,#2798,#2799,#2800,#2801,#2802,#2803,#2804,
#2805,#2806,#2807,#2808,#2809,#2810,#2811,#2812,#2813,#2814,#2815,#2816,
#2817,#2818,#2819,#2820,#2821,#2822,#2823,#2824,#2825,#2826),(#2827,#2828,
#2829,#2830,#2831,#2832,#2833,#2834,#2835,#2836,#2837,#2838,#2839,#2840,
#2841,#2842,#2843,#2844,#2845,#2846,#2847,#2848,#2849,#2850,#2851,#2852,
#2853,#2854,#2855,#2856,#2857,#2858,#2859,#2860,#2861,#2862,#2863,#2864,
#2865,#2866,#2867,#2868,#2869),(#2870,#2871,#2872,#2873,#2874,#2875,#2876,
#2877,#2878,#2879,#2880,#2881,#2882,#2883,#2884,#2885,#2886,#2887,#2888,
#2889,#2890,#2891,#2892,#2893,#2894,#2895,#2896,#2897,#2898,#2899,#2900,
#2901,#2902,#2903,#2904,#2905,#2906,#2907,#2908,#2909,#2910,#2911,#2912),
(#2913,#2914,#2915,#2916,#2917,#2918,#2919,#2920,#2921,#2922,#2923,#2924,
#2925,#2926,#2927,#2928,#2929,#2930,#2931,#2932,#2933,#2934,#2935,#2936,
#2937,#2938,#2939,#2940,#2941,#2942,#2943,#2944,#2945,#2946,#2947,#2948,
#2949,#2950,#2951,#2952,#2953,#2954,#2955),(#2956,#2957,#2958,#2959,#2960,
#2961,#2962,#2963,#2964,#2965,#2966,#2967,#2968,#2969,#2970,#2971,#2972,
#2973,#2974,#2975,#2976,#2977,#2978,#2979,#2980,#2981,#2982,#2983,#2984,
#2985,#2986,#2987,#2988,#2989,#2990,#2991,#2992,#2993,#2994,#2995,#2996,
#2997,#2998),(#2999,#3000,#3001,#3002,#3003,#3004,#3005,#3006,#3007,#3008,
#3009,#3010,#3011,#3012,#3013,#3014,#3015,#3016,#3017,#3018,#3019,#3020,
#3021,#3022,#3023,#3024,#3025,#3026,#3027,#3028,#3029,#3030,#3031,#3032,
#3033,#3034,#3035,#3036,#3037,#3038,#3039,#3040,#3041),(#3042,#3043,#3044,
#3045,#3046,#3047,#3048,#3049,#3050,#3051,#3052,#3053,#3054,#3055,#3056,
#3057,#3058,#3059,#3060,#3061,#3062,#3063,#3064,#3065,#3066,#3067,#3068,
#3069,#3070,#3071,#3072,#3073,#3074,#3075,#3076,#3077,#3078,#3079,#3080,
#3081,#3082,#3083,#3084),(#3085,#3086,#3087,#3088,#3089,#3090,#3091,#3092,
#3093,#3094,#3095,#3096,#3097,#3098,#3099,#3100,#3101,#3102,#3103,#3104,
#3105,#3106,#3107,#3108,#3109,#3110,#3111,#3112,#3113,#3114,#3115,#3116,
#3117,#3118,#3119,#3120,#3121,#3122,#3123,#3124,#3125,#3126,#3127)),
 .UNSPECIFIED.,.F.,.F.,.F.,(4,3,3,3,3,3,3,3,3,4),(4,3,3,3,3,3,3,3,3,3,3,
3,3,3,4),(0.,0.129636568991837,0.2424674979637,0.339486386339354,0.508673309361362,
0.633005295403166,0.725874625237537,0.862937312618768,0.93230572454927,
1.),(0.,0.126526798167829,0.25,0.376526798167829,0.439017473717247,0.5,
0.56403612261841,0.658153778538279,0.704637811839738,0.75,0.81403612261841,
0.861669745236819,0.93167968213652,1.,1.01),.UNSPECIFIED.);
#33=B_SPLINE_SURFACE_WITH_KNOTS('',3,3,((#3181,#3182,#3183,#3184,#3185,
#3186,#3187,#3188,#3189,#3190,#3191),(#3192,#3193,#3194,#3195,#3196,#3197,
#3198,#3199,#3200,#3201,#3202),(#3203,#3204,#3205,#3206,#3207,#3208,#3209,
#3210,#3211,#3212,#3213),(#3214,#3215,#3216,#3217,#3218,#3219,#3220,#3221,
#3222,#3223,#3224),(#3225,#3226,#3227,#3228,#3229,#3230,#3231,#3232,#3233,
#3234,#3235),(#3236,#3237,#3238,#3239,#3240,#3241,#3242,#3243,#3244,#3245,
#3246),(#3247,#3248,#3249,#3250,#3251,#3252,#3253,#3254,#3255,#3256,#3257)),
 .UNSPECIFIED.,.F.,.F.,.F.,(4,1,1,1,4),(4,2,2,2,1,4),(0.0160352110276945,
0.295668199285954,0.435484693415084,0.715117681673343,0.994750669931602),
(0.0119353965299701,0.25,0.5,0.75,0.874999215542064,0.999998431084127),
 .UNSPECIFIED.);
#34=B_SPLINE_SURFACE_WITH_KNOTS('',3,1,((#3273,#3274),(#3275,#3276),(#3277,
#3278),(#3279,#3280),(#3281,#3282),(#3283,#3284),(#3285,#3286),(#3287,#3288),
(#3289,#3290),(#3291,#3292),(#3293,#3294),(#3295,#3296),(#3297,#3298),(#3299,
#3300),(#3301,#3302),(#3303,#3304),(#3305,#3306),(#3307,#3308),(#3309,#3310),
(#3311,#3312),(#3313,#3314),(#3315,#3316)),.UNSPECIFIED.,.F.,.F.,.F.,(4,
3,3,3,3,3,3,4),(2,2),(-1.,-0.809440706685384,-0.663873669202598,-0.464916165270776,
-0.341436577220347,-0.221984076163993,-0.0857688035579166,0.),(0.,45.45),
 .UNSPECIFIED.);
#35=B_SPLINE_SURFACE_WITH_KNOTS('',3,1,((#3334,#3335),(#3336,#3337),(#3338,
#3339),(#3340,#3341),(#3342,#3343),(#3344,#3345),(#3346,#3347),(#3348,#3349),
(#3350,#3351),(#3352,#3353),(#3354,#3355),(#3356,#3357),(#3358,#3359),(#3360,
#3361),(#3362,#3363),(#3364,#3365),(#3366,#3367),(#3368,#3369),(#3370,#3371),
(#3372,#3373),(#3374,#3375),(#3376,#3377)),.UNSPECIFIED.,.F.,.F.,.F.,(4,
3,3,3,3,3,3,4),(2,2),(0.,0.125561927022117,0.263021508863632,0.380174716331002,
0.561217792734731,0.708476136951655,0.870152692902338,1.),(0.,45.45),
 .UNSPECIFIED.);
#36=B_SPLINE_SURFACE_WITH_KNOTS('',3,3,((#3611,#3612,#3613,#3614,#3615,
#3616,#3617,#3618,#3619,#3620,#3621,#3622,#3623),(#3624,#3625,#3626,#3627,
#3628,#3629,#3630,#3631,#3632,#3633,#3634,#3635,#3636),(#3637,#3638,#3639,
#3640,#3641,#3642,#3643,#3644,#3645,#3646,#3647,#3648,#3649),(#3650,#3651,
#3652,#3653,#3654,#3655,#3656,#3657,#3658,#3659,#3660,#3661,#3662)),
 .UNSPECIFIED.,.F.,.F.,.F.,(4,4),(4,1,1,1,1,1,1,1,1,1,4),(0.,1.),(0.,0.166666666666667,
0.25,0.375,0.5,0.583333333333333,0.75,0.791666666666667,0.833333333333333,
0.916666666666667,1.),.UNSPECIFIED.);
#37=B_SPLINE_SURFACE_WITH_KNOTS('',3,3,((#3691,#3692,#3693,#3694,#3695,
#3696,#3697,#3698,#3699,#3700,#3701,#3702,#3703,#3704,#3705,#3706,#3707,
#3708,#3709,#3710),(#3711,#3712,#3713,#3714,#3715,#3716,#3717,#3718,#3719,
#3720,#3721,#3722,#3723,#3724,#3725,#3726,#3727,#3728,#3729,#3730),(#3731,
#3732,#3733,#3734,#3735,#3736,#3737,#3738,#3739,#3740,#3741,#3742,#3743,
#3744,#3745,#3746,#3747,#3748,#3749,#3750),(#3751,#3752,#3753,#3754,#3755,
#3756,#3757,#3758,#3759,#3760,#3761,#3762,#3763,#3764,#3765,#3766,#3767,
#3768,#3769,#3770),(#3771,#3772,#3773,#3774,#3775,#3776,#3777,#3778,#3779,
#3780,#3781,#3782,#3783,#3784,#3785,#3786,#3787,#3788,#3789,#3790),(#3791,
#3792,#3793,#3794,#3795,#3796,#3797,#3798,#3799,#3800,#3801,#3802,#3803,
#3804,#3805,#3806,#3807,#3808,#3809,#3810),(#3811,#3812,#3813,#3814,#3815,
#3816,#3817,#3818,#3819,#3820,#3821,#3822,#3823,#3824,#3825,#3826,#3827,
#3828,#3829,#3830),(#3831,#3832,#3833,#3834,#3835,#3836,#3837,#3838,#3839,
#3840,#3841,#3842,#3843,#3844,#3845,#3846,#3847,#3848,#3849,#3850),(#3851,
#3852,#3853,#3854,#3855,#3856,#3857,#3858,#3859,#3860,#3861,#3862,#3863,
#3864,#3865,#3866,#3867,#3868,#3869,#3870),(#3871,#3872,#3873,#3874,#3875,
#3876,#3877,#3878,#3879,#3880,#3881,#3882,#3883,#3884,#3885,#3886,#3887,
#3888,#3889,#3890),(#3891,#3892,#3893,#3894,#3895,#3896,#3897,#3898,#3899,
#3900,#3901,#3902,#3903,#3904,#3905,#3906,#3907,#3908,#3909,#3910),(#3911,
#3912,#3913,#3914,#3915,#3916,#3917,#3918,#3919,#3920,#3921,#3922,#3923,
#3924,#3925,#3926,#3927,#3928,#3929,#3930),(#3931,#3932,#3933,#3934,#3935,
#3936,#3937,#3938,#3939,#3940,#3941,#3942,#3943,#3944,#3945,#3946,#3947,
#3948,#3949,#3950),(#3951,#3952,#3953,#3954,#3955,#3956,#3957,#3958,#3959,
#3960,#3961,#3962,#3963,#3964,#3965,#3966,#3967,#3968,#3969,#3970)),
 .UNSPECIFIED.,.F.,.F.,.F.,(4,1,1,1,1,1,1,1,1,1,1,4),(4,1,1,1,1,1,1,1,1,
1,1,1,1,1,1,1,1,4),(0.,0.142857142857143,0.285714285714286,0.357142857142857,
0.428571428571429,0.571428571428571,0.666666666666667,0.714285714285714,
0.785714285714286,0.857142857142857,0.928571428571429,1.),(0.,0.0833333333333333,
0.166666666666667,0.208333333333333,0.25,0.333333333333333,0.416666666666667,
0.5,0.583333333333333,0.666666666666667,0.708333333333333,0.75,0.791666666666667,
0.8125,0.822916666666667,0.833333333333333,0.916666666666667,1.),
 .UNSPECIFIED.);
#38=B_SPLINE_SURFACE_WITH_KNOTS('',3,3,((#3996,#3997,#3998,#3999,#4000,
#4001,#4002,#4003,#4004,#4005,#4006,#4007,#4008,#4009,#4010,#4011,#4012,
#4013,#4014,#4015),(#4016,#4017,#4018,#4019,#4020,#4021,#4022,#4023,#4024,
#4025,#4026,#4027,#4028,#4029,#4030,#4031,#4032,#4033,#4034,#4035),(#4036,
#4037,#4038,#4039,#4040,#4041,#4042,#4043,#4044,#4045,#4046,#4047,#4048,
#4049,#4050,#4051,#4052,#4053,#4054,#4055),(#4056,#4057,#4058,#4059,#4060,
#4061,#4062,#4063,#4064,#4065,#4066,#4067,#4068,#4069,#4070,#4071,#4072,
#4073,#4074,#4075),(#4076,#4077,#4078,#4079,#4080,#4081,#4082,#4083,#4084,
#4085,#4086,#4087,#4088,#4089,#4090,#4091,#4092,#4093,#4094,#4095),(#4096,
#4097,#4098,#4099,#4100,#4101,#4102,#4103,#4104,#4105,#4106,#4107,#4108,
#4109,#4110,#4111,#4112,#4113,#4114,#4115),(#4116,#4117,#4118,#4119,#4120,
#4121,#4122,#4123,#4124,#4125,#4126,#4127,#4128,#4129,#4130,#4131,#4132,
#4133,#4134,#4135),(#4136,#4137,#4138,#4139,#4140,#4141,#4142,#4143,#4144,
#4145,#4146,#4147,#4148,#4149,#4150,#4151,#4152,#4153,#4154,#4155),(#4156,
#4157,#4158,#4159,#4160,#4161,#4162,#4163,#4164,#4165,#4166,#4167,#4168,
#4169,#4170,#4171,#4172,#4173,#4174,#4175),(#4176,#4177,#4178,#4179,#4180,
#4181,#4182,#4183,#4184,#4185,#4186,#4187,#4188,#4189,#4190,#4191,#4192,
#4193,#4194,#4195),(#4196,#4197,#4198,#4199,#4200,#4201,#4202,#4203,#4204,
#4205,#4206,#4207,#4208,#4209,#4210,#4211,#4212,#4213,#4214,#4215),(#4216,
#4217,#4218,#4219,#4220,#4221,#4222,#4223,#4224,#4225,#4226,#4227,#4228,
#4229,#4230,#4231,#4232,#4233,#4234,#4235),(#4236,#4237,#4238,#4239,#4240,
#4241,#4242,#4243,#4244,#4245,#4246,#4247,#4248,#4249,#4250,#4251,#4252,
#4253,#4254,#4255),(#4256,#4257,#4258,#4259,#4260,#4261,#4262,#4263,#4264,
#4265,#4266,#4267,#4268,#4269,#4270,#4271,#4272,#4273,#4274,#4275)),
 .UNSPECIFIED.,.F.,.F.,.F.,(4,1,1,1,1,1,1,1,1,1,1,4),(4,1,1,1,1,1,1,1,1,
1,1,1,1,1,1,1,1,4),(0.,0.0714285714285714,0.142857142857143,0.214285714285714,
0.285714285714286,0.357142857142857,0.428571428571429,0.571428571428571,
0.642857142857143,0.714285714285714,0.857142857142857,1.),(0.,0.0833333333333333,
0.166666666666667,0.208333333333333,0.25,0.333333333333333,0.416666666666667,
0.5,0.583333333333333,0.666666666666667,0.708333333333333,0.75,0.791666666666667,
0.8125,0.822916666666667,0.833333333333333,0.916666666666667,1.),
 .UNSPECIFIED.);
#39=B_SPLINE_SURFACE_WITH_KNOTS('',3,3,((#4283,#4284,#4285,#4286,#4287,
#4288,#4289,#4290,#4291,#4292,#4293,#4294,#4295),(#4296,#4297,#4298,#4299,
#4300,#4301,#4302,#4303,#4304,#4305,#4306,#4307,#4308),(#4309,#4310,#4311,
#4312,#4313,#4314,#4315,#4316,#4317,#4318,#4319,#4320,#4321),(#4322,#4323,
#4324,#4325,#4326,#4327,#4328,#4329,#4330,#4331,#4332,#4333,#4334)),
 .UNSPECIFIED.,.F.,.F.,.F.,(4,4),(4,1,1,1,1,1,1,1,1,1,4),(0.,1.),(0.,0.166666666666667,
0.25,0.375,0.5,0.583333333333333,0.75,0.791666666666667,0.833333333333333,
0.916666666666667,1.),.UNSPECIFIED.);
#40=FACE_OUTER_BOUND('',#64,.T.);
#41=FACE_OUTER_BOUND('',#65,.T.);
#42=FACE_OUTER_BOUND('',#66,.T.);
#43=FACE_OUTER_BOUND('',#67,.T.);
#44=FACE_OUTER_BOUND('',#68,.T.);
#45=FACE_OUTER_BOUND('',#69,.T.);
#46=FACE_OUTER_BOUND('',#70,.T.);
#47=FACE_OUTER_BOUND('',#71,.T.);
#48=FACE_OUTER_BOUND('',#72,.T.);
#49=FACE_OUTER_BOUND('',#73,.T.);
#50=FACE_OUTER_BOUND('',#74,.T.);
#51=FACE_OUTER_BOUND('',#75,.T.);
#52=FACE_OUTER_BOUND('',#76,.T.);
#53=FACE_OUTER_BOUND('',#77,.T.);
#54=FACE_OUTER_BOUND('',#78,.T.);
#55=FACE_OUTER_BOUND('',#79,.T.);
#56=FACE_OUTER_BOUND('',#80,.T.);
#57=FACE_OUTER_BOUND('',#81,.T.);
#58=FACE_OUTER_BOUND('',#82,.T.);
#59=FACE_OUTER_BOUND('',#83,.T.);
#60=FACE_OUTER_BOUND('',#84,.T.);
#61=FACE_OUTER_BOUND('',#85,.T.);
#62=FACE_OUTER_BOUND('',#86,.T.);
#63=FACE_OUTER_BOUND('',#87,.T.);
#64=EDGE_LOOP('',(#241,#242,#243,#244,#245));
#65=EDGE_LOOP('',(#246,#247,#248,#249));
#66=EDGE_LOOP('',(#250,#251,#252,#253,#254));
#67=EDGE_LOOP('',(#255,#256,#257,#258,#259));
#68=EDGE_LOOP('',(#260,#261,#262,#263));
#69=EDGE_LOOP('',(#264,#265,#266,#267,#268));
#70=EDGE_LOOP('',(#269,#270,#271,#272,#273));
#71=EDGE_LOOP('',(#274,#275,#276,#277,#278));
#72=EDGE_LOOP('',(#279,#280,#281,#282,#283));
#73=EDGE_LOOP('',(#284,#285,#286,#287,#288));
#74=EDGE_LOOP('',(#289,#290,#291,#292,#293,#294,#295));
#75=EDGE_LOOP('',(#296,#297,#298,#299));
#76=EDGE_LOOP('',(#300,#301,#302,#303,#304));
#77=EDGE_LOOP('',(#305,#306,#307,#308,#309));
#78=EDGE_LOOP('',(#310,#311,#312,#313));
#79=EDGE_LOOP('',(#314,#315,#316));
#80=EDGE_LOOP('',(#317,#318,#319,#320));
#81=EDGE_LOOP('',(#321,#322,#323,#324));
#82=EDGE_LOOP('',(#325,#326,#327));
#83=EDGE_LOOP('',(#328,#329,#330,#331,#332));
#84=EDGE_LOOP('',(#333,#334,#335,#336));
#85=EDGE_LOOP('',(#337,#338,#339,#340));
#86=EDGE_LOOP('',(#341,#342,#343,#344));
#87=EDGE_LOOP('',(#345,#346,#347,#348));
#88=LINE('',#495,#110);
#89=LINE('',#497,#111);
#90=LINE('',#498,#112);
#91=LINE('',#3266,#113);
#92=LINE('',#3408,#114);
#93=LINE('',#3413,#115);
#94=LINE('',#3457,#116);
#95=LINE('',#3459,#117);
#96=LINE('',#3461,#118);
#97=LINE('',#3462,#119);
#98=LINE('',#3465,#120);
#99=LINE('',#3467,#121);
#100=LINE('',#3468,#122);
#101=LINE('',#3510,#123);
#102=LINE('',#3579,#124);
#103=LINE('',#3609,#125);
#104=LINE('',#3610,#126);
#105=LINE('',#4378,#127);
#106=LINE('',#4380,#128);
#107=LINE('',#4441,#129);
#108=LINE('',#4442,#130);
#109=LINE('',#4445,#131);
#110=VECTOR('',#413,10.);
#111=VECTOR('',#414,10.);
#112=VECTOR('',#415,10.);
#113=VECTOR('',#418,10.);
#114=VECTOR('',#421,10.);
#115=VECTOR('',#426,10.);
#116=VECTOR('',#427,10.);
#117=VECTOR('',#428,10.);
#118=VECTOR('',#429,10.);
#119=VECTOR('',#430,10.);
#120=VECTOR('',#433,10.);
#121=VECTOR('',#434,10.);
#122=VECTOR('',#435,10.);
#123=VECTOR('',#436,10.);
#124=VECTOR('',#437,10.);
#125=VECTOR('',#440,10.);
#126=VECTOR('',#441,10.);
#127=VECTOR('',#444,10.);
#128=VECTOR('',#445,10.);
#129=VECTOR('',#446,10.);
#130=VECTOR('',#447,10.);
#131=VECTOR('',#452,10.);
#132=B_SPLINE_CURVE_WITH_KNOTS('',3,(#457,#458,#459,#460,#461,#462,#463,
#464,#465,#466,#467,#468,#469,#470,#471,#472),.UNSPECIFIED.,.F.,.F.,(4,
2,2,2,2,2,2,4),(4.15121421763135E-5,5.28788404654387,10.2683046367695,17.2026253693158,
17.8576106259596,18.2569900508018,18.6180371202578,18.7123591643834),
 .UNSPECIFIED.);
#133=B_SPLINE_CURVE_WITH_KNOTS('',3,(#474,#475,#476,#477,#478,#479,#480,
#481,#482,#483,#484,#485,#486,#487,#488,#489,#490,#491,#492,#493),
 .UNSPECIFIED.,.F.,.F.,(4,2,2,2,2,2,2,2,2,4),(0.207565105740303,0.281368462286997,
0.454000002022703,0.967907039861092,1.53711403745262,2.83466801695026,5.52838674023244,
17.0251951427271,24.5201300068357,32.2109655558516),.UNSPECIFIED.);
#134=B_SPLINE_CURVE_WITH_KNOTS('',3,(#577,#578,#579,#580,#581,#582),
 .UNSPECIFIED.,.F.,.F.,(4,2,4),(0.16012151001024,4.95680371183848,9.88425303563452),
 .UNSPECIFIED.);
#135=B_SPLINE_CURVE_WITH_KNOTS('',3,(#584,#585,#586,#587,#588,#589,#590,
#591,#592,#593,#594,#595,#596,#597,#598,#599,#600,#601,#602,#603,#604,#605,
#606,#607,#608,#609,#610,#611),.UNSPECIFIED.,.F.,.F.,(4,2,2,2,2,2,2,2,2,
2,2,2,2,4),(-17.7749248259608,-17.6349615184982,-17.4711567410693,-17.3041764053821,
-17.1381679219768,-16.8668801218466,-14.9618099200578,-13.0878484927131,
-10.4006832157951,-7.11103792068807,-5.42976568565558,-4.67626242692115,
-3.21037420647112,-0.0105722024755543),.UNSPECIFIED.);
#136=B_SPLINE_CURVE_WITH_KNOTS('',3,(#612,#613,#614,#615,#616,#617,#618,
#619,#620,#621,#622,#623,#624,#625,#626,#627),.UNSPECIFIED.,.F.,.F.,(4,
3,3,3,3,4),(0.0476255988896457,0.0622955553582991,0.0783317952019204,0.0815658849343809,
0.0937555210719328,0.11001057165002),.UNSPECIFIED.);
#137=B_SPLINE_CURVE_WITH_KNOTS('',3,(#1834,#1835,#1836,#1837,#1838,#1839),
 .UNSPECIFIED.,.F.,.F.,(4,2,4),(-0.00895766309214506,0.,0.691004649597954),
 .UNSPECIFIED.);
#138=B_SPLINE_CURVE_WITH_KNOTS('',3,(#1840,#1841,#1842,#1843,#1844,#1845,
#1846,#1847,#1848,#1849,#1850,#1851,#1852,#1853,#1854,#1855,#1856,#1857,
#1858,#1859,#1860,#1861,#1862,#1863,#1864,#1865,#1866,#1867,#1868,#1869,
#1870,#1871,#1872,#1873,#1874,#1875,#1876,#1877,#1878,#1879,#1880,#1881,
#1882,#1883,#1884,#1885,#1886,#1887,#1888,#1889,#1890,#1891,#1892,#1893,
#1894,#1895,#1896,#1897,#1898,#1899,#1900,#1901,#1902,#1903,#1904,#1905,
#1906),.UNSPECIFIED.,.F.,.F.,(4,3,3,3,3,3,3,3,3,3,3,3,3,3,3,3,3,3,3,3,3,
3,4),(0.0145025545977356,0.0423283161037996,0.0666261221552877,0.347912543001975,
0.821443635114579,1.28598715533874,1.79535129098583,2.1649074235488,2.48948012281304,
3.95747863685675,4.34396532217302,5.09370198325849,5.43908967446633,5.62488222025702,
5.84343864434396,6.21957582238141,6.40277341616361,6.94482384488417,7.19460442439609,
7.30549619319759,7.43520773344992,7.48687427360474,7.48903947786013),
 .UNSPECIFIED.);
#139=B_SPLINE_CURVE_WITH_KNOTS('',3,(#1908,#1909,#1910,#1911),
 .UNSPECIFIED.,.F.,.F.,(4,4),(-0.278464698894958,-0.248525221728775),
 .UNSPECIFIED.);
#140=B_SPLINE_CURVE_WITH_KNOTS('',3,(#1912,#1913,#1914,#1915,#1916,#1917,
#1918,#1919,#1920,#1921,#1922,#1923),.UNSPECIFIED.,.F.,.F.,(4,2,2,2,2,4),
(-14.7014391226312,-12.3700203462942,-8.96735779609603,-4.08773400275071,
0.,0.0119269755291727),.UNSPECIFIED.);
#141=B_SPLINE_CURVE_WITH_KNOTS('',3,(#3129,#3130,#3131,#3132,#3133,#3134),
 .UNSPECIFIED.,.F.,.F.,(4,2,4),(0.312284243484013,1.00296964529223,1.01192317012865),
 .UNSPECIFIED.);
#142=B_SPLINE_CURVE_WITH_KNOTS('',3,(#3136,#3137,#3138,#3139,#3140,#3141,
#3142,#3143,#3144,#3145,#3146,#3147),.UNSPECIFIED.,.F.,.F.,(4,2,2,2,2,4),
(-22.9065999135866,-22.8881544328803,-16.5663325310438,-9.01982626536007,
-3.75749143326505,-0.151871994410779),.UNSPECIFIED.);
#143=B_SPLINE_CURVE_WITH_KNOTS('',3,(#3149,#3150,#3151,#3152),
 .UNSPECIFIED.,.F.,.F.,(4,4),(1.2771394433926,1.32673885122959),
 .UNSPECIFIED.);
#144=B_SPLINE_CURVE_WITH_KNOTS('',3,(#3153,#3154,#3155,#3156,#3157,#3158,
#3159,#3160,#3161,#3162,#3163,#3164,#3165,#3166,#3167,#3168,#3169,#3170,
#3171,#3172,#3173,#3174,#3175,#3176,#3177,#3178,#3179,#3180),
 .UNSPECIFIED.,.F.,.F.,(4,2,2,2,2,2,2,2,2,2,2,2,2,4),(0.140250514423408,
0.258144359544125,0.329859767130963,0.382941621557424,0.519854976346059,
0.64337350677294,0.865741148326271,1.26532039614702,3.02928527013718,5.78207017549677,
7.38481660826756,8.55990578255291,8.9803601257233,11.8733513180902),
 .UNSPECIFIED.);
#145=B_SPLINE_CURVE_WITH_KNOTS('',3,(#3258,#3259,#3260,#3261,#3262,#3263),
 .UNSPECIFIED.,.F.,.F.,(4,2,4),(0.00607728250992848,4.92665562289326,9.71663059183252),
 .UNSPECIFIED.);
#146=B_SPLINE_CURVE_WITH_KNOTS('',3,(#3267,#3268,#3269,#3270,#3271,#3272),
 .UNSPECIFIED.,.F.,.F.,(4,2,4),(-44.9595404303589,-22.725,-0.59999999999998),
 .UNSPECIFIED.);
#147=B_SPLINE_CURVE_WITH_KNOTS('',3,(#3318,#3319,#3320,#3321,#3322,#3323,
#3324,#3325,#3326,#3327),.UNSPECIFIED.,.F.,.F.,(4,2,2,2,4),(0.310952978186359,
4.36493261242807,10.9177418009706,14.1915057485256,15.9931390998744),
 .UNSPECIFIED.);
#148=B_SPLINE_CURVE_WITH_KNOTS('',3,(#3328,#3329,#3330,#3331,#3332,#3333),
 .UNSPECIFIED.,.F.,.F.,(4,2,4),(0.443367360097617,22.725,44.85),
 .UNSPECIFIED.);
#149=B_SPLINE_CURVE_WITH_KNOTS('',3,(#3379,#3380,#3381,#3382,#3383,#3384,
#3385,#3386,#3387,#3388,#3389,#3390,#3391,#3392,#3393,#3394,#3395,#3396,
#3397,#3398,#3399,#3400),.UNSPECIFIED.,.F.,.F.,(4,3,3,3,3,3,3,4),(0.151857351555639,
2.94179591980471,6.31413581827764,9.188292937654,13.6298806517975,17.2426167225238,
21.2090793945025,23.7879344348175),.UNSPECIFIED.);
#150=B_SPLINE_CURVE_WITH_KNOTS('',3,(#3401,#3402,#3403,#3404,#3405,#3406),
 .UNSPECIFIED.,.F.,.F.,(4,2,4),(0.490459569641103,22.725,44.85),
 .UNSPECIFIED.);
#151=B_SPLINE_CURVE_WITH_KNOTS('',3,(#3684,#3685,#3686,#3687,#3688,#3689,
#3690),.UNSPECIFIED.,.F.,.F.,(4,1,1,1,4),(0.,0.25,0.5,0.75,1.),
 .UNSPECIFIED.);
#152=B_SPLINE_CURVE_WITH_KNOTS('',3,(#4276,#4277,#4278,#4279,#4280,#4281,
#4282),.UNSPECIFIED.,.F.,.F.,(4,1,1,1,4),(0.,0.25,0.5,0.75,1.),
 .UNSPECIFIED.);
#153=VERTEX_POINT('',#455);
#154=VERTEX_POINT('',#456);
#155=VERTEX_POINT('',#473);
#156=VERTEX_POINT('',#494);
#157=VERTEX_POINT('',#496);
#158=VERTEX_POINT('',#576);
#159=VERTEX_POINT('',#583);
#160=VERTEX_POINT('',#1832);
#161=VERTEX_POINT('',#1833);
#162=VERTEX_POINT('',#1907);
#163=VERTEX_POINT('',#3128);
#164=VERTEX_POINT('',#3135);
#165=VERTEX_POINT('',#3148);
#166=VERTEX_POINT('',#3265);
#167=VERTEX_POINT('',#3317);
#168=VERTEX_POINT('',#3378);
#169=VERTEX_POINT('',#3411);
#170=VERTEX_POINT('',#3412);
#171=VERTEX_POINT('',#3414);
#172=VERTEX_POINT('',#3435);
#173=VERTEX_POINT('',#3456);
#174=VERTEX_POINT('',#3458);
#175=VERTEX_POINT('',#3460);
#176=VERTEX_POINT('',#3464);
#177=VERTEX_POINT('',#3466);
#178=VERTEX_POINT('',#3509);
#179=VERTEX_POINT('',#3511);
#180=VERTEX_POINT('',#3578);
#181=VERTEX_POINT('',#3580);
#182=VERTEX_POINT('',#3608);
#183=VERTEX_POINT('',#3663);
#184=VERTEX_POINT('',#4356);
#185=VERTEX_POINT('',#4357);
#186=VERTEX_POINT('',#4379);
#187=EDGE_CURVE('',#153,#154,#132,.T.);
#188=EDGE_CURVE('',#154,#155,#133,.T.);
#189=EDGE_CURVE('',#155,#156,#88,.T.);
#190=EDGE_CURVE('',#156,#157,#89,.T.);
#191=EDGE_CURVE('',#157,#153,#90,.T.);
#192=EDGE_CURVE('',#158,#153,#134,.T.);
#193=EDGE_CURVE('',#159,#158,#135,.T.);
#194=EDGE_CURVE('',#154,#159,#136,.T.);
#195=EDGE_CURVE('',#160,#161,#137,.F.);
#196=EDGE_CURVE('',#159,#160,#138,.T.);
#197=EDGE_CURVE('',#158,#162,#139,.T.);
#198=EDGE_CURVE('',#161,#162,#140,.F.);
#199=EDGE_CURVE('',#163,#160,#141,.F.);
#200=EDGE_CURVE('',#164,#163,#142,.F.);
#201=EDGE_CURVE('',#165,#164,#143,.T.);
#202=EDGE_CURVE('',#159,#165,#144,.T.);
#203=EDGE_CURVE('',#155,#165,#145,.T.);
#204=EDGE_CURVE('',#157,#166,#91,.T.);
#205=EDGE_CURVE('',#166,#162,#146,.F.);
#206=EDGE_CURVE('',#166,#167,#147,.F.);
#207=EDGE_CURVE('',#167,#160,#148,.F.);
#208=EDGE_CURVE('',#168,#167,#149,.T.);
#209=EDGE_CURVE('',#168,#164,#150,.F.);
#210=EDGE_CURVE('',#156,#168,#92,.F.);
#211=EDGE_CURVE('',#169,#170,#93,.T.);
#212=EDGE_CURVE('',#170,#171,#18,.T.);
#213=EDGE_CURVE('',#172,#171,#19,.T.);
#214=EDGE_CURVE('',#173,#172,#94,.T.);
#215=EDGE_CURVE('',#173,#174,#95,.T.);
#216=EDGE_CURVE('',#175,#174,#96,.T.);
#217=EDGE_CURVE('',#169,#175,#97,.T.);
#218=EDGE_CURVE('',#172,#176,#98,.T.);
#219=EDGE_CURVE('',#177,#176,#99,.T.);
#220=EDGE_CURVE('',#173,#177,#100,.T.);
#221=EDGE_CURVE('',#171,#178,#101,.T.);
#222=EDGE_CURVE('',#179,#178,#20,.T.);
#223=EDGE_CURVE('',#176,#179,#21,.T.);
#224=EDGE_CURVE('',#170,#180,#102,.T.);
#225=EDGE_CURVE('',#181,#180,#22,.T.);
#226=EDGE_CURVE('',#178,#181,#23,.T.);
#227=EDGE_CURVE('',#169,#182,#103,.T.);
#228=EDGE_CURVE('',#180,#182,#104,.T.);
#229=EDGE_CURVE('',#183,#177,#24,.T.);
#230=EDGE_CURVE('',#183,#176,#151,.T.);
#231=EDGE_CURVE('',#183,#178,#25,.T.);
#232=EDGE_CURVE('',#183,#180,#152,.T.);
#233=EDGE_CURVE('',#183,#182,#26,.T.);
#234=EDGE_CURVE('',#184,#185,#27,.T.);
#235=EDGE_CURVE('',#185,#175,#105,.T.);
#236=EDGE_CURVE('',#174,#186,#106,.T.);
#237=EDGE_CURVE('',#186,#184,#28,.T.);
#238=EDGE_CURVE('',#182,#185,#107,.T.);
#239=EDGE_CURVE('',#183,#184,#108,.T.);
#240=EDGE_CURVE('',#177,#186,#109,.T.);
#241=ORIENTED_EDGE('',*,*,#187,.T.);
#242=ORIENTED_EDGE('',*,*,#188,.T.);
#243=ORIENTED_EDGE('',*,*,#189,.T.);
#244=ORIENTED_EDGE('',*,*,#190,.T.);
#245=ORIENTED_EDGE('',*,*,#191,.T.);
#246=ORIENTED_EDGE('',*,*,#187,.F.);
#247=ORIENTED_EDGE('',*,*,#192,.F.);
#248=ORIENTED_EDGE('',*,*,#193,.F.);
#249=ORIENTED_EDGE('',*,*,#194,.F.);
#250=ORIENTED_EDGE('',*,*,#195,.F.);
#251=ORIENTED_EDGE('',*,*,#196,.F.);
#252=ORIENTED_EDGE('',*,*,#193,.T.);
#253=ORIENTED_EDGE('',*,*,#197,.T.);
#254=ORIENTED_EDGE('',*,*,#198,.F.);
#255=ORIENTED_EDGE('',*,*,#199,.F.);
#256=ORIENTED_EDGE('',*,*,#200,.F.);
#257=ORIENTED_EDGE('',*,*,#201,.F.);
#258=ORIENTED_EDGE('',*,*,#202,.F.);
#259=ORIENTED_EDGE('',*,*,#196,.T.);
#260=ORIENTED_EDGE('',*,*,#203,.F.);
#261=ORIENTED_EDGE('',*,*,#188,.F.);
#262=ORIENTED_EDGE('',*,*,#194,.T.);
#263=ORIENTED_EDGE('',*,*,#202,.T.);
#264=ORIENTED_EDGE('',*,*,#204,.T.);
#265=ORIENTED_EDGE('',*,*,#205,.T.);
#266=ORIENTED_EDGE('',*,*,#197,.F.);
#267=ORIENTED_EDGE('',*,*,#192,.T.);
#268=ORIENTED_EDGE('',*,*,#191,.F.);
#269=ORIENTED_EDGE('',*,*,#206,.T.);
#270=ORIENTED_EDGE('',*,*,#207,.T.);
#271=ORIENTED_EDGE('',*,*,#195,.T.);
#272=ORIENTED_EDGE('',*,*,#198,.T.);
#273=ORIENTED_EDGE('',*,*,#205,.F.);
#274=ORIENTED_EDGE('',*,*,#208,.F.);
#275=ORIENTED_EDGE('',*,*,#209,.T.);
#276=ORIENTED_EDGE('',*,*,#200,.T.);
#277=ORIENTED_EDGE('',*,*,#199,.T.);
#278=ORIENTED_EDGE('',*,*,#207,.F.);
#279=ORIENTED_EDGE('',*,*,#210,.F.);
#280=ORIENTED_EDGE('',*,*,#189,.F.);
#281=ORIENTED_EDGE('',*,*,#203,.T.);
#282=ORIENTED_EDGE('',*,*,#201,.T.);
#283=ORIENTED_EDGE('',*,*,#209,.F.);
#284=ORIENTED_EDGE('',*,*,#190,.F.);
#285=ORIENTED_EDGE('',*,*,#210,.T.);
#286=ORIENTED_EDGE('',*,*,#208,.T.);
#287=ORIENTED_EDGE('',*,*,#206,.F.);
#288=ORIENTED_EDGE('',*,*,#204,.F.);
#289=ORIENTED_EDGE('',*,*,#211,.T.);
#290=ORIENTED_EDGE('',*,*,#212,.T.);
#291=ORIENTED_EDGE('',*,*,#213,.F.);
#292=ORIENTED_EDGE('',*,*,#214,.F.);
#293=ORIENTED_EDGE('',*,*,#215,.T.);
#294=ORIENTED_EDGE('',*,*,#216,.F.);
#295=ORIENTED_EDGE('',*,*,#217,.F.);
#296=ORIENTED_EDGE('',*,*,#214,.T.);
#297=ORIENTED_EDGE('',*,*,#218,.T.);
#298=ORIENTED_EDGE('',*,*,#219,.F.);
#299=ORIENTED_EDGE('',*,*,#220,.F.);
#300=ORIENTED_EDGE('',*,*,#213,.T.);
#301=ORIENTED_EDGE('',*,*,#221,.T.);
#302=ORIENTED_EDGE('',*,*,#222,.F.);
#303=ORIENTED_EDGE('',*,*,#223,.F.);
#304=ORIENTED_EDGE('',*,*,#218,.F.);
#305=ORIENTED_EDGE('',*,*,#212,.F.);
#306=ORIENTED_EDGE('',*,*,#224,.T.);
#307=ORIENTED_EDGE('',*,*,#225,.F.);
#308=ORIENTED_EDGE('',*,*,#226,.F.);
#309=ORIENTED_EDGE('',*,*,#221,.F.);
#310=ORIENTED_EDGE('',*,*,#211,.F.);
#311=ORIENTED_EDGE('',*,*,#227,.T.);
#312=ORIENTED_EDGE('',*,*,#228,.F.);
#313=ORIENTED_EDGE('',*,*,#224,.F.);
#314=ORIENTED_EDGE('',*,*,#229,.T.);
#315=ORIENTED_EDGE('',*,*,#219,.T.);
#316=ORIENTED_EDGE('',*,*,#230,.F.);
#317=ORIENTED_EDGE('',*,*,#230,.T.);
#318=ORIENTED_EDGE('',*,*,#223,.T.);
#319=ORIENTED_EDGE('',*,*,#222,.T.);
#320=ORIENTED_EDGE('',*,*,#231,.F.);
#321=ORIENTED_EDGE('',*,*,#231,.T.);
#322=ORIENTED_EDGE('',*,*,#226,.T.);
#323=ORIENTED_EDGE('',*,*,#225,.T.);
#324=ORIENTED_EDGE('',*,*,#232,.F.);
#325=ORIENTED_EDGE('',*,*,#232,.T.);
#326=ORIENTED_EDGE('',*,*,#228,.T.);
#327=ORIENTED_EDGE('',*,*,#233,.F.);
#328=ORIENTED_EDGE('',*,*,#234,.T.);
#329=ORIENTED_EDGE('',*,*,#235,.T.);
#330=ORIENTED_EDGE('',*,*,#216,.T.);
#331=ORIENTED_EDGE('',*,*,#236,.T.);
#332=ORIENTED_EDGE('',*,*,#237,.T.);
#333=ORIENTED_EDGE('',*,*,#233,.T.);
#334=ORIENTED_EDGE('',*,*,#238,.T.);
#335=ORIENTED_EDGE('',*,*,#234,.F.);
#336=ORIENTED_EDGE('',*,*,#239,.F.);
#337=ORIENTED_EDGE('',*,*,#227,.F.);
#338=ORIENTED_EDGE('',*,*,#217,.T.);
#339=ORIENTED_EDGE('',*,*,#235,.F.);
#340=ORIENTED_EDGE('',*,*,#238,.F.);
#341=ORIENTED_EDGE('',*,*,#220,.T.);
#342=ORIENTED_EDGE('',*,*,#240,.T.);
#343=ORIENTED_EDGE('',*,*,#236,.F.);
#344=ORIENTED_EDGE('',*,*,#215,.F.);
#345=ORIENTED_EDGE('',*,*,#229,.F.);
#346=ORIENTED_EDGE('',*,*,#239,.T.);
#347=ORIENTED_EDGE('',*,*,#237,.F.);
#348=ORIENTED_EDGE('',*,*,#240,.F.);
#349=PLANE('',#399);
#350=PLANE('',#400);
#351=PLANE('',#401);
#352=PLANE('',#402);
#353=PLANE('',#403);
#354=PLANE('',#404);
#355=PLANE('',#405);
#356=PLANE('',#406);
#357=PLANE('',#407);
#358=PLANE('',#408);
#359=ADVANCED_FACE('',(#40),#349,.F.);
#360=ADVANCED_FACE('',(#41),#30,.F.);
#361=ADVANCED_FACE('',(#42),#31,.F.);
#362=ADVANCED_FACE('',(#43),#32,.F.);
#363=ADVANCED_FACE('',(#44),#33,.F.);
#364=ADVANCED_FACE('',(#45),#350,.F.);
#365=ADVANCED_FACE('',(#46),#34,.F.);
#366=ADVANCED_FACE('',(#47),#35,.F.);
#367=ADVANCED_FACE('',(#48),#351,.F.);
#368=ADVANCED_FACE('',(#49),#352,.T.);
#369=ADVANCED_FACE('',(#50),#353,.F.);
#370=ADVANCED_FACE('',(#51),#354,.T.);
#371=ADVANCED_FACE('',(#52),#14,.T.);
#372=ADVANCED_FACE('',(#53),#15,.T.);
#373=ADVANCED_FACE('',(#54),#355,.T.);
#374=ADVANCED_FACE('',(#55),#36,.T.);
#375=ADVANCED_FACE('',(#56),#37,.T.);
#376=ADVANCED_FACE('',(#57),#38,.T.);
#377=ADVANCED_FACE('',(#58),#39,.T.);
#378=ADVANCED_FACE('',(#59),#356,.T.);
#379=ADVANCED_FACE('',(#60),#16,.T.);
#380=ADVANCED_FACE('',(#61),#357,.T.);
#381=ADVANCED_FACE('',(#62),#358,.T.);
#382=ADVANCED_FACE('',(#63),#17,.T.);
#383=CLOSED_SHELL('',(#359,#360,#361,#362,#363,#364,#365,#366,#367,#368));
#384=CLOSED_SHELL('',(#369,#370,#371,#372,#373,#374,#375,#376,#377,#378,
#379,#380,#381,#382));
#385=BREP_WITH_VOIDS('\X2\5B9E4F53\X0\1',#384,(#29));
#386=DERIVED_UNIT_ELEMENT(#388,1.);
#387=DERIVED_UNIT_ELEMENT(#4491,-3.);
#388=(
MASS_UNIT()
NAMED_UNIT(*)
SI_UNIT(.KILO.,.GRAM.)
);
#389=DERIVED_UNIT((#386,#387));
#390=MEASURE_REPRESENTATION_ITEM('density measure',
POSITIVE_RATIO_MEASURE(7850.),#389);
#391=PROPERTY_DEFINITION_REPRESENTATION(#396,#393);
#392=PROPERTY_DEFINITION_REPRESENTATION(#397,#394);
#393=REPRESENTATION('material name',(#395),#4488);
#394=REPRESENTATION('density',(#390),#4488);
#395=DESCRIPTIVE_REPRESENTATION_ITEM('\X2\94A2\X0\','\X2\94A2\X0\');
#396=PROPERTY_DEFINITION('material property','material name',#4498);
#397=PROPERTY_DEFINITION('material property','density of part',#4498);
#398=AXIS2_PLACEMENT_3D('',#453,#409,#410);
#399=AXIS2_PLACEMENT_3D('',#454,#411,#412);
#400=AXIS2_PLACEMENT_3D('',#3264,#416,#417);
#401=AXIS2_PLACEMENT_3D('',#3407,#419,#420);
#402=AXIS2_PLACEMENT_3D('',#3409,#422,#423);
#403=AXIS2_PLACEMENT_3D('',#3410,#424,#425);
#404=AXIS2_PLACEMENT_3D('',#3463,#431,#432);
#405=AXIS2_PLACEMENT_3D('',#3607,#438,#439);
#406=AXIS2_PLACEMENT_3D('',#4355,#442,#443);
#407=AXIS2_PLACEMENT_3D('',#4443,#448,#449);
#408=AXIS2_PLACEMENT_3D('',#4444,#450,#451);
#409=DIRECTION('axis',(0.,0.,1.));
#410=DIRECTION('refdir',(1.,0.,0.));
#411=DIRECTION('center_axis',(0.,0.,1.));
#412=DIRECTION('ref_axis',(2.22044604925031E-16,-1.,0.));
#413=DIRECTION('',(1.,2.22044604925031E-16,0.));
#414=DIRECTION('',(2.22044604925031E-16,-1.,0.));
#415=DIRECTION('',(-1.,-2.22044604925031E-16,0.));
#416=DIRECTION('center_axis',(2.21199658166192E-16,-0.996194698091746,-0.0871557427476578));
#417=DIRECTION('ref_axis',(1.93524624653513E-17,-0.0871557427476578,0.996194698091746));
#418=DIRECTION('',(-1.93524624653513E-17,0.0871557427476578,-0.996194698091746));
#419=DIRECTION('center_axis',(-2.21199658166192E-16,0.996194698091746,-0.0871557427476578));
#420=DIRECTION('ref_axis',(1.93524624653513E-17,-0.0871557427476578,-0.996194698091746));
#421=DIRECTION('',(-1.93524624653513E-17,0.0871557427476578,0.996194698091746));
#422=DIRECTION('center_axis',(-1.,-2.22044604925031E-16,0.));
#423=DIRECTION('ref_axis',(-2.22044604925031E-16,1.,0.));
#424=DIRECTION('center_axis',(-1.,-2.22044604925031E-16,0.));
#425=DIRECTION('ref_axis',(-2.22044604925031E-16,1.,0.));
#426=DIRECTION('',(-1.93524624653513E-17,0.0871557427476578,-0.996194698091746));
#427=DIRECTION('',(1.93524624653513E-17,-0.0871557427476578,-0.996194698091746));
#428=DIRECTION('',(0.,0.,1.));
#429=DIRECTION('',(-2.22044604925031E-16,1.,0.));
#430=DIRECTION('',(0.,0.,1.));
#431=DIRECTION('center_axis',(-2.21199658166192E-16,0.996194698091746,-0.0871557427476578));
#432=DIRECTION('ref_axis',(1.93524624653513E-17,-0.0871557427476578,-0.996194698091746));
#433=DIRECTION('',(-1.,-2.22044604925031E-16,0.));
#434=DIRECTION('',(1.93524624653513E-17,-0.0871557427476578,-0.996194698091746));
#435=DIRECTION('',(-1.,-2.22044604925031E-16,0.));
#436=DIRECTION('',(-1.,-2.22044604925031E-16,0.));
#437=DIRECTION('',(-1.,-2.22044604925031E-16,0.));
#438=DIRECTION('center_axis',(2.21199658166192E-16,-0.996194698091746,-0.0871557427476578));
#439=DIRECTION('ref_axis',(1.93524624653513E-17,-0.0871557427476578,0.996194698091746));
#440=DIRECTION('',(-1.,-2.22044604925031E-16,0.));
#441=DIRECTION('',(1.93524624653513E-17,-0.0871557427476578,0.996194698091746));
#442=DIRECTION('center_axis',(0.,0.,1.));
#443=DIRECTION('ref_axis',(2.22044604925031E-16,-1.,0.));
#444=DIRECTION('',(1.,2.22044604925031E-16,0.));
#445=DIRECTION('',(-1.,-2.22044604925031E-16,0.));
#446=DIRECTION('',(0.,0.,1.));
#447=DIRECTION('',(0.,0.,1.));
#448=DIRECTION('center_axis',(2.22044604925031E-16,-1.,0.));
#449=DIRECTION('ref_axis',(1.,2.22044604925031E-16,0.));
#450=DIRECTION('center_axis',(-2.22044604925031E-16,1.,0.));
#451=DIRECTION('ref_axis',(-1.,-2.22044604925031E-16,0.));
#452=DIRECTION('',(0.,0.,1.));
#453=CARTESIAN_POINT('',(0.,0.,0.));
#454=CARTESIAN_POINT('Origin',(-475.002317260521,150.002317260521,50.));
#455=CARTESIAN_POINT('',(-600.001894815133,6.02523628578076,50.));
#456=CARTESIAN_POINT('',(-793.272633152842,150.002317260521,50.0000000000003));
#457=CARTESIAN_POINT('Ctrl Pts',(-600.001894815133,6.02523628578077,50.));
#458=CARTESIAN_POINT('Ctrl Pts',(-617.628083097336,6.02774978009524,50.));
#459=CARTESIAN_POINT('Ctrl Pts',(-638.226949014869,8.78500701449306,50.));
#460=CARTESIAN_POINT('Ctrl Pts',(-683.213787655098,26.9371513151095,50.));
#461=CARTESIAN_POINT('Ctrl Pts',(-703.488989624191,40.0525910257464,49.9999999997301));
#462=CARTESIAN_POINT('Ctrl Pts',(-746.18525374609,76.8688742727623,49.9999999997301));
#463=CARTESIAN_POINT('Ctrl Pts',(-766.59397330121,102.96493727232,50.0000000000001));
#464=CARTESIAN_POINT('Ctrl Pts',(-784.618625867481,133.903234176295,50.0000000000001));
#465=CARTESIAN_POINT('Ctrl Pts',(-786.140018104378,136.594330658126,49.9999999999936));
#466=CARTESIAN_POINT('Ctrl Pts',(-788.533194926454,140.955170080679,49.9999999999936));
#467=CARTESIAN_POINT('Ctrl Pts',(-789.427149438177,142.614315487952,50.0000000000172));
#468=CARTESIAN_POINT('Ctrl Pts',(-791.104740261077,145.785345637926,50.0000000000172));
#469=CARTESIAN_POINT('Ctrl Pts',(-791.892350450241,147.299186883267,50.0000000000001));
#470=CARTESIAN_POINT('Ctrl Pts',(-792.869564807108,149.209222566812,50.0000000000001));
#471=CARTESIAN_POINT('Ctrl Pts',(-793.071818921007,149.606293501948,50.0000000000001));
#472=CARTESIAN_POINT('Ctrl Pts',(-793.272633152842,150.002317260521,50.0000000000001));
#473=CARTESIAN_POINT('',(-600.001894814859,293.979398235261,50.0000000000001));
#474=CARTESIAN_POINT('Ctrl Pts',(-793.272633152842,150.00231726052,49.9999999999999));
#475=CARTESIAN_POINT('Ctrl Pts',(-793.153585848458,150.237089270946,49.9999999999999));
#476=CARTESIAN_POINT('Ctrl Pts',(-793.034074032321,150.47214699786,50.0000000000671));
#477=CARTESIAN_POINT('Ctrl Pts',(-792.635402304321,151.25420240254,50.0000000000671));
#478=CARTESIAN_POINT('Ctrl Pts',(-792.354455193013,151.80195582358,49.9999999999998));
#479=CARTESIAN_POINT('Ctrl Pts',(-791.232549370596,153.976062897084,49.9999999999998));
#480=CARTESIAN_POINT('Ctrl Pts',(-790.379737440454,155.599327483401,49.9999999999999));
#481=CARTESIAN_POINT('Ctrl Pts',(-788.558502687774,159.004319424139,49.9999999999999));
#482=CARTESIAN_POINT('Ctrl Pts',(-787.58649486016,160.786229288395,50.));
#483=CARTESIAN_POINT('Ctrl Pts',(-784.350732965931,166.602111015152,50.));
#484=CARTESIAN_POINT('Ctrl Pts',(-782.023203423105,170.604485564204,50.));
#485=CARTESIAN_POINT('Ctrl Pts',(-774.626550013157,182.761364948114,50.));
#486=CARTESIAN_POINT('Ctrl Pts',(-769.286682684596,190.775294936861,50.));
#487=CARTESIAN_POINT('Ctrl Pts',(-739.313234579941,231.554944325909,50.));
#488=CARTESIAN_POINT('Ctrl Pts',(-713.778676297972,252.551772305303,50.));
#489=CARTESIAN_POINT('Ctrl Pts',(-679.013236103836,274.372110747662,50.));
#490=CARTESIAN_POINT('Ctrl Pts',(-664.267989933611,281.506032238081,50.0000000000011));
#491=CARTESIAN_POINT('Ctrl Pts',(-632.89172399174,291.448035407937,50.0000000000011));
#492=CARTESIAN_POINT('Ctrl Pts',(-616.759890023478,293.977008545299,50.));
#493=CARTESIAN_POINT('Ctrl Pts',(-600.001894814859,293.979398235261,50.));
#494=CARTESIAN_POINT('',(-156.002317260521,293.979398235261,50.));
#495=CARTESIAN_POINT('',(-150.002317260521,293.979398235261,50.));
#496=CARTESIAN_POINT('',(-156.002317260521,6.02523628578087,50.));
#497=CARTESIAN_POINT('',(-156.002317260521,75.0023172605208,50.));
#498=CARTESIAN_POINT('',(-150.002317260521,6.02523628578085,50.));
#499=CARTESIAN_POINT('Ctrl Pts',(-793.203005378166,149.782929637637,50.4822237112994));
#500=CARTESIAN_POINT('Ctrl Pts',(-783.576442193152,130.712378445233,50.8134856738516));
#501=CARTESIAN_POINT('Ctrl Pts',(-772.620106834047,112.90367987456,50.991308880678));
#502=CARTESIAN_POINT('Ctrl Pts',(-747.140625405922,79.4589964667608,51.150700339274));
#503=CARTESIAN_POINT('Ctrl Pts',(-732.405396192029,63.9793147818777,51.1156325505234));
#504=CARTESIAN_POINT('Ctrl Pts',(-699.585342255215,37.3822990043067,50.8963285308099));
#505=CARTESIAN_POINT('Ctrl Pts',(-681.530889510891,26.2285924415586,50.7060173823498));
#506=CARTESIAN_POINT('Ctrl Pts',(-652.425248283891,14.4100770640596,50.3913975641132));
#507=CARTESIAN_POINT('Ctrl Pts',(-632.362048863607,8.21378988380706,50.1743395338248));
#508=CARTESIAN_POINT('Ctrl Pts',(-611.026504422872,6.02442190851351,50.0272776294106));
#509=CARTESIAN_POINT('Ctrl Pts',(-600.001894814759,6.02523628576143,50.0000000002204));
#510=CARTESIAN_POINT('Ctrl Pts',(-793.223248703767,149.85131077138,50.3255278927959));
#511=CARTESIAN_POINT('Ctrl Pts',(-783.719087105885,131.228222813313,49.6165582706037));
#512=CARTESIAN_POINT('Ctrl Pts',(-772.686608092188,113.712066858752,48.7993193917545));
#513=CARTESIAN_POINT('Ctrl Pts',(-746.916122306126,80.62674492998,47.0197365043123));
#514=CARTESIAN_POINT('Ctrl Pts',(-731.958446544621,65.1998094020996,46.0589971705611));
#515=CARTESIAN_POINT('Ctrl Pts',(-698.792998586933,38.5520925242018,44.2497547720547));
#516=CARTESIAN_POINT('Ctrl Pts',(-680.603760542019,27.3032048218486,43.3684856938343));
#517=CARTESIAN_POINT('Ctrl Pts',(-651.569039095657,15.3597883516814,42.1877342812724));
#518=CARTESIAN_POINT('Ctrl Pts',(-631.646799733522,9.0853660624909,41.4546333328539));
#519=CARTESIAN_POINT('Ctrl Pts',(-610.720830640895,6.85027330554082,40.9037503015296));
#520=CARTESIAN_POINT('Ctrl Pts',(-599.986991244618,6.83762207311725,40.7143759124678));
#521=CARTESIAN_POINT('Ctrl Pts',(-793.267118865903,149.988135595257,50.0255333409823));
#522=CARTESIAN_POINT('Ctrl Pts',(-784.050173012818,132.265064831374,47.3217957141681));
#523=CARTESIAN_POINT('Ctrl Pts',(-773.201967116012,115.412777644038,44.4922889166302));
#524=CARTESIAN_POINT('Ctrl Pts',(-747.50461627192,83.1512050549212,38.5062088579736));
#525=CARTESIAN_POINT('Ctrl Pts',(-732.434007400039,67.8612111005814,35.3611987545045));
#526=CARTESIAN_POINT('Ctrl Pts',(-698.518865073774,41.02328966849,29.9834590948047));
#527=CARTESIAN_POINT('Ctrl Pts',(-679.666890948594,29.4427239755622,27.698063829765));
#528=CARTESIAN_POINT('Ctrl Pts',(-650.305199514159,17.2120527283443,25.1485241697702));
#529=CARTESIAN_POINT('Ctrl Pts',(-630.370552217977,10.8035165488599,23.7551135204492));
#530=CARTESIAN_POINT('Ctrl Pts',(-610.113473574985,8.50059977881364,22.6567423843317));
#531=CARTESIAN_POINT('Ctrl Pts',(-599.95504860035,8.46228496752207,22.1431182309726));
#532=CARTESIAN_POINT('Ctrl Pts',(-793.33600880823,150.188393693875,49.6133988330637));
#533=CARTESIAN_POINT('Ctrl Pts',(-784.589548607613,133.78381100424,44.157286549631));
#534=CARTESIAN_POINT('Ctrl Pts',(-774.419596955723,118.04397518003,38.3235377888473));
#535=CARTESIAN_POINT('Ctrl Pts',(-749.639949837565,87.17700217187,25.5970109309535));
#536=CARTESIAN_POINT('Ctrl Pts',(-734.832026794263,72.1491723933896,18.7010622140327));
#537=CARTESIAN_POINT('Ctrl Pts',(-699.759982566391,44.8916607753135,7.42587910761263));
#538=CARTESIAN_POINT('Ctrl Pts',(-679.428951200063,32.6238955491158,2.98824561743455));
#539=CARTESIAN_POINT('Ctrl Pts',(-648.984938895749,19.9272757911428,-1.18047511210003));
#540=CARTESIAN_POINT('Ctrl Pts',(-628.663960702026,13.3463398847715,-3.11906910549645));
#541=CARTESIAN_POINT('Ctrl Pts',(-609.20450983983,10.9765180407753,-4.7130636211745));
#542=CARTESIAN_POINT('Ctrl Pts',(-599.89911926604,10.8987737499753,-5.7138125131764));
#543=CARTESIAN_POINT('Ctrl Pts',(-793.390722156001,150.346497058792,49.2999097795038));
#544=CARTESIAN_POINT('Ctrl Pts',(-785.011772337561,134.983774294824,41.7435513665951));
#545=CARTESIAN_POINT('Ctrl Pts',(-775.289110473075,120.111687829914,33.5064656567777));
#546=CARTESIAN_POINT('Ctrl Pts',(-751.050443637497,90.3458582085295,15.361479781507));
#547=CARTESIAN_POINT('Ctrl Pts',(-736.3571737699,75.5407380731064,5.43285554958542));
#548=CARTESIAN_POINT('Ctrl Pts',(-700.357187011117,48.0139591909569,-10.7587966346473));
#549=CARTESIAN_POINT('Ctrl Pts',(-678.928988630557,35.2453904102721,-17.0716672608359));
#550=CARTESIAN_POINT('Ctrl Pts',(-647.738900661117,22.1922136774452,-22.8223537744181));
#551=CARTESIAN_POINT('Ctrl Pts',(-627.190337310571,15.4707437706974,-25.4092953023849));
#552=CARTESIAN_POINT('Ctrl Pts',(-608.435437541704,13.0370192491742,-27.5219601283032));
#553=CARTESIAN_POINT('Ctrl Pts',(-599.8440349979,12.9285301846145,-28.9279784022265));
#554=CARTESIAN_POINT('Ctrl Pts',(-793.420189358593,150.435116368405,49.1248360531457));
#555=CARTESIAN_POINT('Ctrl Pts',(-785.229618830244,135.652678134531,40.3969175970315));
#556=CARTESIAN_POINT('Ctrl Pts',(-775.536463841045,121.181597515132,30.8359717525347));
#557=CARTESIAN_POINT('Ctrl Pts',(-751.118594863543,91.921050329295,9.84357072225283));
#558=CARTESIAN_POINT('Ctrl Pts',(-736.22657340315,77.2296210386871,-1.62660713870045));
#559=CARTESIAN_POINT('Ctrl Pts',(-699.705875256206,49.702249100576,-20.6095157131921));
#560=CARTESIAN_POINT('Ctrl Pts',(-677.919535222245,36.7838602467279,-28.13867974477));
#561=CARTESIAN_POINT('Ctrl Pts',(-646.64185904117,23.572365400417,-35.2386370489123));
#562=CARTESIAN_POINT('Ctrl Pts',(-626.177128727394,16.7600861424167,-38.5683956494659));
#563=CARTESIAN_POINT('Ctrl Pts',(-607.958979468497,14.2706234526434,-41.2074778760882));
#564=CARTESIAN_POINT('Ctrl Pts',(-599.806028175819,14.1459199279515,-42.8565185351579));
#565=CARTESIAN_POINT('Ctrl Pts',(-793.429528121763,150.46382067293,49.0679144157303));
#566=CARTESIAN_POINT('Ctrl Pts',(-785.297156142217,135.86774225008,39.9597529648433));
#567=CARTESIAN_POINT('Ctrl Pts',(-775.578653011852,121.510863085502,29.9763559956264));
#568=CARTESIAN_POINT('Ctrl Pts',(-751.024546539725,92.3865638188722,8.10287634094024));
#569=CARTESIAN_POINT('Ctrl Pts',(-736.022831974071,77.7269618563993,-3.83363079487481));
#570=CARTESIAN_POINT('Ctrl Pts',(-699.330286912586,50.2303088523314,-23.7241171659534));
#571=CARTESIAN_POINT('Ctrl Pts',(-677.471016210425,37.2883746936411,-31.6757341264262));
#572=CARTESIAN_POINT('Ctrl Pts',(-646.220571070171,24.0351870509643,-39.2888718262954));
#573=CARTESIAN_POINT('Ctrl Pts',(-625.818626033346,17.1917230798679,-42.9216706627696));
#574=CARTESIAN_POINT('Ctrl Pts',(-607.797804745504,14.6815884595259,-45.7691920570423));
#575=CARTESIAN_POINT('Ctrl Pts',(-599.792721191397,14.5516499813101,-47.499371065849));
#576=CARTESIAN_POINT('',(-599.895673020617,14.5533816997439,-47.4771481271531));
#577=CARTESIAN_POINT('Ctrl Pts',(-599.895673020617,14.5533816997439,-47.4771481271531));
#578=CARTESIAN_POINT('Ctrl Pts',(-599.919136048973,13.1575848933041,-31.5231176255189));
#579=CARTESIAN_POINT('Ctrl Pts',(-599.939052293303,11.728941730036,-15.1936515473826));
#580=CARTESIAN_POINT('Ctrl Pts',(-599.973532239755,8.90693213818228,17.0620656863997));
#581=CARTESIAN_POINT('Ctrl Pts',(-599.988675860536,7.45486596062968,33.659258042897));
#582=CARTESIAN_POINT('Ctrl Pts',(-600.001894815047,6.02523628578075,50.0000000000001));
#583=CARTESIAN_POINT('',(-793.224605692886,150.00231726052,49.4023529459717));
#584=CARTESIAN_POINT('Ctrl Pts',(-793.224605692886,150.002317260521,49.4023529459697));
#585=CARTESIAN_POINT('Ctrl Pts',(-792.904629814705,149.44396949031,48.9465003930625));
#586=CARTESIAN_POINT('Ctrl Pts',(-792.601905075941,148.917538488091,48.5366806421791));
#587=CARTESIAN_POINT('Ctrl Pts',(-791.896559841686,147.694224860224,47.6362741321812));
#588=CARTESIAN_POINT('Ctrl Pts',(-791.526931416772,147.054697125616,47.1980315587999));
#589=CARTESIAN_POINT('Ctrl Pts',(-790.745616466421,145.710975100616,46.3029462643023));
#590=CARTESIAN_POINT('Ctrl Pts',(-790.308175579695,144.963841162057,45.8169676303155));
#591=CARTESIAN_POINT('Ctrl Pts',(-789.463645289752,143.53631652289,44.8881195195945));
#592=CARTESIAN_POINT('Ctrl Pts',(-789.036055692835,142.820405522464,44.4228694400295));
#593=CARTESIAN_POINT('Ctrl Pts',(-787.881934132122,140.908276365028,43.1758555159386));
#594=CARTESIAN_POINT('Ctrl Pts',(-787.159092144619,139.730690396698,42.4037143572967));
#595=CARTESIAN_POINT('Ctrl Pts',(-781.271354824255,130.301586488341,36.1731198539866));
#596=CARTESIAN_POINT('Ctrl Pts',(-775.7440799063,122.439127634106,30.675389225963));
#597=CARTESIAN_POINT('Ctrl Pts',(-763.970078763095,107.428450302656,19.7174659612004));
#598=CARTESIAN_POINT('Ctrl Pts',(-757.645464856858,100.153684175063,14.1456220627615));
#599=CARTESIAN_POINT('Ctrl Pts',(-741.483478233606,83.4172499354664,1.18155653413248));
#600=CARTESIAN_POINT('Ctrl Pts',(-731.123090272099,74.1577458863044,-6.07913971060151));
#601=CARTESIAN_POINT('Ctrl Pts',(-705.727677234251,54.7850025388815,-20.2234673223401));
#602=CARTESIAN_POINT('Ctrl Pts',(-691.45400933539,45.970785365713,-25.8924214697083));
#603=CARTESIAN_POINT('Ctrl Pts',(-673.646070270394,36.3094855145497,-31.9022819995286));
#604=CARTESIAN_POINT('Ctrl Pts',(-667.406272079153,33.1920350579211,-33.7805347681691));
#605=CARTESIAN_POINT('Ctrl Pts',(-658.227480853476,29.0807233974505,-36.1927631260563));
#606=CARTESIAN_POINT('Ctrl Pts',(-655.376333307221,27.8681631425884,-36.8936820139172));
#607=CARTESIAN_POINT('Ctrl Pts',(-646.79151240748,24.431325579628,-38.8609990361285));
#608=CARTESIAN_POINT('Ctrl Pts',(-641.004077166099,22.3833984315729,-40.0091773114291));
#609=CARTESIAN_POINT('Ctrl Pts',(-622.309874795808,16.7928837416991,-43.4153483003521));
#610=CARTESIAN_POINT('Ctrl Pts',(-610.317966989772,14.7297467458322,-45.1723421202567));
#611=CARTESIAN_POINT('Ctrl Pts',(-599.895673020617,14.5533816997438,-47.477148127153));
#612=CARTESIAN_POINT('Ctrl Pts',(-793.27263224291,150.002317581994,50.0000000772398));
#613=CARTESIAN_POINT('Ctrl Pts',(-793.26856462213,150.002299595757,49.9504463467712));
#614=CARTESIAN_POINT('Ctrl Pts',(-793.264587701824,150.00229081357,49.901443863484));
#615=CARTESIAN_POINT('Ctrl Pts',(-793.26072645121,150.002294667106,49.8535030763372));
#616=CARTESIAN_POINT('Ctrl Pts',(-793.256505583815,150.00229887954,49.8010973338511));
#617=CARTESIAN_POINT('Ctrl Pts',(-793.2524223593,150.002317699135,49.7499603884475));
#618=CARTESIAN_POINT('Ctrl Pts',(-793.248499072988,150.002324666113,49.7008120089325));
#619=CARTESIAN_POINT('Ctrl Pts',(-793.247707848854,150.002326071171,49.6909000675357));
#620=CARTESIAN_POINT('Ctrl Pts',(-793.246923116981,150.002326917791,49.6810691582121));
#621=CARTESIAN_POINT('Ctrl Pts',(-793.246145051499,150.002326887181,49.671325402027));
#622=CARTESIAN_POINT('Ctrl Pts',(-793.243199720968,150.00232677131,49.6344408682433));
#623=CARTESIAN_POINT('Ctrl Pts',(-793.240195629973,150.002324020105,49.5968073494414));
#624=CARTESIAN_POINT('Ctrl Pts',(-793.237136207796,150.002323995413,49.5585387453167));
#625=CARTESIAN_POINT('Ctrl Pts',(-793.233056425459,150.002323962487,49.5075070255359));
#626=CARTESIAN_POINT('Ctrl Pts',(-793.228878649267,150.002329729659,49.4553448790457));
#627=CARTESIAN_POINT('Ctrl Pts',(-793.224600355374,150.002327453828,49.4023508913222));
#628=CARTESIAN_POINT('Ctrl Pts',(-794.609788172403,152.560504157003,50.6134409804308));
#629=CARTESIAN_POINT('Ctrl Pts',(-790.353096008508,144.702688344822,45.9633198469005));
#630=CARTESIAN_POINT('Ctrl Pts',(-785.674403903188,136.910279173683,41.0142408392195));
#631=CARTESIAN_POINT('Ctrl Pts',(-780.452541477538,129.176211547051,35.8175782960633));
#632=CARTESIAN_POINT('Ctrl Pts',(-775.356703421422,121.628797822252,30.7463319487583));
#633=CARTESIAN_POINT('Ctrl Pts',(-769.744439010129,114.136399149004,25.4396210515163));
#634=CARTESIAN_POINT('Ctrl Pts',(-763.517086927199,106.686994826809,19.9397971271127));
#635=CARTESIAN_POINT('Ctrl Pts',(-757.135727179294,99.0533604579043,14.3039579222021));
#636=CARTESIAN_POINT('Ctrl Pts',(-750.126991671068,91.4843330914471,8.48454291626459));
#637=CARTESIAN_POINT('Ctrl Pts',(-742.379756412548,84.0796336493102,2.84196033478503));
#638=CARTESIAN_POINT('Ctrl Pts',(-738.553452641682,80.4225058544081,0.0551293830341432));
#639=CARTESIAN_POINT('Ctrl Pts',(-734.547058306228,76.8053615635755,-2.68873235250855));
#640=CARTESIAN_POINT('Ctrl Pts',(-730.347233547517,73.2394828905323,-5.34707717561688));
#641=CARTESIAN_POINT('Ctrl Pts',(-726.248767312687,69.7596630936093,-7.94126553441645));
#642=CARTESIAN_POINT('Ctrl Pts',(-721.966112756919,66.3286678898878,-10.4540245731964));
#643=CARTESIAN_POINT('Ctrl Pts',(-717.486604751614,62.956405932109,-12.846235958641));
#644=CARTESIAN_POINT('Ctrl Pts',(-712.782792997935,59.4152836895101,-15.3582332625442));
#645=CARTESIAN_POINT('Ctrl Pts',(-707.849512301413,55.9297114680118,-17.7438132374464));
#646=CARTESIAN_POINT('Ctrl Pts',(-702.762090908878,52.5561404527981,-19.9858686008551));
#647=CARTESIAN_POINT('Ctrl Pts',(-697.736809241631,49.2237755339449,-22.2005386360955));
#648=CARTESIAN_POINT('Ctrl Pts',(-692.561107391135,46.0006747403688,-24.2752044530801));
#649=CARTESIAN_POINT('Ctrl Pts',(-687.308469189949,42.9406568545099,-26.1945772454118));
#650=CARTESIAN_POINT('Ctrl Pts',(-682.15129341817,39.93625230622,-28.0790669975122));
#651=CARTESIAN_POINT('Ctrl Pts',(-676.919901863925,37.0890602966038,-29.8138735508949));
#652=CARTESIAN_POINT('Ctrl Pts',(-671.685234223816,34.4495548749211,-31.3853123426897));
#653=CARTESIAN_POINT('Ctrl Pts',(-666.576899994144,31.8737512476433,-32.9188260482118));
#654=CARTESIAN_POINT('Ctrl Pts',(-661.465365338701,29.4957676614422,-34.2967617955619));
#655=CARTESIAN_POINT('Ctrl Pts',(-656.418842616152,27.361787027834,-35.5070406795284));
#656=CARTESIAN_POINT('Ctrl Pts',(-651.693966409799,25.3638183521948,-36.6401809062343));
#657=CARTESIAN_POINT('Ctrl Pts',(-647.010284460701,23.5725672345715,-37.6298322214395));
#658=CARTESIAN_POINT('Ctrl Pts',(-642.400636835485,21.9962261990187,-38.5251968844935));
#659=CARTESIAN_POINT('Ctrl Pts',(-636.962170335486,20.1364575981544,-39.5815489359311));
#660=CARTESIAN_POINT('Ctrl Pts',(-631.62668188964,18.5758633955488,-40.5066503326701));
#661=CARTESIAN_POINT('Ctrl Pts',(-626.450137555162,17.3279038237075,-41.3815879574245));
#662=CARTESIAN_POINT('Ctrl Pts',(-621.50694037935,16.1361995066081,-42.2170853310085));
#663=CARTESIAN_POINT('Ctrl Pts',(-616.708649667523,15.2296354602413,-43.0068619332544));
#664=CARTESIAN_POINT('Ctrl Pts',(-612.106378894585,14.6192676640041,-43.8216700687113));
#665=CARTESIAN_POINT('Ctrl Pts',(-607.615179273145,14.0236304773531,-44.6168136337159));
#666=CARTESIAN_POINT('Ctrl Pts',(-603.310613664836,13.7101752769124,-45.4358514896739));
#667=CARTESIAN_POINT('Ctrl Pts',(-599.243069960072,13.687361163307,-46.344120186166));
#668=CARTESIAN_POINT('Ctrl Pts',(-598.565728782532,13.6810061403483,-46.4914902145623));
#669=CARTESIAN_POINT('Ctrl Pts',(-597.888392745297,13.6746342112315,-46.6388838932369));
#670=CARTESIAN_POINT('Ctrl Pts',(-597.211061805836,13.6682450137672,-46.7863009822522));
#671=CARTESIAN_POINT('Ctrl Pts',(-794.591855732504,152.494476279808,50.7311547438881));
#672=CARTESIAN_POINT('Ctrl Pts',(-790.387840062052,144.760536605552,45.9496056377445));
#673=CARTESIAN_POINT('Ctrl Pts',(-785.731532335345,137.097348143997,40.8624166781565));
#674=CARTESIAN_POINT('Ctrl Pts',(-780.513847726467,129.491742981038,35.5251710487899));
#675=CARTESIAN_POINT('Ctrl Pts',(-775.42208665974,122.069691408246,30.316734445909));
#676=CARTESIAN_POINT('Ctrl Pts',(-769.796423562099,114.702111944029,24.8702484641778));
#677=CARTESIAN_POINT('Ctrl Pts',(-763.546511190473,107.371718289153,19.2321816226774));
#678=CARTESIAN_POINT('Ctrl Pts',(-757.142033218919,99.8600378216637,13.4546806368289));
#679=CARTESIAN_POINT('Ctrl Pts',(-750.100472702475,92.4059651268564,7.49591620127622));
#680=CARTESIAN_POINT('Ctrl Pts',(-742.317751431003,85.1051919964784,1.71948605968182));
#681=CARTESIAN_POINT('Ctrl Pts',(-738.47392137358,81.4993926594462,-1.13345123928828));
#682=CARTESIAN_POINT('Ctrl Pts',(-734.449337132569,77.9309079834843,-3.94205438390744));
#683=CARTESIAN_POINT('Ctrl Pts',(-730.231450698214,74.4106926856114,-6.66333698857185));
#684=CARTESIAN_POINT('Ctrl Pts',(-726.115358688018,70.9754342244716,-9.31894418920945));
#685=CARTESIAN_POINT('Ctrl Pts',(-721.815198502373,67.5861492898789,-11.8914039154477));
#686=CARTESIAN_POINT('Ctrl Pts',(-717.319037653831,64.2525359952032,-14.3411947732097));
#687=CARTESIAN_POINT('Ctrl Pts',(-712.597739194099,60.7519976818111,-16.9136547436237));
#688=CARTESIAN_POINT('Ctrl Pts',(-707.647959042941,57.3039515486062,-19.3576117225734));
#689=CARTESIAN_POINT('Ctrl Pts',(-702.545815065378,53.9641778746539,-21.6551717689178));
#690=CARTESIAN_POINT('Ctrl Pts',(-697.50599064043,50.6651974833123,-23.9246685315082));
#691=CARTESIAN_POINT('Ctrl Pts',(-692.317479335563,47.4718479010599,-26.0513639957748));
#692=CARTESIAN_POINT('Ctrl Pts',(-687.054468722246,44.4375047534565,-28.0193905787465));
#693=CARTESIAN_POINT('Ctrl Pts',(-681.887109048495,41.4583083259255,-29.9516498783931));
#694=CARTESIAN_POINT('Ctrl Pts',(-676.647881581233,38.6323940634493,-31.7309711564013));
#695=CARTESIAN_POINT('Ctrl Pts',(-671.408348496945,36.0099892058685,-33.343265950806));
#696=CARTESIAN_POINT('Ctrl Pts',(-666.29526624567,33.4508734378693,-34.9166496406267));
#697=CARTESIAN_POINT('Ctrl Pts',(-661.181808929463,31.0855972407993,-36.330968482537));
#698=CARTESIAN_POINT('Ctrl Pts',(-656.136759008126,28.9603008683081,-37.5739261540682));
#699=CARTESIAN_POINT('Ctrl Pts',(-651.413261732134,26.9704629514067,-38.7376623444316));
#700=CARTESIAN_POINT('Ctrl Pts',(-646.733873848909,25.1839010961068,-39.754893485555));
#701=CARTESIAN_POINT('Ctrl Pts',(-642.13175849898,23.6085691467322,-40.6745650852835));
#702=CARTESIAN_POINT('Ctrl Pts',(-636.70217858428,21.7499910666673,-41.7595944829239));
#703=CARTESIAN_POINT('Ctrl Pts',(-631.380079574136,20.1855142984144,-42.7088894276338));
#704=CARTESIAN_POINT('Ctrl Pts',(-626.221902268144,18.9281767648672,-43.6029663560579));
#705=CARTESIAN_POINT('Ctrl Pts',(-621.296244175835,17.7275172238146,-44.4567402758731));
#706=CARTESIAN_POINT('Ctrl Pts',(-616.520049414363,16.8069438701754,-45.260141175292));
#707=CARTESIAN_POINT('Ctrl Pts',(-611.94469328652,16.176907889785,-46.0828634286717));
#708=CARTESIAN_POINT('Ctrl Pts',(-607.479758752431,15.5620771907177,-46.8857301123653));
#709=CARTESIAN_POINT('Ctrl Pts',(-603.206054902484,15.2240077488556,-47.7070333360431));
#710=CARTESIAN_POINT('Ctrl Pts',(-599.173866528273,15.1709089492051,-48.6110501439189));
#711=CARTESIAN_POINT('Ctrl Pts',(-598.503817650678,15.1596717121319,-48.7578638049105));
#712=CARTESIAN_POINT('Ctrl Pts',(-597.833770168295,15.1484112648966,-48.9046813305191));
#713=CARTESIAN_POINT('Ctrl Pts',(-597.163723919384,15.1371272510455,-49.0515018896444));
#714=CARTESIAN_POINT('Ctrl Pts',(-794.578048181056,152.428533022279,50.839476999959));
#715=CARTESIAN_POINT('Ctrl Pts',(-790.423174019394,144.827795472121,45.9355150304046));
#716=CARTESIAN_POINT('Ctrl Pts',(-785.791457569311,137.298654640851,40.7188292072381));
#717=CARTESIAN_POINT('Ctrl Pts',(-780.583331632543,129.824092215945,35.2478676555961));
#718=CARTESIAN_POINT('Ctrl Pts',(-775.50089854904,122.529920797227,29.9089422290164));
#719=CARTESIAN_POINT('Ctrl Pts',(-769.87017250789,115.287464271299,24.3277925781816));
#720=CARTESIAN_POINT('Ctrl Pts',(-763.606548625063,108.075737837427,18.5552470366384));
#721=CARTESIAN_POINT('Ctrl Pts',(-757.18802004508,100.685659331321,12.639941579166));
#722=CARTESIAN_POINT('Ctrl Pts',(-750.123021720159,93.3454692980196,6.54419390851309));
#723=CARTESIAN_POINT('Ctrl Pts',(-742.311657234134,86.1478606429096,0.635010002291232));
#724=CARTESIAN_POINT('Ctrl Pts',(-738.453680499064,82.5930134981841,-2.28349342617417));
#725=CARTESIAN_POINT('Ctrl Pts',(-734.413674853755,79.0728846323448,-5.15659518488767));
#726=CARTESIAN_POINT('Ctrl Pts',(-730.179692191722,75.5982112145737,-7.94075851399885));
#727=CARTESIAN_POINT('Ctrl Pts',(-726.047892420028,72.2073955263093,-10.6577288763808));
#728=CARTESIAN_POINT('Ctrl Pts',(-721.731375973408,68.8598758665557,-13.2900111250479));
#729=CARTESIAN_POINT('Ctrl Pts',(-717.218944608978,65.5652345503013,-15.7975131238094));
#730=CARTESIAN_POINT('Ctrl Pts',(-712.480560914934,62.1056196708992,-18.4305740225019));
#731=CARTESIAN_POINT('Ctrl Pts',(-707.513885558764,58.6957638706533,-20.9330220991945));
#732=CARTESIAN_POINT('Ctrl Pts',(-702.395721992602,55.3907211696917,-23.2858101774444));
#733=CARTESIAN_POINT('Ctrl Pts',(-697.340073648484,52.1260475338535,-25.609860395477));
#734=CARTESIAN_POINT('Ctrl Pts',(-692.136599267397,48.9636349566245,-27.7879200527023));
#735=CARTESIAN_POINT('Ctrl Pts',(-686.860336076974,45.9563316393243,-29.8032214044073));
#736=CARTESIAN_POINT('Ctrl Pts',(-681.679964680931,43.0036836151616,-31.7818962922953));
#737=CARTESIAN_POINT('Ctrl Pts',(-676.429379165533,40.2005592997825,-33.6036806373995));
#738=CARTESIAN_POINT('Ctrl Pts',(-671.181043390067,37.5968291237464,-35.2539615238668));
#739=CARTESIAN_POINT('Ctrl Pts',(-666.059370891664,35.0559373427358,-36.864414549828));
#740=CARTESIAN_POINT('Ctrl Pts',(-660.939760459986,32.7049612861911,-38.3115273842121));
#741=CARTESIAN_POINT('Ctrl Pts',(-655.891864861975,30.5898931246455,-39.5829843612931));
#742=CARTESIAN_POINT('Ctrl Pts',(-651.165703282116,28.609631510713,-40.7734034178782));
#743=CARTESIAN_POINT('Ctrl Pts',(-646.48653964242,26.8292041148534,-41.813758467089));
#744=CARTESIAN_POINT('Ctrl Pts',(-641.888192087774,25.2564098647609,-42.7530576399649));
#745=CARTESIAN_POINT('Ctrl Pts',(-636.463057421408,23.4008257646387,-43.8612436664231));
#746=CARTESIAN_POINT('Ctrl Pts',(-631.150336195142,21.8343805764264,-44.8289820759285));
#747=CARTESIAN_POINT('Ctrl Pts',(-626.007532179526,20.5699785206923,-45.7370337206429));
#748=CARTESIAN_POINT('Ctrl Pts',(-621.096554383696,19.3625729104733,-46.6041524074757));
#749=CARTESIAN_POINT('Ctrl Pts',(-616.340530598168,18.4305745300998,-47.4167572908357));
#750=CARTESIAN_POINT('Ctrl Pts',(-611.791039823653,17.783952219365,-48.2436786001311));
#751=CARTESIAN_POINT('Ctrl Pts',(-607.351346408743,17.1529354842648,-49.0506429997718));
#752=CARTESIAN_POINT('Ctrl Pts',(-603.108310570974,16.7937342236053,-49.8712473479351));
#753=CARTESIAN_POINT('Ctrl Pts',(-599.111726211192,16.7142831112686,-50.7686501835179));
#754=CARTESIAN_POINT('Ctrl Pts',(-598.449065602884,16.69888075796,-50.9144862108823));
#755=CARTESIAN_POINT('Ctrl Pts',(-597.786404120471,16.6834636050747,-51.0603054589814));
#756=CARTESIAN_POINT('Ctrl Pts',(-597.123741496894,16.6680314606904,-51.2061065083628));
#757=CARTESIAN_POINT('Ctrl Pts',(-794.567206273931,152.364445161586,50.9380406933941));
#758=CARTESIAN_POINT('Ctrl Pts',(-790.458927890012,144.903906208193,45.9209856820722));
#759=CARTESIAN_POINT('Ctrl Pts',(-785.853842590695,137.512678004057,40.5834102314556));
#760=CARTESIAN_POINT('Ctrl Pts',(-780.659935757213,130.17138029991,34.9860089178269));
#761=CARTESIAN_POINT('Ctrl Pts',(-775.591378613316,123.007257392667,29.5236952250658));
#762=CARTESIAN_POINT('Ctrl Pts',(-769.962705563932,115.890488843311,23.8137143852042));
#763=CARTESIAN_POINT('Ctrl Pts',(-763.692969522091,108.797623898293,17.9114127212305));
#764=CARTESIAN_POINT('Ctrl Pts',(-757.268177624252,101.529346425828,11.8631421630708));
#765=CARTESIAN_POINT('Ctrl Pts',(-750.187869489394,94.3028420314839,5.63400807481065));
#766=CARTESIAN_POINT('Ctrl Pts',(-742.35388586668,87.2086231591382,-0.405475405107221));
#767=CARTESIAN_POINT('Ctrl Pts',(-738.484737702691,83.7048394844712,-3.38833285581908));
#768=CARTESIAN_POINT('Ctrl Pts',(-734.431779268393,80.233277793514,-6.32498866426021));
#769=CARTESIAN_POINT('Ctrl Pts',(-730.183494670405,76.804539892666,-9.17126382793966));
#770=CARTESIAN_POINT('Ctrl Pts',(-726.037738125518,73.4585511140717,-11.9488470185672));
#771=CARTESIAN_POINT('Ctrl Pts',(-721.705970690327,70.153354236086,-14.6403691943706));
#772=CARTESIAN_POINT('Ctrl Pts',(-717.177728269309,66.8984837830135,-17.205021339689));
#773=CARTESIAN_POINT('Ctrl Pts',(-712.422741806897,63.4806312251582,-19.8980940813742));
#774=CARTESIAN_POINT('Ctrl Pts',(-707.438957972361,60.1100890436221,-22.4584534431108));
#775=CARTESIAN_POINT('Ctrl Pts',(-702.303779338885,56.8411228904811,-24.8655775356702));
#776=CARTESIAN_POINT('Ctrl Pts',(-697.231323756041,53.6120851496067,-27.2433000869955));
#777=CARTESIAN_POINT('Ctrl Pts',(-692.011145702265,50.4821558165331,-29.4715277267898));
#778=CARTESIAN_POINT('Ctrl Pts',(-686.719262061491,47.5035711727387,-31.5323083526854));
#779=CARTESIAN_POINT('Ctrl Pts',(-681.523554104086,44.5791198835363,-33.5556359659259));
#780=CARTESIAN_POINT('Ctrl Pts',(-676.258686550117,41.8005613325442,-35.4175338570342));
#781=CARTESIAN_POINT('Ctrl Pts',(-670.998268713828,39.2173048284639,-37.102764005382));
#782=CARTESIAN_POINT('Ctrl Pts',(-665.864805742923,36.6963926080384,-38.7473228281273));
#783=CARTESIAN_POINT('Ctrl Pts',(-660.735510878158,34.3614930920247,-40.2236038484127));
#784=CARTESIAN_POINT('Ctrl Pts',(-655.681157849792,32.2583423831337,-41.5194571269826));
#785=CARTESIAN_POINT('Ctrl Pts',(-650.948950412078,30.2892386479196,-42.7327175558878));
#786=CARTESIAN_POINT('Ctrl Pts',(-646.266583853857,28.5164947260088,-43.791926319723));
#787=CARTESIAN_POINT('Ctrl Pts',(-641.66878152719,26.9478110586374,-44.7464415597687));
#788=CARTESIAN_POINT('Ctrl Pts',(-636.244290121296,25.0970766277833,-45.8725795162427));
#789=CARTESIAN_POINT('Ctrl Pts',(-630.937421116942,23.5305420009058,-46.8534325280239));
#790=CARTESIAN_POINT('Ctrl Pts',(-625.807202508346,22.2612185182969,-47.7706903826148));
#791=CARTESIAN_POINT('Ctrl Pts',(-620.908242797249,21.0491133282315,-48.6466002837636));
#792=CARTESIAN_POINT('Ctrl Pts',(-616.170411699107,20.1079887737402,-49.4643435455879));
#793=CARTESIAN_POINT('Ctrl Pts',(-611.645417441481,19.4474748963776,-50.2920822563277));
#794=CARTESIAN_POINT('Ctrl Pts',(-607.229629344796,18.8029018535637,-51.0998443302555));
#795=CARTESIAN_POINT('Ctrl Pts',(-603.016503037236,18.4255774567892,-51.9170900084819));
#796=CARTESIAN_POINT('Ctrl Pts',(-599.054998654754,18.3232045242677,-52.8058906157249));
#797=CARTESIAN_POINT('Ctrl Pts',(-598.399795668883,18.3042681493135,-52.9503713612242));
#798=CARTESIAN_POINT('Ctrl Pts',(-597.744591165084,18.2853380171851,-53.0948178584533));
#799=CARTESIAN_POINT('Ctrl Pts',(-597.089384812222,18.2664142795075,-53.2392282788075));
#800=CARTESIAN_POINT('Ctrl Pts',(-794.546911007069,152.24447731641,51.122544806747));
#801=CARTESIAN_POINT('Ctrl Pts',(-790.525856552762,145.046380007483,45.8937877916702));
#802=CARTESIAN_POINT('Ctrl Pts',(-785.970622843706,137.913314277812,40.3299156921669));
#803=CARTESIAN_POINT('Ctrl Pts',(-780.803333144313,130.821478503184,34.4958282787694));
#804=CARTESIAN_POINT('Ctrl Pts',(-775.760750756888,123.900797014036,28.8025406659313));
#805=CARTESIAN_POINT('Ctrl Pts',(-770.135920759768,117.019307276465,22.8513971476513));
#806=CARTESIAN_POINT('Ctrl Pts',(-763.85474319783,110.148942451405,16.7062013967496));
#807=CARTESIAN_POINT('Ctrl Pts',(-757.418226821459,103.108667714371,10.4090297761985));
#808=CARTESIAN_POINT('Ctrl Pts',(-750.309259828459,96.0949746229093,3.9302059507108));
#809=CARTESIAN_POINT('Ctrl Pts',(-742.432934815988,89.1942939544788,-2.35318891764246));
#810=CARTESIAN_POINT('Ctrl Pts',(-738.542874544145,85.7860974066688,-5.45651244872811));
#811=CARTESIAN_POINT('Ctrl Pts',(-734.465669424638,82.4054499583442,-8.51213684678198));
#812=CARTESIAN_POINT('Ctrl Pts',(-730.190612635787,79.0627000265539,-11.474680877489));
#813=CARTESIAN_POINT('Ctrl Pts',(-726.018730019794,75.8006239843313,-14.3657269036043));
#814=CARTESIAN_POINT('Ctrl Pts',(-721.658413835811,72.5746522961956,-17.1681419432041));
#815=CARTESIAN_POINT('Ctrl Pts',(-717.100574259134,69.3942300257443,-19.8397750340512));
#816=CARTESIAN_POINT('Ctrl Pts',(-712.314508613807,66.0545535166958,-22.6451856102489));
#817=CARTESIAN_POINT('Ctrl Pts',(-707.298698943776,62.7576035891624,-25.3139507137735));
#818=CARTESIAN_POINT('Ctrl Pts',(-702.131669333544,59.556170127183,-27.822787899602));
#819=CARTESIAN_POINT('Ctrl Pts',(-697.027751814048,56.393840207157,-30.300981181281));
#820=CARTESIAN_POINT('Ctrl Pts',(-691.77630569176,53.3247171603829,-32.6231196600464));
#821=CARTESIAN_POINT('Ctrl Pts',(-686.455181696434,50.3998917986039,-34.7690342015658));
#822=CARTESIAN_POINT('Ctrl Pts',(-681.23076480415,47.5282227601676,-36.8759484907196));
#823=CARTESIAN_POINT('Ctrl Pts',(-675.939162305787,44.7956495453484,-38.8129360419349));
#824=CARTESIAN_POINT('Ctrl Pts',(-670.656127724509,42.2507182760439,-40.5635886836053));
#825=CARTESIAN_POINT('Ctrl Pts',(-665.500593840886,39.7672063496057,-42.2719910939491));
#826=CARTESIAN_POINT('Ctrl Pts',(-660.353170417035,37.4624009560126,-43.8028728509792));
#827=CARTESIAN_POINT('Ctrl Pts',(-655.286729545563,35.3815588575118,-45.1443942434197));
#828=CARTESIAN_POINT('Ctrl Pts',(-650.54320469873,33.4333418651549,-46.4004120711279));
#829=CARTESIAN_POINT('Ctrl Pts',(-645.854842508424,31.6749808513819,-47.494913626649));
#830=CARTESIAN_POINT('Ctrl Pts',(-641.258060809146,30.1139918978945,-48.4779122451482));
#831=CARTESIAN_POINT('Ctrl Pts',(-635.834773540381,28.2723356975445,-49.6376549176701));
#832=CARTESIAN_POINT('Ctrl Pts',(-630.538859472652,26.7056336479475,-50.6430575174443));
#833=CARTESIAN_POINT('Ctrl Pts',(-625.432199836761,25.4270976097786,-51.5775487318189));
#834=CARTESIAN_POINT('Ctrl Pts',(-620.555737112035,24.206195145763,-52.469915151044));
#835=CARTESIAN_POINT('Ctrl Pts',(-615.851961410343,23.2479870526458,-53.2972770861301));
#836=CARTESIAN_POINT('Ctrl Pts',(-611.372822862579,22.5614691661555,-54.1265459133204));
#837=CARTESIAN_POINT('Ctrl Pts',(-607.001783794565,21.89151969468,-54.9358011758854));
#838=CARTESIAN_POINT('Ctrl Pts',(-602.844645966735,21.4802700964085,-55.7467596666378));
#839=CARTESIAN_POINT('Ctrl Pts',(-598.948808767397,21.3349891724934,-56.6194575238989));
#840=CARTESIAN_POINT('Ctrl Pts',(-598.307565911951,21.3094373643348,-56.7614012796593));
#841=CARTESIAN_POINT('Ctrl Pts',(-597.666320333387,21.2839311888596,-56.9032780864345));
#842=CARTESIAN_POINT('Ctrl Pts',(-597.025071580623,21.2584714407879,-57.0450853497161));
#843=CARTESIAN_POINT('Ctrl Pts',(-794.536782476264,152.131396948369,51.272560871708));
#844=CARTESIAN_POINT('Ctrl Pts',(-790.594315471912,145.219819135747,45.8650670833907));
#845=CARTESIAN_POINT('Ctrl Pts',(-786.096064606465,138.358105119236,40.1054135885583));
#846=CARTESIAN_POINT('Ctrl Pts',(-780.97165127177,131.52313578658,34.0605942927081));
#847=CARTESIAN_POINT('Ctrl Pts',(-775.970910471336,124.853121527558,28.1616605983178));
#848=CARTESIAN_POINT('Ctrl Pts',(-770.374723401681,118.208503089281,21.9903254885696));
#849=CARTESIAN_POINT('Ctrl Pts',(-764.108603406359,111.560921593879,15.6193488912704));
#850=CARTESIAN_POINT('Ctrl Pts',(-757.687516982916,104.748939805991,9.09081267371852));
#851=CARTESIAN_POINT('Ctrl Pts',(-750.578255302732,97.9469521552112,2.37552520438619));
#852=CARTESIAN_POINT('Ctrl Pts',(-742.680645131628,91.240208533133,-4.1425686591341));
#853=CARTESIAN_POINT('Ctrl Pts',(-738.780072273033,87.9277960975911,-7.36180833582002));
#854=CARTESIAN_POINT('Ctrl Pts',(-734.687260338595,84.6386160411711,-10.5327911626395));
#855=CARTESIAN_POINT('Ctrl Pts',(-730.391729218819,81.383049535408,-13.6086151618579));
#856=CARTESIAN_POINT('Ctrl Pts',(-726.199866399174,78.2060528353812,-16.6102072589881));
#857=CARTESIAN_POINT('Ctrl Pts',(-721.814904624788,75.0610837762771,-19.5211915434693));
#858=CARTESIAN_POINT('Ctrl Pts',(-717.229131772207,71.9577309623002,-22.2975636259947));
#859=CARTESIAN_POINT('Ctrl Pts',(-712.413734139671,68.6989830317441,-25.2129578208267));
#860=CARTESIAN_POINT('Ctrl Pts',(-707.365215673459,65.4793721886567,-27.9878318855907));
#861=CARTESIAN_POINT('Ctrl Pts',(-702.162922671171,62.3499817208672,-30.5950103872694));
#862=CARTESIAN_POINT('Ctrl Pts',(-697.024172480278,59.2588148341389,-33.1703438060715));
#863=CARTESIAN_POINT('Ctrl Pts',(-691.735445114684,56.2556988964423,-35.5819764520925));
#864=CARTESIAN_POINT('Ctrl Pts',(-686.376884062409,53.390268027319,-37.8065157088175));
#865=CARTESIAN_POINT('Ctrl Pts',(-681.115710501252,50.5769140349164,-39.9906257728925));
#866=CARTESIAN_POINT('Ctrl Pts',(-675.787240076339,47.896276581552,-41.9942631639203));
#867=CARTESIAN_POINT('Ctrl Pts',(-670.470226588683,45.3956558404004,-43.7994887659061));
#868=CARTESIAN_POINT('Ctrl Pts',(-665.281533845231,42.9553850523229,-45.5611470733498));
#869=CARTESIAN_POINT('Ctrl Pts',(-660.103749983492,40.6865433039904,-47.1337197360798));
#870=CARTESIAN_POINT('Ctrl Pts',(-655.012716363524,38.6335109232966,-48.5063243117158));
#871=CARTESIAN_POINT('Ctrl Pts',(-650.246166218163,36.7113311611666,-49.7914441965775));
#872=CARTESIAN_POINT('Ctrl Pts',(-645.539932429205,34.9723482910161,-50.9060943897497));
#873=CARTESIAN_POINT('Ctrl Pts',(-640.93297766264,33.4240844669595,-51.9019607838119));
#874=CARTESIAN_POINT('Ctrl Pts',(-635.49768819975,31.597441385994,-53.0768848697558));
#875=CARTESIAN_POINT('Ctrl Pts',(-630.200437748116,30.0365175186159,-54.0880146721838));
#876=CARTESIAN_POINT('Ctrl Pts',(-625.107518073709,28.7556113859756,-55.0229208363597));
#877=CARTESIAN_POINT('Ctrl Pts',(-620.244175943422,27.5324456661004,-55.9156835003675));
#878=CARTESIAN_POINT('Ctrl Pts',(-615.567376382296,26.564549606059,-56.738346882221));
#879=CARTESIAN_POINT('Ctrl Pts',(-611.129010781381,25.8608162607685,-57.5572947794119));
#880=CARTESIAN_POINT('Ctrl Pts',(-606.797760646372,25.1740668081837,-58.3564781971868));
#881=CARTESIAN_POINT('Ctrl Pts',(-602.693543333974,24.7388020518816,-59.1518938350665));
#882=CARTESIAN_POINT('Ctrl Pts',(-598.860945702414,24.5620221471595,-60.0017281511143));
#883=CARTESIAN_POINT('Ctrl Pts',(-598.233906844011,24.5320077898503,-60.1398108785207));
#884=CARTESIAN_POINT('Ctrl Pts',(-597.60687025824,24.5021238826432,-60.2778081859348));
#885=CARTESIAN_POINT('Ctrl Pts',(-596.979835534802,24.4723725862129,-60.415717510584));
#886=CARTESIAN_POINT('Ctrl Pts',(-794.530389766694,152.031612609977,51.3928280177308));
#887=CARTESIAN_POINT('Ctrl Pts',(-790.663721953288,145.421701794707,45.8324396989077));
#888=CARTESIAN_POINT('Ctrl Pts',(-786.228480478975,138.844578204626,39.9026843528283));
#889=CARTESIAN_POINT('Ctrl Pts',(-781.15868898643,132.279672903853,33.6710648614971));
#890=CARTESIAN_POINT('Ctrl Pts',(-776.211251785216,125.873204954383,27.58983920546));
#891=CARTESIAN_POINT('Ctrl Pts',(-770.660735132073,119.478297240473,21.2198909443108));
#892=CARTESIAN_POINT('Ctrl Pts',(-764.428029161814,113.068334088002,14.6423247502457));
#893=CARTESIAN_POINT('Ctrl Pts',(-758.041183120433,106.499847144914,7.90208980110097));
#894=CARTESIAN_POINT('Ctrl Pts',(-750.951537088288,99.9269742105633,0.967076861371601));
#895=CARTESIAN_POINT('Ctrl Pts',(-743.048013586479,93.4345101488899,-5.77268323136552));
#896=CARTESIAN_POINT('Ctrl Pts',(-739.144520176383,90.2279288469894,-9.1014022642893));
#897=CARTESIAN_POINT('Ctrl Pts',(-735.042588890557,87.0409693991157,-12.3821812310401));
#898=CARTESIAN_POINT('Ctrl Pts',(-730.731527058334,83.8840727700402,-15.5664437572528));
#899=CARTESIAN_POINT('Ctrl Pts',(-726.524508344283,80.8033646489976,-18.6738573271763));
#900=CARTESIAN_POINT('Ctrl Pts',(-722.118243900042,77.7513047600307,-21.6893738132212));
#901=CARTESIAN_POINT('Ctrl Pts',(-717.506353988272,74.7376198988147,-24.5667919529606));
#902=CARTESIAN_POINT('Ctrl Pts',(-712.663531529206,71.5730298913219,-27.5882919145472));
#903=CARTESIAN_POINT('Ctrl Pts',(-707.582515668724,68.4447629691823,-30.4656612554038));
#904=CARTESIAN_POINT('Ctrl Pts',(-702.343282507493,65.4018762103183,-33.1670827489255));
#905=CARTESIAN_POINT('Ctrl Pts',(-697.168043358993,62.3961564428811,-35.8355080393524));
#906=CARTESIAN_POINT('Ctrl Pts',(-691.838550968125,59.4737741806697,-38.3320829151486));
#907=CARTESIAN_POINT('Ctrl Pts',(-686.437563176576,56.6825504506124,-40.6295537646276));
#908=CARTESIAN_POINT('Ctrl Pts',(-681.134733947644,53.9420549428468,-42.8852699490449));
#909=CARTESIAN_POINT('Ctrl Pts',(-675.763060518144,51.3279799923688,-44.948845492574));
#910=CARTESIAN_POINT('Ctrl Pts',(-670.404863509156,48.8860090588432,-46.8006805862717));
#911=CARTESIAN_POINT('Ctrl Pts',(-665.175981167016,46.5029726245888,-48.6078235124742));
#912=CARTESIAN_POINT('Ctrl Pts',(-659.960001749175,44.2838155108268,-50.2131099424315));
#913=CARTESIAN_POINT('Ctrl Pts',(-654.836239000141,42.2716506525611,-51.6071970370915));
#914=CARTESIAN_POINT('Ctrl Pts',(-650.039045758202,40.3877336695661,-52.9124302254237));
#915=CARTESIAN_POINT('Ctrl Pts',(-645.307203493749,38.679911423134,-54.0375285882335));
#916=CARTESIAN_POINT('Ctrl Pts',(-640.682722626352,37.1557609124295,-55.0365958500035));
#917=CARTESIAN_POINT('Ctrl Pts',(-635.226755853612,35.3575667406934,-56.2152963226076));
#918=CARTESIAN_POINT('Ctrl Pts',(-629.919921028148,33.8152894774016,-57.2209759011572));
#919=CARTESIAN_POINT('Ctrl Pts',(-624.834204981679,32.5444370486962,-58.1467526449724));
#920=CARTESIAN_POINT('Ctrl Pts',(-619.977741755729,31.3308718340396,-59.0307974226787));
#921=CARTESIAN_POINT('Ctrl Pts',(-615.32331230641,30.3647556091038,-59.8410679483913));
#922=CARTESIAN_POINT('Ctrl Pts',(-610.92274581644,29.6551477653696,-60.6439213435621));
#923=CARTESIAN_POINT('Ctrl Pts',(-606.628382549052,28.9626655894208,-61.4273986838491));
#924=CARTESIAN_POINT('Ctrl Pts',(-602.575736344161,28.5143469052224,-62.2034332151225));
#925=CARTESIAN_POINT('Ctrl Pts',(-598.805970810553,28.3171720132515,-63.0286456168059));
#926=CARTESIAN_POINT('Ctrl Pts',(-598.193138310379,28.2844764576261,-63.1622815177603));
#927=CARTESIAN_POINT('Ctrl Pts',(-597.580312648119,28.2520064070713,-63.2958314268972));
#928=CARTESIAN_POINT('Ctrl Pts',(-596.967493474537,28.2197659567721,-63.429293206518));
#929=CARTESIAN_POINT('Ctrl Pts',(-794.524815785792,151.944607875843,51.4976922803342));
#930=CARTESIAN_POINT('Ctrl Pts',(-790.72423939076,145.597728888259,45.8039909768117));
#931=CARTESIAN_POINT('Ctrl Pts',(-786.343937553388,139.268747589722,39.7259191054934));
#932=CARTESIAN_POINT('Ctrl Pts',(-781.32177236103,132.939318613913,33.3314233391272));
#933=CARTESIAN_POINT('Ctrl Pts',(-776.420812047405,126.762644006405,27.0912522622599));
#934=CARTESIAN_POINT('Ctrl Pts',(-770.91011669799,120.585466003733,20.5481276819432));
#935=CARTESIAN_POINT('Ctrl Pts',(-764.706545343582,114.382688879505,13.7904302846126));
#936=CARTESIAN_POINT('Ctrl Pts',(-758.349554441655,108.02651184974,6.86560933574386));
#937=CARTESIAN_POINT('Ctrl Pts',(-751.277011837461,101.653410395668,-0.260988340053035));
#938=CARTESIAN_POINT('Ctrl Pts',(-743.368332338489,95.3477826299899,-7.19402537033801));
#939=CARTESIAN_POINT('Ctrl Pts',(-739.462292418479,92.2334784308295,-10.6182024925392));
#940=CARTESIAN_POINT('Ctrl Pts',(-735.352409717072,89.1356479686562,-13.994715761062));
#941=CARTESIAN_POINT('Ctrl Pts',(-731.027806225616,86.0647843436237,-17.2735288486466));
#942=CARTESIAN_POINT('Ctrl Pts',(-726.807572666584,83.0680329070641,-20.4732110977485));
#943=CARTESIAN_POINT('Ctrl Pts',(-722.382733833245,80.0969831022119,-23.5798721116032));
#944=CARTESIAN_POINT('Ctrl Pts',(-717.748071732696,77.1614822177208,-26.545395113137));
#945=CARTESIAN_POINT('Ctrl Pts',(-712.881336806209,74.0789911166776,-29.6594116376974));
#946=CARTESIAN_POINT('Ctrl Pts',(-707.771985565705,71.0303694944414,-32.6261494545112));
#947=CARTESIAN_POINT('Ctrl Pts',(-702.500543254626,68.0629077202796,-35.4097440283127));
#948=CARTESIAN_POINT('Ctrl Pts',(-697.293488371246,65.1316916677168,-38.1593387053521));
#949=CARTESIAN_POINT('Ctrl Pts',(-691.928451823419,62.2797033379049,-40.7299770688408));
#950=CARTESIAN_POINT('Ctrl Pts',(-686.490470980354,59.5531828720009,-43.0910389982411));
#951=CARTESIAN_POINT('Ctrl Pts',(-681.151321018544,56.8762146991603,-45.4091905463957));
#952=CARTESIAN_POINT('Ctrl Pts',(-675.741977690255,54.3201774423754,-47.52502782866));
#953=CARTESIAN_POINT('Ctrl Pts',(-670.347871625979,51.9293449039306,-49.4175030318167));
#954=CARTESIAN_POINT('Ctrl Pts',(-665.083946857291,49.5962126913004,-51.2643052595298));
#955=CARTESIAN_POINT('Ctrl Pts',(-659.834663673976,47.4203769894056,-52.8981157310954));
#956=CARTESIAN_POINT('Ctrl Pts',(-654.682363488921,45.4438456582133,-54.3109340303347));
#957=CARTESIAN_POINT('Ctrl Pts',(-649.858451680582,43.5932910543206,-55.6337045662028));
#958=CARTESIAN_POINT('Ctrl Pts',(-645.104280675588,41.9126386205643,-56.7679129781062));
#959=CARTESIAN_POINT('Ctrl Pts',(-640.464518314443,40.4095131770307,-57.7697711652699));
#960=CARTESIAN_POINT('Ctrl Pts',(-634.990522421351,38.6361243988444,-58.9517643742156));
#961=CARTESIAN_POINT('Ctrl Pts',(-629.675330714332,37.1101056271877,-59.952691751296));
#962=CARTESIAN_POINT('Ctrl Pts',(-624.595895710997,35.8480193019813,-60.870508300114));
#963=CARTESIAN_POINT('Ctrl Pts',(-619.745430392662,34.6428250342844,-61.746951710791));
#964=CARTESIAN_POINT('Ctrl Pts',(-615.110506064705,33.6782606969763,-62.5464165612736));
#965=CARTESIAN_POINT('Ctrl Pts',(-610.742897668672,32.9635307150036,-63.3352367134339));
#966=CARTESIAN_POINT('Ctrl Pts',(-606.48069708495,32.2660500184435,-64.1050194888407));
#967=CARTESIAN_POINT('Ctrl Pts',(-602.473017160038,31.8063492522035,-64.8641550953461));
#968=CARTESIAN_POINT('Ctrl Pts',(-598.758036676523,31.5913914047924,-65.6678989665198));
#969=CARTESIAN_POINT('Ctrl Pts',(-598.157591094384,31.5563580379391,-65.7976575560702));
#970=CARTESIAN_POINT('Ctrl Pts',(-597.557156330754,31.5216330572217,-65.9273296552126));
#971=CARTESIAN_POINT('Ctrl Pts',(-596.95673208964,31.4872222445783,-66.0569134968827));
#972=CARTESIAN_POINT('Ctrl Pts',(-794.522120560911,151.867502919081,51.5802390955538));
#973=CARTESIAN_POINT('Ctrl Pts',(-790.785455101997,145.795401419451,45.7725428648998));
#974=CARTESIAN_POINT('Ctrl Pts',(-786.464711393024,139.724975300018,39.5654943344649));
#975=CARTESIAN_POINT('Ctrl Pts',(-781.499146942253,133.641581259833,33.0261286119979));
#976=CARTESIAN_POINT('Ctrl Pts',(-776.653421368548,127.705003783559,26.6445838689344));
#977=CARTESIAN_POINT('Ctrl Pts',(-771.195543805384,121.755992761896,19.9445126517219));
#978=CARTESIAN_POINT('Ctrl Pts',(-765.035118819966,115.772489195257,13.0210823277458));
#979=CARTESIAN_POINT('Ctrl Pts',(-758.722341333095,109.641008542947,5.92642973728775));
#980=CARTESIAN_POINT('Ctrl Pts',(-751.682102195843,103.481878617798,-1.37925726614571));
#981=CARTESIAN_POINT('Ctrl Pts',(-743.780022411021,97.3795756210962,-8.49594983276756));
#982=CARTESIAN_POINT('Ctrl Pts',(-739.87724204236,94.3656920628851,-12.0108331033916));
#983=CARTESIAN_POINT('Ctrl Pts',(-735.764375082147,91.3656856498847,-15.4790076838242));
#984=CARTESIAN_POINT('Ctrl Pts',(-731.430019538133,88.3901171450679,-18.8488647175958));
#985=CARTESIAN_POINT('Ctrl Pts',(-727.200269282471,85.4863609773558,-22.137393659303));
#986=CARTESIAN_POINT('Ctrl Pts',(-722.759424169635,82.6058992187253,-25.332317507199));
#987=CARTESIAN_POINT('Ctrl Pts',(-718.103387036262,79.7586935779091,-28.3833465889332));
#988=CARTESIAN_POINT('Ctrl Pts',(-713.214206758519,76.7689189547693,-31.5871507653031));
#989=CARTESIAN_POINT('Ctrl Pts',(-708.076697451635,73.8111608831838,-34.6407326275559));
#990=CARTESIAN_POINT('Ctrl Pts',(-702.771784934618,70.930703925102,-37.5036218712371));
#991=CARTESIAN_POINT('Ctrl Pts',(-697.531668663294,68.0854299782691,-40.3315426825026));
#992=CARTESIAN_POINT('Ctrl Pts',(-692.128450272039,65.3156247956617,-42.9730327588101));
#993=CARTESIAN_POINT('Ctrl Pts',(-686.649685345565,62.6656840328719,-45.3936370371449));
#994=CARTESIAN_POINT('Ctrl Pts',(-681.270492517909,60.0639037892935,-47.7702488004444));
#995=CARTESIAN_POINT('Ctrl Pts',(-675.818657148515,57.5776489481065,-49.9335496992904));
#996=CARTESIAN_POINT('Ctrl Pts',(-670.383140546951,55.2495157249353,-51.8609603715404));
#997=CARTESIAN_POINT('Ctrl Pts',(-665.07880464242,52.9775696430033,-53.7418549361253));
#998=CARTESIAN_POINT('Ctrl Pts',(-659.790219429687,50.8561636812661,-55.3977494734919));
#999=CARTESIAN_POINT('Ctrl Pts',(-654.603127399358,48.9259228902464,-56.8224333125202));
#1000=CARTESIAN_POINT('Ctrl Pts',(-649.74664124806,47.1187084403301,-58.1563131229734));
#1001=CARTESIAN_POINT('Ctrl Pts',(-644.964191840439,45.4749060103851,-59.2926770923612));
#1002=CARTESIAN_POINT('Ctrl Pts',(-640.303502316523,44.0022358080962,-60.2903961233886));
#1003=CARTESIAN_POINT('Ctrl Pts',(-634.804816537581,42.264778151489,-61.4675059521249));
#1004=CARTESIAN_POINT('Ctrl Pts',(-629.474948389257,40.7657875328817,-62.4556729463294));
#1005=CARTESIAN_POINT('Ctrl Pts',(-624.396869326484,39.5229008755675,-63.3587165345531));
#1006=CARTESIAN_POINT('Ctrl Pts',(-619.547698825914,38.336040797239,-64.2210529169948));
#1007=CARTESIAN_POINT('Ctrl Pts',(-614.928905749293,37.382686424065,-65.0042470943498));
#1008=CARTESIAN_POINT('Ctrl Pts',(-610.59226080911,36.6723490881132,-65.7749507133074));
#1009=CARTESIAN_POINT('Ctrl Pts',(-606.360276409541,35.9791550255038,-66.5270541797218));
#1010=CARTESIAN_POINT('Ctrl Pts',(-602.396927301063,35.5172321473956,-67.2665971305994));
#1011=CARTESIAN_POINT('Ctrl Pts',(-598.736995698899,35.2936981198925,-68.0476185640828));
#1012=CARTESIAN_POINT('Ctrl Pts',(-598.148925152218,35.2577498809751,-68.1730905147524));
#1013=CARTESIAN_POINT('Ctrl Pts',(-597.56086813719,35.2221988064144,-68.2984860336662));
#1014=CARTESIAN_POINT('Ctrl Pts',(-596.972824403835,35.1870526855964,-68.4238038087268));
#1015=CARTESIAN_POINT('Ctrl Pts',(-794.520056722223,151.801478961948,51.6455505347264));
#1016=CARTESIAN_POINT('Ctrl Pts',(-790.846834464049,146.013193340507,45.7365860744019));
#1017=CARTESIAN_POINT('Ctrl Pts',(-786.589219569888,140.213712826087,39.414069930229));
#1018=CARTESIAN_POINT('Ctrl Pts',(-781.686564161334,134.392081732723,32.7428924443955));
#1019=CARTESIAN_POINT('Ctrl Pts',(-776.902229383724,128.71094981923,26.2327170815924));
#1020=CARTESIAN_POINT('Ctrl Pts',(-771.505985756554,123.008638634521,19.3879531960349));
#1021=CARTESIAN_POINT('Ctrl Pts',(-765.39822504962,117.26620922795,12.3099449150294));
#1022=CARTESIAN_POINT('Ctrl Pts',(-759.139414273221,111.381764702848,5.05689152439753));
#1023=CARTESIAN_POINT('Ctrl Pts',(-752.141798427237,105.462554381795,-2.41803707210322));
#1024=CARTESIAN_POINT('Ctrl Pts',(-744.254229771811,99.5923795700025,-9.71078502884599));
#1025=CARTESIAN_POINT('Ctrl Pts',(-740.358616345585,96.6931424526964,-13.3126207903422));
#1026=CARTESIAN_POINT('Ctrl Pts',(-736.246078339042,93.8058811782033,-16.8692345052564));
#1027=CARTESIAN_POINT('Ctrl Pts',(-731.904419793347,90.9411190732541,-20.3273749342532));
#1028=CARTESIAN_POINT('Ctrl Pts',(-727.667542786566,88.1454951049913,-23.70205664071));
#1029=CARTESIAN_POINT('Ctrl Pts',(-723.212251175935,85.3713203070291,-26.9829893522198));
#1030=CARTESIAN_POINT('Ctrl Pts',(-718.535502407987,82.6285616293258,-30.1175226265052));
#1031=CARTESIAN_POINT('Ctrl Pts',(-713.624573395776,79.7484639734208,-33.4090123259143));
#1032=CARTESIAN_POINT('Ctrl Pts',(-708.458705528315,76.898962582508,-36.5473966237805));
#1033=CARTESIAN_POINT('Ctrl Pts',(-703.119122938429,74.1231244329096,-39.4872663559999));
#1034=CARTESIAN_POINT('Ctrl Pts',(-697.844760067864,71.3811914401192,-42.3912273864527));
#1035=CARTESIAN_POINT('Ctrl Pts',(-692.40120671712,68.7111816430453,-45.1010033118837));
#1036=CARTESIAN_POINT('Ctrl Pts',(-686.878683375212,66.1554323634048,-47.5780330027612));
#1037=CARTESIAN_POINT('Ctrl Pts',(-681.456527405752,63.6461317493382,-50.010044692599));
#1038=CARTESIAN_POINT('Ctrl Pts',(-675.958493964305,61.246951464045,-52.2172091477334));
#1039=CARTESIAN_POINT('Ctrl Pts',(-670.477350568878,58.9986090813527,-54.1753737169172));
#1040=CARTESIAN_POINT('Ctrl Pts',(-665.128489027017,56.8045281686454,-56.0862799642304));
#1041=CARTESIAN_POINT('Ctrl Pts',(-659.796008212337,54.7540442046282,-57.7596194589021));
#1042=CARTESIAN_POINT('Ctrl Pts',(-654.569350631827,52.8861766099465,-59.1912290188659));
#1043=CARTESIAN_POINT('Ctrl Pts',(-649.675820690791,51.1373599217155,-60.5315931306605));
#1044=CARTESIAN_POINT('Ctrl Pts',(-644.860672008057,49.5450468269054,-61.6650292438689));
#1045=CARTESIAN_POINT('Ctrl Pts',(-640.17507411995,48.1169780573257,-62.6533697736401));
#1046=CARTESIAN_POINT('Ctrl Pts',(-634.64700143007,46.4321412119741,-63.8194148379846));
#1047=CARTESIAN_POINT('Ctrl Pts',(-629.298331498094,44.9761833525525,-64.7884797011897));
#1048=CARTESIAN_POINT('Ctrl Pts',(-624.218989058757,43.7673167771807,-65.6710275347109));
#1049=CARTESIAN_POINT('Ctrl Pts',(-619.368612131841,42.6129432308149,-66.5137920656981));
#1050=CARTESIAN_POINT('Ctrl Pts',(-614.764849379685,41.6838608549616,-67.2758120981803));
#1051=CARTESIAN_POINT('Ctrl Pts',(-610.459646335536,40.9897248450969,-68.0242279498363));
#1052=CARTESIAN_POINT('Ctrl Pts',(-606.258345013631,40.3123411059516,-68.7545815416765));
#1053=CARTESIAN_POINT('Ctrl Pts',(-602.341299834969,39.8585341824087,-69.4711428810568));
#1054=CARTESIAN_POINT('Ctrl Pts',(-598.739798364786,39.6355301233243,-70.2265707494059));
#1055=CARTESIAN_POINT('Ctrl Pts',(-598.163992927007,39.5999283877753,-70.3473741080053));
#1056=CARTESIAN_POINT('Ctrl Pts',(-597.588200882485,39.5647840460483,-70.4681117669198));
#1057=CARTESIAN_POINT('Ctrl Pts',(-597.012422006966,39.5301061984456,-70.5887826368061));
#1058=CARTESIAN_POINT('Ctrl Pts',(-794.51823522398,151.743207682034,51.703192962094));
#1059=CARTESIAN_POINT('Ctrl Pts',(-790.901006527378,146.205411658611,45.7048514087613));
#1060=CARTESIAN_POINT('Ctrl Pts',(-786.699107724742,140.645061724614,39.2804261101962));
#1061=CARTESIAN_POINT('Ctrl Pts',(-781.851974441297,135.054456801256,32.4929144860814));
#1062=CARTESIAN_POINT('Ctrl Pts',(-777.121821818449,129.59877547476,25.8692125917928));
#1063=CARTESIAN_POINT('Ctrl Pts',(-771.77997493592,124.114196093443,18.8967461669653));
#1064=CARTESIAN_POINT('Ctrl Pts',(-765.71869455289,118.584533392644,11.6823108101889));
#1065=CARTESIAN_POINT('Ctrl Pts',(-759.507513597977,112.918117473252,4.28945638723123));
#1066=CARTESIAN_POINT('Ctrl Pts',(-752.547516123325,107.210654872482,-3.33484108491449));
#1067=CARTESIAN_POINT('Ctrl Pts',(-744.672754668794,101.545351247241,-10.782971623427));
#1068=CARTESIAN_POINT('Ctrl Pts',(-740.783466626972,98.7472985354009,-14.4615497244434));
#1069=CARTESIAN_POINT('Ctrl Pts',(-736.671218947643,95.9595436190557,-18.0962178575483));
#1070=CARTESIAN_POINT('Ctrl Pts',(-732.323114934671,93.1925767845394,-21.632275252723));
#1071=CARTESIAN_POINT('Ctrl Pts',(-728.079948015448,90.4923878967437,-25.0829934781651));
#1072=CARTESIAN_POINT('Ctrl Pts',(-723.61190624634,87.8120196124348,-28.4398357047099));
#1073=CARTESIAN_POINT('Ctrl Pts',(-718.916877849175,85.16144350736,-31.6480679269133));
#1074=CARTESIAN_POINT('Ctrl Pts',(-713.98675388639,82.378144309701,-35.0169469237721));
#1075=CARTESIAN_POINT('Ctrl Pts',(-708.795857382459,79.6241878636218,-38.2301759700831));
#1076=CARTESIAN_POINT('Ctrl Pts',(-703.425675755367,76.940683953564,-41.2379869737781));
#1077=CARTESIAN_POINT('Ctrl Pts',(-698.121087596028,74.289957394332,-44.2090594148362));
#1078=CARTESIAN_POINT('Ctrl Pts',(-692.641935504816,71.7080247907042,-46.9791029158742));
#1079=CARTESIAN_POINT('Ctrl Pts',(-687.080791956167,69.2354068245803,-49.5059324241403));
#1080=CARTESIAN_POINT('Ctrl Pts',(-681.620717670829,66.8077266799851,-51.9868388601682));
#1081=CARTESIAN_POINT('Ctrl Pts',(-676.081910835831,64.4853964660924,-54.2327163170291));
#1082=CARTESIAN_POINT('Ctrl Pts',(-670.560498244308,62.3074757091547,-56.218023593413));
#1083=CARTESIAN_POINT('Ctrl Pts',(-665.172339362681,60.1821168674716,-58.1554174861334));
#1084=CARTESIAN_POINT('Ctrl Pts',(-659.801117263489,58.1942270853335,-59.84415351313));
#1085=CARTESIAN_POINT('Ctrl Pts',(-654.539540006096,56.3814086900744,-61.2818755607536));
#1086=CARTESIAN_POINT('Ctrl Pts',(-649.613316038003,54.6841325708315,-62.6279625730667));
#1087=CARTESIAN_POINT('Ctrl Pts',(-644.769307700445,53.1372628209901,-63.7588146253617));
#1088=CARTESIAN_POINT('Ctrl Pts',(-640.061726242662,51.7485582864971,-64.7388778979735));
#1089=CARTESIAN_POINT('Ctrl Pts',(-634.507717317096,50.110163401838,-65.8951574467226));
#1090=CARTESIAN_POINT('Ctrl Pts',(-629.14245334796,48.69218530105,-66.8473631928627));
#1091=CARTESIAN_POINT('Ctrl Pts',(-624.061995880495,47.513344095311,-67.711821927954));
#1092=CARTESIAN_POINT('Ctrl Pts',(-619.210554188449,46.3876424413857,-68.5373127770226));
#1093=CARTESIAN_POINT('Ctrl Pts',(-614.620056867239,45.4799819919262,-69.2806449789599));
#1094=CARTESIAN_POINT('Ctrl Pts',(-610.342603743031,44.8001449130614,-70.0093901416195));
#1095=CARTESIAN_POINT('Ctrl Pts',(-606.168382624812,44.1367150146748,-70.7205477766521));
#1096=CARTESIAN_POINT('Ctrl Pts',(-602.292204267414,43.6900710525898,-71.4168260555408));
#1097=CARTESIAN_POINT('Ctrl Pts',(-598.742271935525,43.467534731875,-72.1496656110611));
#1098=CARTESIAN_POINT('Ctrl Pts',(-598.177291410778,43.4322388125123,-72.2663485738658));
#1099=CARTESIAN_POINT('Ctrl Pts',(-597.612324157142,43.3974534441616,-72.3829753088733));
#1100=CARTESIAN_POINT('Ctrl Pts',(-597.04736997307,43.3631888841106,-72.499544923338));
#1101=CARTESIAN_POINT('Ctrl Pts',(-794.516955075728,151.693488772698,51.7474568912694));
#1102=CARTESIAN_POINT('Ctrl Pts',(-790.955287396534,146.413399227201,45.6695408786815));
#1103=CARTESIAN_POINT('Ctrl Pts',(-786.811872458367,141.102018775624,39.153568498829));
#1104=CARTESIAN_POINT('Ctrl Pts',(-782.025189039796,135.754879570236,32.2597013807196));
#1105=CARTESIAN_POINT('Ctrl Pts',(-777.354027385456,130.536788162787,25.532210774742));
#1106=CARTESIAN_POINT('Ctrl Pts',(-772.073486210746,125.284558529945,18.4413689230092));
#1107=CARTESIAN_POINT('Ctrl Pts',(-766.066133219703,119.984807384547,11.0989837873131));
#1108=CARTESIAN_POINT('Ctrl Pts',(-759.910213326626,114.553988927074,3.57501527957621));
#1109=CARTESIAN_POINT('Ctrl Pts',(-752.995887950102,109.07863998719,-4.19119108238545));
#1110=CARTESIAN_POINT('Ctrl Pts',(-745.140054691537,103.640790592761,-11.7889490552977));
#1111=CARTESIAN_POINT('Ctrl Pts',(-741.260115149558,100.955075889517,-15.5414270699432));
#1112=CARTESIAN_POINT('Ctrl Pts',(-737.150704614466,98.2785210640682,-19.251709739494));
#1113=CARTESIAN_POINT('Ctrl Pts',(-732.798014467185,95.6215027348693,-22.8635868794935));
#1114=CARTESIAN_POINT('Ctrl Pts',(-728.550372095367,93.0286088563899,-26.3882950168844));
#1115=CARTESIAN_POINT('Ctrl Pts',(-724.070734355112,90.4543445794266,-29.819326669918));
#1116=CARTESIAN_POINT('Ctrl Pts',(-719.357870649504,87.9086016286313,-33.0997133840113));
#1117=CARTESIAN_POINT('Ctrl Pts',(-714.409018305524,85.2353849272402,-36.5443598862815));
#1118=CARTESIAN_POINT('Ctrl Pts',(-709.192855427498,82.5905880804971,-39.8308354324938));
#1119=CARTESIAN_POINT('Ctrl Pts',(-703.79105263171,80.0131997923396,-42.9047488353508));
#1120=CARTESIAN_POINT('Ctrl Pts',(-698.455229536815,77.4672927179113,-45.9411162753955));
#1121=CARTESIAN_POINT('Ctrl Pts',(-692.938709214928,74.9872116023621,-48.769365484404));
#1122=CARTESIAN_POINT('Ctrl Pts',(-687.336532561342,72.6114934288766,-51.3434685870746));
#1123=CARTESIAN_POINT('Ctrl Pts',(-681.836170914392,70.2789520019589,-53.8707894583576));
#1124=CARTESIAN_POINT('Ctrl Pts',(-676.253605749307,68.0469853102299,-56.1524451996693));
#1125=CARTESIAN_POINT('Ctrl Pts',(-670.688544981898,65.9528337068074,-58.1614620961344));
#1126=CARTESIAN_POINT('Ctrl Pts',(-665.257791328974,63.909222334823,-60.1219934012295));
#1127=CARTESIAN_POINT('Ctrl Pts',(-659.844160224944,61.9967973317541,-61.8222969084956));
#1128=CARTESIAN_POINT('Ctrl Pts',(-654.543873903944,60.2515621216903,-63.2620147290711));
#1129=CARTESIAN_POINT('Ctrl Pts',(-649.581408043431,58.6175616877528,-64.6099703112198));
#1130=CARTESIAN_POINT('Ctrl Pts',(-644.705044134778,57.1275197176346,-65.7339919228245));
#1131=CARTESIAN_POINT('Ctrl Pts',(-639.972349321625,55.789144658867,-66.7013794345169));
#1132=CARTESIAN_POINT('Ctrl Pts',(-634.38871163634,54.2101285358724,-67.8427041088965));
#1133=CARTESIAN_POINT('Ctrl Pts',(-629.003644905755,52.8424818906247,-68.7726935622634));
#1134=CARTESIAN_POINT('Ctrl Pts',(-623.920052074435,51.7050605874286,-69.6141934932078));
#1135=CARTESIAN_POINT('Ctrl Pts',(-619.065616353795,50.6189117185357,-70.4177604701938));
#1136=CARTESIAN_POINT('Ctrl Pts',(-614.487556260924,49.7426759649723,-71.1381978871139));
#1137=CARTESIAN_POINT('Ctrl Pts',(-610.238242761455,49.086139205285,-71.843655533853));
#1138=CARTESIAN_POINT('Ctrl Pts',(-606.091482146584,48.4454472964328,-72.5320876736145));
#1139=CARTESIAN_POINT('Ctrl Pts',(-602.257712878224,48.0138025203277,-73.2051030331791));
#1140=CARTESIAN_POINT('Ctrl Pts',(-598.761954499673,47.7985763666058,-73.9127955450547));
#1141=CARTESIAN_POINT('Ctrl Pts',(-598.207720062207,47.7645502871273,-74.0250223082787));
#1142=CARTESIAN_POINT('Ctrl Pts',(-597.653497026978,47.7310648350362,-74.1372033105119));
#1143=CARTESIAN_POINT('Ctrl Pts',(-597.099285208166,47.6981308682059,-74.2493377498258));
#1144=CARTESIAN_POINT('Ctrl Pts',(-794.515669881524,151.652313713256,51.7816319048856));
#1145=CARTESIAN_POINT('Ctrl Pts',(-791.00948749183,146.635147618118,45.6305969302153));
#1146=CARTESIAN_POINT('Ctrl Pts',(-786.926244799908,141.581449165808,39.0298721101495));
#1147=CARTESIAN_POINT('Ctrl Pts',(-782.202918624195,136.489458558278,32.03624494966));
#1148=CARTESIAN_POINT('Ctrl Pts',(-777.593585149721,131.520357995273,25.2114019090524));
#1149=CARTESIAN_POINT('Ctrl Pts',(-772.378373790757,126.514708024934,18.0084009054005));
#1150=CARTESIAN_POINT('Ctrl Pts',(-766.429228413227,121.461512860329,10.5438159745922));
#1151=CARTESIAN_POINT('Ctrl Pts',(-760.332955656998,116.283347920833,2.89462556782882));
#1152=CARTESIAN_POINT('Ctrl Pts',(-753.468845819818,111.059874135488,-5.00834826637329));
#1153=CARTESIAN_POINT('Ctrl Pts',(-745.635168710511,105.871113908812,-12.7515304387808));
#1154=CARTESIAN_POINT('Ctrl Pts',(-741.766171931289,103.308422553903,-16.5758324195686));
#1155=CARTESIAN_POINT('Ctrl Pts',(-737.660867884466,100.754210410365,-20.3598725323694));
#1156=CARTESIAN_POINT('Ctrl Pts',(-733.304404022425,98.2186329392745,-24.0458728837427));
#1157=CARTESIAN_POINT('Ctrl Pts',(-729.053079010637,95.7442490665881,-27.642915343751));
#1158=CARTESIAN_POINT('Ctrl Pts',(-724.56219957889,93.2876368176648,-31.1466332025052));
#1159=CARTESIAN_POINT('Ctrl Pts',(-719.831388750516,90.858499826179,-34.4977124517635));
#1160=CARTESIAN_POINT('Ctrl Pts',(-714.863690612108,88.3077279292841,-38.0165912977224));
#1161=CARTESIAN_POINT('Ctrl Pts',(-709.621723674134,85.7846109342707,-41.3746891348708));
#1162=CARTESIAN_POINT('Ctrl Pts',(-704.187298856175,83.3258883137467,-44.5128412584429));
#1163=CARTESIAN_POINT('Ctrl Pts',(-698.819252197059,80.8971974787604,-47.6126627827138));
#1164=CARTESIAN_POINT('Ctrl Pts',(-693.263925530402,78.5313932672629,-50.497037798168));
#1165=CARTESIAN_POINT('Ctrl Pts',(-687.618906357437,76.2648931308836,-53.1159624786167));
#1166=CARTESIAN_POINT('Ctrl Pts',(-682.076480819072,74.0395847920317,-55.6872903319376));
#1167=CARTESIAN_POINT('Ctrl Pts',(-676.448024071838,71.9099735791994,-58.0019542450468));
#1168=CARTESIAN_POINT('Ctrl Pts',(-670.836986513767,69.9113367470759,-60.0315006843237));
#1169=CARTESIAN_POINT('Ctrl Pts',(-665.361365673535,67.9609349939654,-62.0120660724734));
#1170=CARTESIAN_POINT('Ctrl Pts',(-659.902867867008,66.1352042417548,-63.720440003291));
#1171=CARTESIAN_POINT('Ctrl Pts',(-654.561449360015,64.4683801056326,-65.1583456600228));
#1172=CARTESIAN_POINT('Ctrl Pts',(-649.560472925469,62.9077931165462,-66.5046045788852));
#1173=CARTESIAN_POINT('Ctrl Pts',(-644.64962888964,61.4842691009051,-67.6179048497933));
#1174=CARTESIAN_POINT('Ctrl Pts',(-639.890093355365,60.2053605391783,-68.5685377116864));
#1175=CARTESIAN_POINT('Ctrl Pts',(-634.27478896266,58.6965030439843,-69.6900952348517));
#1176=CARTESIAN_POINT('Ctrl Pts',(-628.868443213657,57.3891911684571,-70.5928058643416));
#1177=CARTESIAN_POINT('Ctrl Pts',(-623.781146748785,56.3021344066272,-71.4065742413893));
#1178=CARTESIAN_POINT('Ctrl Pts',(-618.923174346196,55.2640797570737,-72.1836597415355));
#1179=CARTESIAN_POINT('Ctrl Pts',(-614.357828640037,54.4268473799651,-72.8769212113031));
#1180=CARTESIAN_POINT('Ctrl Pts',(-610.137803090094,53.8000948167045,-73.5551736486043));
#1181=CARTESIAN_POINT('Ctrl Pts',(-606.019623589702,53.1884682928147,-74.2170571491492));
#1182=CARTESIAN_POINT('Ctrl Pts',(-602.230221775849,52.7771097061416,-74.8633283083124));
#1183=CARTESIAN_POINT('Ctrl Pts',(-598.791412617992,52.573336691234,-75.5425416271876));
#1184=CARTESIAN_POINT('Ctrl Pts',(-598.247872041689,52.5411861412524,-75.6499184179552));
#1185=CARTESIAN_POINT('Ctrl Pts',(-597.704340764823,52.5095789008974,-75.7572607731736));
#1186=CARTESIAN_POINT('Ctrl Pts',(-597.160818615697,52.4785258317273,-75.8645680149919));
#1187=CARTESIAN_POINT('Ctrl Pts',(-794.513486375575,151.582358536898,51.8396942158313));
#1188=CARTESIAN_POINT('Ctrl Pts',(-791.101571808801,147.011891404373,45.5644323436935));
#1189=CARTESIAN_POINT('Ctrl Pts',(-787.120559937063,142.395986848346,38.8197156998841));
#1190=CARTESIAN_POINT('Ctrl Pts',(-782.504875794117,137.737485964991,31.6565992550401));
#1191=CARTESIAN_POINT('Ctrl Pts',(-778.000586520792,133.191413289992,24.666357382576));
#1192=CARTESIAN_POINT('Ctrl Pts',(-772.896368536065,128.604694682723,17.2728013837676));
#1193=CARTESIAN_POINT('Ctrl Pts',(-767.046116127332,123.970390646678,9.60060270974402));
#1194=CARTESIAN_POINT('Ctrl Pts',(-761.051182046359,119.221476366363,1.73866409693362));
#1195=CARTESIAN_POINT('Ctrl Pts',(-754.272386886516,114.425930824341,-6.39667352180528));
#1196=CARTESIAN_POINT('Ctrl Pts',(-746.476352402376,109.660365533989,-14.38692699563));
#1197=CARTESIAN_POINT('Ctrl Pts',(-742.625947044973,107.306687114229,-18.333255715085));
#1198=CARTESIAN_POINT('Ctrl Pts',(-738.52761979709,104.960331474241,-22.2426074854796));
#1199=CARTESIAN_POINT('Ctrl Pts',(-734.164744508201,102.631078335428,-26.0545409233881));
#1200=CARTESIAN_POINT('Ctrl Pts',(-729.907162802869,100.358039365886,-29.7744772022259));
#1201=CARTESIAN_POINT('Ctrl Pts',(-725.397184078453,98.1013143419439,-33.4016867185226));
#1202=CARTESIAN_POINT('Ctrl Pts',(-720.635881633185,95.8702873364135,-36.872870439556));
#1203=CARTESIAN_POINT('Ctrl Pts',(-715.636165062001,93.5275454462414,-40.5178677845412));
#1204=CARTESIAN_POINT('Ctrl Pts',(-710.35035780931,91.2111588264164,-43.9976497203021));
#1205=CARTESIAN_POINT('Ctrl Pts',(-704.860509165739,88.9540455737795,-47.2449414807677));
#1206=CARTESIAN_POINT('Ctrl Pts',(-699.437715648973,86.7245015721723,-50.4525695683509));
#1207=CARTESIAN_POINT('Ctrl Pts',(-693.816458180298,84.5528503524325,-53.4323006255762));
#1208=CARTESIAN_POINT('Ctrl Pts',(-688.098650867151,82.4719083464038,-56.1273758063658));
#1209=CARTESIAN_POINT('Ctrl Pts',(-682.484760053882,80.4287857697246,-58.773470186587));
#1210=CARTESIAN_POINT('Ctrl Pts',(-676.778334901354,78.4730734091186,-61.1442139818049));
#1211=CARTESIAN_POINT('Ctrl Pts',(-671.089184171314,76.6367132746239,-63.2086394912614));
#1212=CARTESIAN_POINT('Ctrl Pts',(-665.537335341535,74.8446718351317,-65.2232421785001));
#1213=CARTESIAN_POINT('Ctrl Pts',(-660.002610369137,73.1662319840182,-66.9453275139998));
#1214=CARTESIAN_POINT('Ctrl Pts',(-654.591309526475,71.6326258828002,-68.3801543593591));
#1215=CARTESIAN_POINT('Ctrl Pts',(-649.524904795417,70.1967661084676,-69.7235306987905));
#1216=CARTESIAN_POINT('Ctrl Pts',(-644.555480069966,68.8862540787084,-70.8186157372405));
#1217=CARTESIAN_POINT('Ctrl Pts',(-639.750342965103,67.7083772906866,-71.7407829576169));
#1218=CARTESIAN_POINT('Ctrl Pts',(-634.081237797552,66.3187171748591,-72.8287566907886));
#1219=CARTESIAN_POINT('Ctrl Pts',(-628.638739642061,65.1139122419679,-73.6851214264052));
#1220=CARTESIAN_POINT('Ctrl Pts',(-623.545150816188,64.1124233073897,-74.451774735016));
#1221=CARTESIAN_POINT('Ctrl Pts',(-618.681169698302,63.1560792768671,-75.1838690097062));
#1222=CARTESIAN_POINT('Ctrl Pts',(-614.137425349296,62.3851124526293,-75.8309593700332));
#1223=CARTESIAN_POINT('Ctrl Pts',(-609.967159136728,61.8089623351678,-76.4629909821592));
#1224=CARTESIAN_POINT('Ctrl Pts',(-605.897538082418,61.2467170182145,-77.079769150408));
#1225=CARTESIAN_POINT('Ctrl Pts',(-602.183515227252,60.8698240517141,-77.6806027247574));
#1226=CARTESIAN_POINT('Ctrl Pts',(-598.841461066981,60.6855095720573,-78.3114307590491));
#1227=CARTESIAN_POINT('Ctrl Pts',(-598.316089036244,60.6565454897696,-78.4105675938067));
#1228=CARTESIAN_POINT('Ctrl Pts',(-597.79072273235,60.628129274152,-78.5096892345965));
#1229=CARTESIAN_POINT('Ctrl Pts',(-597.265362007595,60.6002717930227,-78.6087952143719));
#1230=CARTESIAN_POINT('Ctrl Pts',(-794.511152499431,151.536863450165,51.868928988268));
#1231=CARTESIAN_POINT('Ctrl Pts',(-791.193279527081,147.428395235119,45.4879837559899));
#1232=CARTESIAN_POINT('Ctrl Pts',(-787.319377343442,143.275828968626,38.618776080355));
#1233=CARTESIAN_POINT('Ctrl Pts',(-782.819732575271,139.085004221872,31.3051182024448));
#1234=CARTESIAN_POINT('Ctrl Pts',(-778.428682183744,134.995320792811,24.1679680621809));
#1235=CARTESIAN_POINT('Ctrl Pts',(-773.447077218184,130.869125257811,16.6017328260163));
#1236=CARTESIAN_POINT('Ctrl Pts',(-767.708031043453,126.702266901552,8.73850893412049));
#1237=CARTESIAN_POINT('Ctrl Pts',(-761.827053420365,122.432358626614,0.680820888817454));
#1238=CARTESIAN_POINT('Ctrl Pts',(-755.146592799115,118.122300091507,-7.67195803258179));
#1239=CARTESIAN_POINT('Ctrl Pts',(-747.397375435182,113.84283936529,-15.8969183585205));
#1240=CARTESIAN_POINT('Ctrl Pts',(-743.570092716708,111.729244493365,-19.9591671040654));
#1241=CARTESIAN_POINT('Ctrl Pts',(-739.482325312524,109.623121844526,-23.9883182614139));
#1242=CARTESIAN_POINT('Ctrl Pts',(-735.11530233485,107.533557509391,-27.9210924986722));
#1243=CARTESIAN_POINT('Ctrl Pts',(-730.853673041008,105.494422696613,-31.7589532063561));
#1244=CARTESIAN_POINT('Ctrl Pts',(-726.325538217784,103.471084775412,-35.5050831747448));
#1245=CARTESIAN_POINT('Ctrl Pts',(-721.533355047594,101.472288106184,-39.091877436456));
#1246=CARTESIAN_POINT('Ctrl Pts',(-716.501211451684,99.3734050916224,-42.8582743234099));
#1247=CARTESIAN_POINT('Ctrl Pts',(-711.169951514792,97.3000014470937,-46.4547446385317));
#1248=CARTESIAN_POINT('Ctrl Pts',(-705.621742851244,95.2807879574553,-49.8054660296553));
#1249=CARTESIAN_POINT('Ctrl Pts',(-700.141302146274,93.2862379194682,-53.1152604185319));
#1250=CARTESIAN_POINT('Ctrl Pts',(-694.44992886643,91.3446226689408,-56.1839945963029));
#1251=CARTESIAN_POINT('Ctrl Pts',(-688.65409829372,89.4847465152493,-58.94776878998));
#1252=CARTESIAN_POINT('Ctrl Pts',(-682.963602230203,87.6586720987468,-61.6613136343754));
#1253=CARTESIAN_POINT('Ctrl Pts',(-677.173060233033,85.911361515212,-64.0797503037785));
#1254=CARTESIAN_POINT('Ctrl Pts',(-671.399116840581,84.2709854630907,-66.1694672054751));
#1255=CARTESIAN_POINT('Ctrl Pts',(-665.764521733559,82.6701982283138,-68.2087509027757));
#1256=CARTESIAN_POINT('Ctrl Pts',(-660.146548580163,81.1711901459106,-69.9340382531601));
#1257=CARTESIAN_POINT('Ctrl Pts',(-654.658481614852,79.8016899622239,-71.354382802889));
#1258=CARTESIAN_POINT('Ctrl Pts',(-649.520203547181,78.5194766069595,-72.684199894141));
#1259=CARTESIAN_POINT('Ctrl Pts',(-644.486180501397,77.3495354073045,-73.7494889415473));
#1260=CARTESIAN_POINT('Ctrl Pts',(-639.630565910564,76.2985935503413,-74.6311193639002));
#1261=CARTESIAN_POINT('Ctrl Pts',(-633.901907358727,75.0586913827061,-75.6712677455502));
#1262=CARTESIAN_POINT('Ctrl Pts',(-628.419120328843,73.9846304274491,-76.4663975987765));
#1263=CARTESIAN_POINT('Ctrl Pts',(-623.31762988262,73.0938929926167,-77.1719620534178));
#1264=CARTESIAN_POINT('Ctrl Pts',(-618.446103331936,72.2433080294151,-77.845721224436));
#1265=CARTESIAN_POINT('Ctrl Pts',(-613.924704746792,71.5598801462073,-78.4341627682113));
#1266=CARTESIAN_POINT('Ctrl Pts',(-609.807315390647,71.0524750036798,-79.0086081202321));
#1267=CARTESIAN_POINT('Ctrl Pts',(-605.789295063296,70.5573155712023,-79.5691898145349));
#1268=CARTESIAN_POINT('Ctrl Pts',(-602.155985659265,70.229616773416,-80.1145397272272));
#1269=CARTESIAN_POINT('Ctrl Pts',(-598.918144795977,70.0762198149954,-80.6874474608516));
#1270=CARTESIAN_POINT('Ctrl Pts',(-598.410805786281,70.0521419258775,-80.7771967311484));
#1271=CARTESIAN_POINT('Ctrl Pts',(-597.903468635922,70.0285380646364,-80.8669539294867));
#1272=CARTESIAN_POINT('Ctrl Pts',(-597.396133208813,70.0054174500671,-80.956718921101));
#1273=CARTESIAN_POINT('Ctrl Pts',(-794.509655099736,151.515574709694,51.8816785804185));
#1274=CARTESIAN_POINT('Ctrl Pts',(-791.285886515278,147.868161643817,45.4046974138907));
#1275=CARTESIAN_POINT('Ctrl Pts',(-787.517679522625,144.182184452622,38.4190088526381));
#1276=CARTESIAN_POINT('Ctrl Pts',(-783.131609770056,140.465349995238,30.9620139181283));
#1277=CARTESIAN_POINT('Ctrl Pts',(-778.851393375973,136.838217579189,23.68498601619));
#1278=CARTESIAN_POINT('Ctrl Pts',(-773.988985752694,133.181645943669,15.9523310539093));
#1279=CARTESIAN_POINT('Ctrl Pts',(-768.357411162895,129.493641383664,7.9037171645671));
#1280=CARTESIAN_POINT('Ctrl Pts',(-762.586562987604,125.714429362904,-0.343945729052445));
#1281=CARTESIAN_POINT('Ctrl Pts',(-756.000356793747,121.904267202233,-8.90913670224691));
#1282=CARTESIAN_POINT('Ctrl Pts',(-748.294450342925,118.126816697772,-17.3638344237161));
#1283=CARTESIAN_POINT('Ctrl Pts',(-744.488558572916,116.261161063579,-21.539548816488));
#1284=CARTESIAN_POINT('Ctrl Pts',(-740.409755218313,114.403483613397,-25.6860575980821));
#1285=CARTESIAN_POINT('Ctrl Pts',(-736.037187868154,112.561984061801,-29.7371664190799));
#1286=CARTESIAN_POINT('Ctrl Pts',(-731.770148009651,110.764927239842,-33.6905058249793));
#1287=CARTESIAN_POINT('Ctrl Pts',(-727.222685913252,108.983304495113,-37.5530465295416));
#1288=CARTESIAN_POINT('Ctrl Pts',(-722.398657116156,107.225032835552,-41.2528445569572));
#1289=CARTESIAN_POINT('Ctrl Pts',(-717.333073277709,105.378718711632,-45.137903681081));
#1290=CARTESIAN_POINT('Ctrl Pts',(-711.95561431763,103.556833930331,-48.8482041899185));
#1291=CARTESIAN_POINT('Ctrl Pts',(-706.348618837072,101.783882532382,-52.2994950596851));
#1292=CARTESIAN_POINT('Ctrl Pts',(-700.810109359929,100.032586646002,-55.7086305328389));
#1293=CARTESIAN_POINT('Ctrl Pts',(-695.048505289401,98.3290993014271,-58.8635462454977));
#1294=CARTESIAN_POINT('Ctrl Pts',(-689.174839824489,96.698171193903,-61.6932671500674));
#1295=CARTESIAN_POINT('Ctrl Pts',(-683.407923454665,95.096883878942,-64.4715601774933));
#1296=CARTESIAN_POINT('Ctrl Pts',(-677.533736360942,93.5655121983362,-66.9350572210194));
#1297=CARTESIAN_POINT('Ctrl Pts',(-671.675786304481,92.1283598880255,-69.0474510434454));
#1298=CARTESIAN_POINT('Ctrl Pts',(-665.959211949341,90.7258917955414,-71.1088643769234));
#1299=CARTESIAN_POINT('Ctrl Pts',(-660.259048825532,89.4130961666939,-72.8348226414244));
#1300=CARTESIAN_POINT('Ctrl Pts',(-654.695712418958,88.2140630919485,-74.2379819183784));
#1301=CARTESIAN_POINT('Ctrl Pts',(-649.486962303179,87.0914519085724,-75.5517090619779));
#1302=CARTESIAN_POINT('Ctrl Pts',(-644.390124911866,86.067548449011,-76.5846255508891));
#1303=CARTESIAN_POINT('Ctrl Pts',(-639.48639270211,85.1483856854373,-77.4229024402985));
#1304=CARTESIAN_POINT('Ctrl Pts',(-633.700964939296,84.0639566131595,-78.4119022839822));
#1305=CARTESIAN_POINT('Ctrl Pts',(-628.18156599845,83.1254729245652,-79.1420492739849));
#1306=CARTESIAN_POINT('Ctrl Pts',(-623.076368938686,82.3494312889602,-79.7822837529217));
#1307=CARTESIAN_POINT('Ctrl Pts',(-618.201302860394,81.6083718922725,-80.3936578789113));
#1308=CARTESIAN_POINT('Ctrl Pts',(-613.706646565449,81.0154540314367,-80.9190078607499));
#1309=CARTESIAN_POINT('Ctrl Pts',(-609.647187510588,80.5788809262132,-81.4308701259681));
#1310=CARTESIAN_POINT('Ctrl Pts',(-605.685699395277,80.1528440714415,-81.930379112987));
#1311=CARTESIAN_POINT('Ctrl Pts',(-602.138666641189,79.8755366620921,-82.4148904638903));
#1312=CARTESIAN_POINT('Ctrl Pts',(-599.012239215707,79.7532271881643,-82.9234759803412));
#1313=CARTESIAN_POINT('Ctrl Pts',(-598.522952612329,79.734071529803,-83.0030664250134));
#1314=CARTESIAN_POINT('Ctrl Pts',(-598.033665646691,79.7152954351985,-83.0826841547093));
#1315=CARTESIAN_POINT('Ctrl Pts',(-597.544378192009,79.6969061639699,-83.1623293561053));
#1316=CARTESIAN_POINT('Ctrl Pts',(-794.508522960906,151.499478933924,51.8913181632153));
#1317=CARTESIAN_POINT('Ctrl Pts',(-791.355903871108,148.200655786208,45.3417271179757));
#1318=CARTESIAN_POINT('Ctrl Pts',(-787.667609830392,144.86745254812,38.2679708657799));
#1319=CARTESIAN_POINT('Ctrl Pts',(-783.36741072793,141.508987878989,30.7026030979561));
#1320=CARTESIAN_POINT('Ctrl Pts',(-779.17099258264,138.23157635872,23.3198178314541));
#1321=CARTESIAN_POINT('Ctrl Pts',(-774.39870648141,134.930073215508,15.4613379243446));
#1322=CARTESIAN_POINT('Ctrl Pts',(-768.848387921532,131.604115594894,7.27255623912337));
#1323=CARTESIAN_POINT('Ctrl Pts',(-763.160805306258,128.195904239443,-1.11874091809084));
#1324=CARTESIAN_POINT('Ctrl Pts',(-756.645862047412,124.763698678037,-9.84453024895478));
#1325=CARTESIAN_POINT('Ctrl Pts',(-748.972701674111,121.365802989163,-18.4729254989102));
#1326=CARTESIAN_POINT('Ctrl Pts',(-745.182982956259,119.687606748376,-22.7344278516522));
#1327=CARTESIAN_POINT('Ctrl Pts',(-741.110957049682,118.017771233422,-26.9696671998718));
#1328=CARTESIAN_POINT('Ctrl Pts',(-736.734197766401,116.363825996638,-31.1102452371569));
#1329=CARTESIAN_POINT('Ctrl Pts',(-732.463067142843,114.749797055749,-35.1508946102757));
#1330=CARTESIAN_POINT('Ctrl Pts',(-727.900992277046,113.150927879083,-39.1014499678983));
#1331=CARTESIAN_POINT('Ctrl Pts',(-723.052885960164,111.574509938293,-42.8866867405699));
#1332=CARTESIAN_POINT('Ctrl Pts',(-717.962018961057,109.919155548968,-46.8614628098759));
#1333=CARTESIAN_POINT('Ctrl Pts',(-712.549630310374,108.287436608145,-50.6578269013087));
#1334=CARTESIAN_POINT('Ctrl Pts',(-706.898187887261,106.70067656397,-54.18515532622));
#1335=CARTESIAN_POINT('Ctrl Pts',(-701.315774359645,105.133297818422,-57.6693996025194));
#1336=CARTESIAN_POINT('Ctrl Pts',(-695.501070902587,103.609851814666,-60.8894745792005));
#1337=CARTESIAN_POINT('Ctrl Pts',(-689.568556818912,102.152024432338,-63.7690558065417));
#1338=CARTESIAN_POINT('Ctrl Pts',(-683.743861356133,100.720691877607,-66.5963029859044));
#1339=CARTESIAN_POINT('Ctrl Pts',(-677.806432723052,99.3525851006373,-69.0938688217564));
#1340=CARTESIAN_POINT('Ctrl Pts',(-671.884967756964,98.0690841434323,-71.2234079812542));
#1341=CARTESIAN_POINT('Ctrl Pts',(-666.106411360318,96.8165591840119,-73.3015528664304));
#1342=CARTESIAN_POINT('Ctrl Pts',(-660.344106874221,95.6445531853476,-75.028018388897));
#1343=CARTESIAN_POINT('Ctrl Pts',(-654.723861509105,94.5744051597381,-76.4181843984708));
#1344=CARTESIAN_POINT('Ctrl Pts',(-649.46182959932,93.5724643736825,-77.7197464170401));
#1345=CARTESIAN_POINT('Ctrl Pts',(-644.317500172388,92.6589756529206,-78.7281869890533));
#1346=CARTESIAN_POINT('Ctrl Pts',(-639.377387679552,91.8394470946318,-79.533685577368));
#1347=CARTESIAN_POINT('Ctrl Pts',(-633.549038425363,90.8725665492157,-80.4840135513288));
#1348=CARTESIAN_POINT('Ctrl Pts',(-628.001958320843,90.0365887503737,-81.1650289547657));
#1349=CARTESIAN_POINT('Ctrl Pts',(-622.89395880217,89.3472651556325,-81.7558694058398));
#1350=CARTESIAN_POINT('Ctrl Pts',(-618.016216593612,88.6890147425045,-82.3200760773932));
#1351=CARTESIAN_POINT('Ctrl Pts',(-613.541779339206,88.164528784768,-82.7977244286314));
#1352=CARTESIAN_POINT('Ctrl Pts',(-609.526119641147,87.7815096505423,-83.2622695059901));
#1353=CARTESIAN_POINT('Ctrl Pts',(-605.607373829449,87.4077342958298,-83.7156032576336));
#1354=CARTESIAN_POINT('Ctrl Pts',(-602.125572253014,87.1685262982382,-84.154116403521));
#1355=CARTESIAN_POINT('Ctrl Pts',(-599.08338117374,87.0697211354426,-84.6140698279957));
#1356=CARTESIAN_POINT('Ctrl Pts',(-598.607743451309,87.054287027572,-84.6859794904459));
#1357=CARTESIAN_POINT('Ctrl Pts',(-598.132103686936,87.0391610619808,-84.7579310731514));
#1358=CARTESIAN_POINT('Ctrl Pts',(-597.656461760869,87.0243490170144,-84.829925005821));
#1359=CARTESIAN_POINT('Ctrl Pts',(-794.507938864006,151.497170921062,51.8914076979983));
#1360=CARTESIAN_POINT('Ctrl Pts',(-791.426506676843,148.546278649429,45.2748904725939));
#1361=CARTESIAN_POINT('Ctrl Pts',(-787.817320309612,145.567196179967,38.1177543568599));
#1362=CARTESIAN_POINT('Ctrl Pts',(-783.60158711746,142.569925659292,30.4481820935953));
#1363=CARTESIAN_POINT('Ctrl Pts',(-779.487596383143,139.64499123193,22.9637072017831));
#1364=CARTESIAN_POINT('Ctrl Pts',(-774.803484286473,136.702733171672,14.9829734968734));
#1365=CARTESIAN_POINT('Ctrl Pts',(-769.332308261138,133.744160985409,6.65717526778419));
#1366=CARTESIAN_POINT('Ctrl Pts',(-763.725825441981,130.712420815707,-1.87452696789563));
#1367=CARTESIAN_POINT('Ctrl Pts',(-757.279858879911,127.665022238096,-10.7581786375205));
#1368=CARTESIAN_POINT('Ctrl Pts',(-749.637517320532,124.654308571553,-19.5576440698724));
#1369=CARTESIAN_POINT('Ctrl Pts',(-745.863019793205,123.167338746722,-23.9036367552484));
#1370=CARTESIAN_POINT('Ctrl Pts',(-741.796904332666,121.689296702823,-28.226334604853));
#1371=CARTESIAN_POINT('Ctrl Pts',(-737.415205058597,120.226943529236,-32.455092332539));
#1372=CARTESIAN_POINT('Ctrl Pts',(-733.139253665934,118.79988277083,-36.5817932683941));
#1373=CARTESIAN_POINT('Ctrl Pts',(-728.561950504388,117.387788601197,-40.6190868478464));
#1374=CARTESIAN_POINT('Ctrl Pts',(-723.689270097332,115.997231307795,-44.4884487519084));
#1375=CARTESIAN_POINT('Ctrl Pts',(-718.572598502263,114.537044221821,-48.5515623755497));
#1376=CARTESIAN_POINT('Ctrl Pts',(-713.124906458002,113.099610637127,-52.432559016491));
#1377=CARTESIAN_POINT('Ctrl Pts',(-707.428820767727,111.703086281812,-56.0345075141449));
#1378=CARTESIAN_POINT('Ctrl Pts',(-701.802309263018,110.323619613114,-59.5924604248642));
#1379=CARTESIAN_POINT('Ctrl Pts',(-695.934482664523,108.984137118807,-62.876310861344));
#1380=CARTESIAN_POINT('Ctrl Pts',(-689.94326299181,107.703249456552,-65.8044206161729));
#1381=CARTESIAN_POINT('Ctrl Pts',(-684.06092886635,106.445640886317,-68.6793143564854));
#1382=CARTESIAN_POINT('Ctrl Pts',(-678.060556743305,105.244488316943,-71.2096933305978));
#1383=CARTESIAN_POINT('Ctrl Pts',(-672.076044842915,104.118207222636,-73.3551430925749));
#1384=CARTESIAN_POINT('Ctrl Pts',(-666.235963085975,103.019107783696,-75.4488145939276));
#1385=CARTESIAN_POINT('Ctrl Pts',(-660.412131168292,101.99125840797,-77.1746042785802));
#1386=CARTESIAN_POINT('Ctrl Pts',(-654.735826589691,101.053182026933,-78.5505031300698));
#1387=CARTESIAN_POINT('Ctrl Pts',(-649.421308471381,100.174895131939,-79.8387073259421));
#1388=CARTESIAN_POINT('Ctrl Pts',(-644.230491939315,99.3745803772333,-80.8214474905688));
#1389=CARTESIAN_POINT('Ctrl Pts',(-639.255325046596,98.6571512474737,-81.5927961350334));
#1390=CARTESIAN_POINT('Ctrl Pts',(-633.385618579244,97.8107277015661,-82.5028339738895));
#1391=CARTESIAN_POINT('Ctrl Pts',(-627.812918229985,97.0797468731886,-83.1328434794562));
#1392=CARTESIAN_POINT('Ctrl Pts',(-622.704490272213,96.4792038951338,-83.6720999663937));
#1393=CARTESIAN_POINT('Ctrl Pts',(-617.826338937642,95.9057320650362,-84.1870479647164));
#1394=CARTESIAN_POINT('Ctrl Pts',(-613.374627917417,95.4512646744413,-84.6146484577826));
#1395=CARTESIAN_POINT('Ctrl Pts',(-609.405689780944,95.1229589320849,-85.0291784438516));
#1396=CARTESIAN_POINT('Ctrl Pts',(-605.532537953186,94.8025765168524,-85.4337041678607));
#1397=CARTESIAN_POINT('Ctrl Pts',(-602.119220017639,94.602194036742,-85.8232820417454));
#1398=CARTESIAN_POINT('Ctrl Pts',(-599.165504134885,94.5271208587758,-86.2310187646547));
#1399=CARTESIAN_POINT('Ctrl Pts',(-598.70352236137,94.5154378563994,-86.2948202960431));
#1400=CARTESIAN_POINT('Ctrl Pts',(-598.241537630152,94.5039820758821,-86.358675590415));
#1401=CARTESIAN_POINT('Ctrl Pts',(-597.779549830088,94.4927576724578,-86.422585290266));
#1402=CARTESIAN_POINT('Ctrl Pts',(-794.509511333187,151.510148955513,51.8856104115716));
#1403=CARTESIAN_POINT('Ctrl Pts',(-791.498982626773,148.897419056583,45.2051779671825));
#1404=CARTESIAN_POINT('Ctrl Pts',(-787.965006960127,146.261811418367,37.9657423263026));
#1405=CARTESIAN_POINT('Ctrl Pts',(-783.827293710276,143.614168955598,30.1924758989241));
#1406=CARTESIAN_POINT('Ctrl Pts',(-779.789439985843,141.030424666492,22.6068093967981));
#1407=CARTESIAN_POINT('Ctrl Pts',(-775.184744761284,138.435267828351,14.5038204267719));
#1408=CARTESIAN_POINT('Ctrl Pts',(-769.783560677552,135.831395494206,6.04078940376319));
#1409=CARTESIAN_POINT('Ctrl Pts',(-764.248800759699,133.163127202881,-2.63153950847957));
#1410=CARTESIAN_POINT('Ctrl Pts',(-757.862261052288,130.487053328803,-11.6733610627848));
#1411=CARTESIAN_POINT('Ctrl Pts',(-750.243755159772,127.849615823443,-20.6436485187611));
#1412=CARTESIAN_POINT('Ctrl Pts',(-746.481029896867,126.547004409766,-25.0740089729385));
#1413=CARTESIAN_POINT('Ctrl Pts',(-742.417997240724,125.253773553185,-29.4839223625809));
#1414=CARTESIAN_POINT('Ctrl Pts',(-738.029347881878,123.975876614505,-33.8005273725091));
#1415=CARTESIAN_POINT('Ctrl Pts',(-733.746614137707,122.728820426288,-38.0129554852767));
#1416=CARTESIAN_POINT('Ctrl Pts',(-729.152904841344,121.496389708892,-42.136576735731));
#1417=CARTESIAN_POINT('Ctrl Pts',(-724.255256912312,120.284395061709,-46.089683242988));
#1418=CARTESIAN_POINT('Ctrl Pts',(-719.112367589046,119.011711842914,-50.2407348384666));
#1419=CARTESIAN_POINT('Ctrl Pts',(-713.629753904814,117.760678625974,-54.2060803327916));
#1420=CARTESIAN_POINT('Ctrl Pts',(-707.890285836542,116.546488773137,-57.8828162520268));
#1421=CARTESIAN_POINT('Ctrl Pts',(-702.220921842917,115.347129503042,-61.5146431019414));
#1422=CARTESIAN_POINT('Ctrl Pts',(-696.302067091245,114.183790965807,-64.8628874293608));
#1423=CARTESIAN_POINT('Ctrl Pts',(-690.254937628088,113.07218465475,-67.8408399757844));
#1424=CARTESIAN_POINT('Ctrl Pts',(-684.317709827176,111.980780884766,-70.7646706554719));
#1425=CARTESIAN_POINT('Ctrl Pts',(-678.257806376965,110.939219246208,-73.3298335003176));
#1426=CARTESIAN_POINT('Ctrl Pts',(-672.214089799262,109.963081273774,-75.4938262598939));
#1427=CARTESIAN_POINT('Ctrl Pts',(-666.316232210031,109.010501404278,-77.6055932423485));
#1428=CARTESIAN_POINT('Ctrl Pts',(-660.435021202196,108.120175347526,-79.3339129750375));
#1429=CARTESIAN_POINT('Ctrl Pts',(-654.707026461708,107.307897391991,-80.6990214336093));
#1430=CARTESIAN_POINT('Ctrl Pts',(-649.344112719435,106.54739100055,-81.9771229759205));
#1431=CARTESIAN_POINT('Ctrl Pts',(-644.111008111324,105.854670187703,-82.9377192209671));
#1432=CARTESIAN_POINT('Ctrl Pts',(-639.104984202352,105.234023702624,-83.6783648149252));
#1433=CARTESIAN_POINT('Ctrl Pts',(-633.198872598897,104.501784409759,-84.5521791666075));
#1434=CARTESIAN_POINT('Ctrl Pts',(-627.605564730691,103.869885272697,-85.1349930773804));
#1435=CARTESIAN_POINT('Ctrl Pts',(-622.501279525034,103.352663976874,-85.6254412173465));
#1436=CARTESIAN_POINT('Ctrl Pts',(-617.627084196484,102.858757872033,-86.0937810409263));
#1437=CARTESIAN_POINT('Ctrl Pts',(-613.201989809953,102.469520087282,-86.4730845831217));
#1438=CARTESIAN_POINT('Ctrl Pts',(-609.283641863819,102.191592477595,-86.8382458856065));
#1439=CARTESIAN_POINT('Ctrl Pts',(-605.45985928331,101.920372369739,-87.1945943892902));
#1440=CARTESIAN_POINT('Ctrl Pts',(-602.118686637798,101.755022675136,-87.5348724527538));
#1441=CARTESIAN_POINT('Ctrl Pts',(-599.258854065377,101.700265496775,-87.8887893001021));
#1442=CARTESIAN_POINT('Ctrl Pts',(-598.810584554907,101.691775496864,-87.9442862725003));
#1443=CARTESIAN_POINT('Ctrl Pts',(-598.362311685128,101.683446426765,-87.9998421807158));
#1444=CARTESIAN_POINT('Ctrl Pts',(-597.914035363862,101.675281176274,-88.0554577791467));
#1445=CARTESIAN_POINT('Ctrl Pts',(-794.510681023051,151.519802737943,51.8812980681229));
#1446=CARTESIAN_POINT('Ctrl Pts',(-791.552894261436,149.158616783062,45.1533219359494));
#1447=CARTESIAN_POINT('Ctrl Pts',(-788.074864488796,146.778504790452,37.8526673398584));
#1448=CARTESIAN_POINT('Ctrl Pts',(-783.995186802879,144.390935084841,30.0022674371979));
#1449=CARTESIAN_POINT('Ctrl Pts',(-780.013968012728,142.060986959873,22.3413289982221));
#1450=CARTESIAN_POINT('Ctrl Pts',(-775.468347466036,139.724023278167,14.1473997756704));
#1451=CARTESIAN_POINT('Ctrl Pts',(-770.119227273689,137.383996383249,5.582287382817));
#1452=CARTESIAN_POINT('Ctrl Pts',(-764.63781883113,134.986098651212,-3.1946474575738));
#1453=CARTESIAN_POINT('Ctrl Pts',(-758.295484116971,132.58623670368,-12.3541245520394));
#1454=CARTESIAN_POINT('Ctrl Pts',(-750.694708516574,130.22646272739,-21.4514789114371));
#1455=CARTESIAN_POINT('Ctrl Pts',(-746.940740117419,129.060987333579,-25.9445967952639));
#1456=CARTESIAN_POINT('Ctrl Pts',(-742.880000622312,127.905229296906,-30.4193859448796));
#1457=CARTESIAN_POINT('Ctrl Pts',(-738.486181404613,126.764541144827,-34.8013366397007));
#1458=CARTESIAN_POINT('Ctrl Pts',(-734.198402570903,125.651382347887,-39.0775333853309));
#1459=CARTESIAN_POINT('Ctrl Pts',(-729.592489480768,124.552595279297,-43.2653699494844));
#1460=CARTESIAN_POINT('Ctrl Pts',(-724.676269322954,123.4734254403,-47.2807703412211));
#1461=CARTESIAN_POINT('Ctrl Pts',(-719.513877798122,122.340218006163,-51.4972350815477));
#1462=CARTESIAN_POINT('Ctrl Pts',(-714.005287459595,121.227839729754,-55.5253239351843));
#1463=CARTESIAN_POINT('Ctrl Pts',(-708.233549170434,120.149280401162,-59.2576908900059));
#1464=CARTESIAN_POINT('Ctrl Pts',(-702.532309116833,119.083895011825,-62.9444692766013));
#1465=CARTESIAN_POINT('Ctrl Pts',(-696.575496792278,118.051582127528,-66.340613354576));
#1466=CARTESIAN_POINT('Ctrl Pts',(-690.486778523463,117.065896682221,-69.3556417361376));
#1467=CARTESIAN_POINT('Ctrl Pts',(-684.508717759628,116.098125268612,-72.3158744277986));
#1468=CARTESIAN_POINT('Ctrl Pts',(-678.404531603715,115.175276223213,-74.9069114465318));
#1469=CARTESIAN_POINT('Ctrl Pts',(-672.316775300603,114.310823039201,-77.0846975170354));
#1470=CARTESIAN_POINT('Ctrl Pts',(-666.375940840205,113.46723255869,-79.2099249228052));
#1471=CARTESIAN_POINT('Ctrl Pts',(-660.452048080028,112.679203980445,-80.9401266456654));
#1472=CARTESIAN_POINT('Ctrl Pts',(-654.685603327833,111.960501876809,-82.2972086110154));
#1473=CARTESIAN_POINT('Ctrl Pts',(-649.286690234039,111.28760716185,-83.5677952388142));
#1474=CARTESIAN_POINT('Ctrl Pts',(-644.022129407573,110.674920695446,-84.5119196072787));
#1475=CARTESIAN_POINT('Ctrl Pts',(-638.993152337055,110.126266513839,-85.2297265679583));
#1476=CARTESIAN_POINT('Ctrl Pts',(-633.059960572534,109.478963806702,-86.0765958791322));
#1477=CARTESIAN_POINT('Ctrl Pts',(-627.451323687821,108.920767131618,-86.6243030866922));
#1478=CARTESIAN_POINT('Ctrl Pts',(-622.35012009115,108.465525128187,-87.0784448688528));
#1479=CARTESIAN_POINT('Ctrl Pts',(-617.478867459474,108.030804426447,-87.5121149448612));
#1480=CARTESIAN_POINT('Ctrl Pts',(-613.073572002561,107.690088043388,-87.8554925340579));
#1481=CARTESIAN_POINT('Ctrl Pts',(-609.192855848239,107.449634485245,-88.1839306692605));
#1482=CARTESIAN_POINT('Ctrl Pts',(-605.405796854299,107.214984030593,-88.5044422821717));
#1483=CARTESIAN_POINT('Ctrl Pts',(-602.118289880264,107.075693666504,-88.808048410035));
#1484=CARTESIAN_POINT('Ctrl Pts',(-599.328292925488,107.036048656381,-89.121931046425));
#1485=CARTESIAN_POINT('Ctrl Pts',(-598.890223357431,107.029933788945,-89.1712506268644));
#1486=CARTESIAN_POINT('Ctrl Pts',(-598.45215013133,107.023930539617,-89.2206329909616));
#1487=CARTESIAN_POINT('Ctrl Pts',(-598.014073169112,107.01804085689,-89.2700789763546));
#1488=CARTESIAN_POINT('Ctrl Pts',(-794.513047071426,151.537924213526,51.8736974918123));
#1489=CARTESIAN_POINT('Ctrl Pts',(-791.607841937513,149.422792226596,45.099884924608));
#1490=CARTESIAN_POINT('Ctrl Pts',(-788.183591277082,147.292200040131,37.7386554198752));
#1491=CARTESIAN_POINT('Ctrl Pts',(-784.158367822433,145.158226585736,29.8114528851719));
#1492=CARTESIAN_POINT('Ctrl Pts',(-780.230289065741,143.075754422887,22.0755653680182));
#1493=CARTESIAN_POINT('Ctrl Pts',(-775.738879390298,140.990197662845,13.7907447781414));
#1494=CARTESIAN_POINT('Ctrl Pts',(-770.436749674699,138.906945164694,5.12347898263373));
#1495=CARTESIAN_POINT('Ctrl Pts',(-765.003493822978,136.772172076648,-3.75813560014651));
#1496=CARTESIAN_POINT('Ctrl Pts',(-758.700078448499,134.641024556357,-13.0353939683222));
#1497=CARTESIAN_POINT('Ctrl Pts',(-751.113180262903,132.551198573876,-22.259644956964));
#1498=CARTESIAN_POINT('Ctrl Pts',(-747.366065819102,131.51904855256,-26.8154361732487));
#1499=CARTESIAN_POINT('Ctrl Pts',(-743.306063127406,130.496893434762,-31.3549532614836));
#1500=CARTESIAN_POINT('Ctrl Pts',(-738.905971851028,129.489463185931,-35.8020558259205));
#1501=CARTESIAN_POINT('Ctrl Pts',(-734.612072328435,128.506346247487,-40.1418320666719));
#1502=CARTESIAN_POINT('Ctrl Pts',(-729.993315159264,127.537269228329,-44.3936504677848));
#1503=CARTESIAN_POINT('Ctrl Pts',(-725.058316999545,126.586891086462,-48.4711311112275));
#1504=CARTESIAN_POINT('Ctrl Pts',(-719.876207196286,125.588924374747,-52.7527846663301));
#1505=CARTESIAN_POINT('Ctrl Pts',(-714.341864949743,124.610847252703,-56.8434596527914));
#1506=CARTESIAN_POINT('Ctrl Pts',(-708.538567617167,123.663560125779,-60.6315536604022));
#1507=CARTESIAN_POINT('Ctrl Pts',(-702.806153994469,122.727843528854,-64.37337842809));
#1508=CARTESIAN_POINT('Ctrl Pts',(-696.8125566067,121.822247293925,-67.8177714343829));
#1509=CARTESIAN_POINT('Ctrl Pts',(-690.683808188261,120.958267892608,-70.8706133796875));
#1510=CARTESIAN_POINT('Ctrl Pts',(-684.666444790231,120.109990614575,-73.8679724043093));
#1511=CARTESIAN_POINT('Ctrl Pts',(-678.519873797766,119.301807086035,-76.485987812142));
#1512=CARTESIAN_POINT('Ctrl Pts',(-672.390210335782,118.545155414242,-78.6790396205041));
#1513=CARTESIAN_POINT('Ctrl Pts',(-666.408480103418,117.806764765457,-80.8191643409853));
#1514=CARTESIAN_POINT('Ctrl Pts',(-660.444204184743,117.117400055324,-82.5530393789991));
#1515=CARTESIAN_POINT('Ctrl Pts',(-654.641726134978,116.488843489314,-83.9040355839389));
#1516=CARTESIAN_POINT('Ctrl Pts',(-649.209076371465,115.900348771987,-85.1689243349738));
#1517=CARTESIAN_POINT('Ctrl Pts',(-643.915379588006,115.364650450464,-86.0985592134222));
#1518=CARTESIAN_POINT('Ctrl Pts',(-638.865766513653,114.885089694687,-86.7954467757323));
#1519=CARTESIAN_POINT('Ctrl Pts',(-632.908228372865,114.319303474771,-87.6176353615055));
#1520=CARTESIAN_POINT('Ctrl Pts',(-627.287026539849,113.831589199025,-88.1323547234665));
#1521=CARTESIAN_POINT('Ctrl Pts',(-622.191425868712,113.435354609087,-88.5517340987403));
#1522=CARTESIAN_POINT('Ctrl Pts',(-617.325523595092,113.056981397272,-88.9522087802067));
#1523=CARTESIAN_POINT('Ctrl Pts',(-612.942173189732,112.76217900473,-89.26063493022));
#1524=CARTESIAN_POINT('Ctrl Pts',(-609.101229509092,112.556837739918,-89.552713942181));
#1525=CARTESIAN_POINT('Ctrl Pts',(-605.352983120398,112.356452178902,-89.8377439225253));
#1526=CARTESIAN_POINT('Ctrl Pts',(-602.121172517555,112.241153131216,-90.1044841828832));
#1527=CARTESIAN_POINT('Ctrl Pts',(-599.40403365568,112.214758031382,-90.3774545092875));
#1528=CARTESIAN_POINT('Ctrl Pts',(-598.976195617275,112.210712394079,-90.4204881947169));
#1529=CARTESIAN_POINT('Ctrl Pts',(-598.54835388628,112.206737077322,-90.463584832701));
#1530=CARTESIAN_POINT('Ctrl Pts',(-598.120508404566,112.202833284392,-90.5067452902797));
#1531=CARTESIAN_POINT('Ctrl Pts',(-794.517799136126,151.566216641872,51.8639419701784));
#1532=CARTESIAN_POINT('Ctrl Pts',(-791.664546415942,149.687239886272,45.0449605453128));
#1533=CARTESIAN_POINT('Ctrl Pts',(-788.290394688123,147.795790441031,37.6226616945123));
#1534=CARTESIAN_POINT('Ctrl Pts',(-784.31376304998,145.904433151365,29.6180642755802));
#1535=CARTESIAN_POINT('Ctrl Pts',(-780.433103395434,144.058721857431,21.8066497214704));
#1536=CARTESIAN_POINT('Ctrl Pts',(-775.988069148168,142.213291655443,13.4303115967151));
#1537=CARTESIAN_POINT('Ctrl Pts',(-770.724808592722,140.375173663095,4.66042652417361));
#1538=CARTESIAN_POINT('Ctrl Pts',(-765.331383168241,138.491597463762,-4.32634519684151));
#1539=CARTESIAN_POINT('Ctrl Pts',(-759.058462531025,136.616906335047,-13.7215589336811));
#1540=CARTESIAN_POINT('Ctrl Pts',(-751.479401780862,134.784497491933,-23.0722185340699));
#1541=CARTESIAN_POINT('Ctrl Pts',(-747.73615819005,133.879483944234,-27.6904420544809));
#1542=CARTESIAN_POINT('Ctrl Pts',(-743.67448794429,132.984667036132,-32.2943017666114));
#1543=CARTESIAN_POINT('Ctrl Pts',(-739.266476505423,132.10412003679,-36.8060934356213));
#1544=CARTESIAN_POINT('Ctrl Pts',(-734.964847965454,131.244824148909,-41.2089975748176));
#1545=CARTESIAN_POINT('Ctrl Pts',(-730.33236295452,130.399130205256,-45.5242723654543));
#1546=CARTESIAN_POINT('Ctrl Pts',(-725.378424150148,129.571075440665,-49.6633699709575));
#1547=CARTESIAN_POINT('Ctrl Pts',(-720.176425281653,128.701557241398,-54.0097258527493));
#1548=CARTESIAN_POINT('Ctrl Pts',(-714.616897250296,127.85083599376,-58.1626366308686));
#1549=CARTESIAN_POINT('Ctrl Pts',(-708.783409872987,127.0278833441,-62.0065713179121));
#1550=CARTESIAN_POINT('Ctrl Pts',(-703.021174958397,126.214982555222,-65.8035547054561));
#1551=CARTESIAN_POINT('Ctrl Pts',(-696.992921355298,125.429257506782,-69.2967731157037));
#1552=CARTESIAN_POINT('Ctrl Pts',(-690.826891896437,124.680287016789,-72.3887127348674));
#1553=CARTESIAN_POINT('Ctrl Pts',(-684.77292501059,123.944928456608,-75.4244588649087));
#1554=CARTESIAN_POINT('Ctrl Pts',(-678.587259139241,123.244978425375,-78.0714047270532));
#1555=CARTESIAN_POINT('Ctrl Pts',(-672.41931256338,122.589952760176,-80.2823701617153));
#1556=CARTESIAN_POINT('Ctrl Pts',(-666.40022314138,121.950735477075,-82.4399761812392));
#1557=CARTESIAN_POINT('Ctrl Pts',(-660.399409650075,121.354252982381,-84.1807771870574));
#1558=CARTESIAN_POINT('Ctrl Pts',(-654.564826238915,120.810385796341,-85.5292921724213));
#1559=CARTESIAN_POINT('Ctrl Pts',(-649.10211738987,120.301182674108,-86.7918578475519));
#1560=CARTESIAN_POINT('Ctrl Pts',(-643.782957571478,119.837645431852,-87.7107217017163));
#1561=CARTESIAN_POINT('Ctrl Pts',(-638.716207261153,119.422606936173,-88.3903942118822));
#1562=CARTESIAN_POINT('Ctrl Pts',(-632.738450593632,118.932944137956,-89.1922724633318));
#1563=CARTESIAN_POINT('Ctrl Pts',(-627.108605334809,118.510669276049,-89.6782738595047));
#1564=CARTESIAN_POINT('Ctrl Pts',(-622.021936993734,118.168770585208,-90.0663424747952));
#1565=CARTESIAN_POINT('Ctrl Pts',(-617.164564400511,117.842283930447,-90.4369178160221));
#1566=CARTESIAN_POINT('Ctrl Pts',(-612.805747482126,117.589277880589,-90.7129695523056));
#1567=CARTESIAN_POINT('Ctrl Pts',(-609.006948188911,117.415273845669,-90.9704275874086));
#1568=CARTESIAN_POINT('Ctrl Pts',(-605.299829075465,117.245469222186,-91.2216721331642));
#1569=CARTESIAN_POINT('Ctrl Pts',(-602.125680157585,117.150814844693,-91.4524662738471));
#1570=CARTESIAN_POINT('Ctrl Pts',(-599.484851065948,117.134561090952,-91.6847515694476));
#1571=CARTESIAN_POINT('Ctrl Pts',(-599.067295616338,117.132084365811,-91.7215043392027));
#1572=CARTESIAN_POINT('Ctrl Pts',(-598.649736551038,117.129647465305,-91.758316631));
#1573=CARTESIAN_POINT('Ctrl Pts',(-598.232173831929,117.127251079088,-91.7951892963866));
#1574=CARTESIAN_POINT('Ctrl Pts',(-794.524783525124,151.607799687929,51.8496037062281));
#1575=CARTESIAN_POINT('Ctrl Pts',(-791.747888323159,150.075914166108,44.964234954494));
#1576=CARTESIAN_POINT('Ctrl Pts',(-788.447369943345,148.535946873657,37.4521788937714));
#1577=CARTESIAN_POINT('Ctrl Pts',(-784.542156556016,147.001176831609,29.3338296612386));
#1578=CARTESIAN_POINT('Ctrl Pts',(-780.731191545016,145.503446912636,21.4114085785287));
#1579=CARTESIAN_POINT('Ctrl Pts',(-776.354317992274,144.010944836898,12.90056174984));
#1580=CARTESIAN_POINT('Ctrl Pts',(-771.148185727729,142.533115446167,3.9798510899316));
#1581=CARTESIAN_POINT('Ctrl Pts',(-765.813301424927,141.018738089195,-5.1614762623312));
#1582=CARTESIAN_POINT('Ctrl Pts',(-759.585200696721,139.520976003556,-14.7300559424515));
#1583=CARTESIAN_POINT('Ctrl Pts',(-752.017659086401,138.066908271056,-24.2665057146876));
#1584=CARTESIAN_POINT('Ctrl Pts',(-748.280104715903,137.348754676606,-28.9764896646463));
#1585=CARTESIAN_POINT('Ctrl Pts',(-744.215983567854,136.641094225134,-33.6749175156519));
#1586=CARTESIAN_POINT('Ctrl Pts',(-739.796331400324,135.947035000648,-38.2817865665678));
#1587=CARTESIAN_POINT('Ctrl Pts',(-735.483343068908,135.269726193744,-42.7774734911956));
#1588=CARTESIAN_POINT('Ctrl Pts',(-730.830681441486,134.605375613367,-47.1860138699242));
#1589=CARTESIAN_POINT('Ctrl Pts',(-725.848904457607,133.957106711235,-51.415673548784));
#1590=CARTESIAN_POINT('Ctrl Pts',(-720.61767346009,133.27637684586,-55.8571262458037));
#1591=CARTESIAN_POINT('Ctrl Pts',(-715.021128399401,132.612838017715,-60.1015086275373));
#1592=CARTESIAN_POINT('Ctrl Pts',(-709.143268937617,131.972627062455,-64.027515645607));
#1593=CARTESIAN_POINT('Ctrl Pts',(-703.337203916288,131.340235890503,-67.9055689011002));
#1594=CARTESIAN_POINT('Ctrl Pts',(-697.258014035093,130.730692575488,-71.4705488793762));
#1595=CARTESIAN_POINT('Ctrl Pts',(-691.037190438311,130.150757447116,-74.6199526494766));
#1596=CARTESIAN_POINT('Ctrl Pts',(-684.929425253456,129.581362168271,-77.7121185662242));
#1597=CARTESIAN_POINT('Ctrl Pts',(-678.686299339111,129.04048927416,-80.4015852187161));
#1598=CARTESIAN_POINT('Ctrl Pts',(-672.462085819029,128.534829328339,-82.6388793636036));
#1599=CARTESIAN_POINT('Ctrl Pts',(-666.388087398612,128.04137297401,-84.822178676554));
#1600=CARTESIAN_POINT('Ctrl Pts',(-660.333572487728,127.581404934538,-86.5731591846294));
#1601=CARTESIAN_POINT('Ctrl Pts',(-654.451801938536,127.162010711541,-87.9180273756409));
#1602=CARTESIAN_POINT('Ctrl Pts',(-648.944913483455,126.76934711043,-89.1771786894752));
#1603=CARTESIAN_POINT('Ctrl Pts',(-643.588329144926,126.411869250776,-90.0802117357141));
#1604=CARTESIAN_POINT('Ctrl Pts',(-638.496391230905,126.091662915867,-90.7345822711805));
#1605=CARTESIAN_POINT('Ctrl Pts',(-632.488918205422,125.713883187984,-91.5066092296516));
#1606=CARTESIAN_POINT('Ctrl Pts',(-626.846369195297,125.387788481644,-91.9504021423585));
#1607=CARTESIAN_POINT('Ctrl Pts',(-621.7728292251,125.125750457659,-92.2924514920502));
#1608=CARTESIAN_POINT('Ctrl Pts',(-616.92799320486,124.875524527691,-92.6190820142932));
#1609=CARTESIAN_POINT('Ctrl Pts',(-612.605234595305,124.683949021074,-92.847551170504));
#1610=CARTESIAN_POINT('Ctrl Pts',(-608.868377387156,124.556003156132,-93.0541247195656));
#1611=CARTESIAN_POINT('Ctrl Pts',(-605.221705449187,124.431145135268,-93.2557128248983));
#1612=CARTESIAN_POINT('Ctrl Pts',(-602.13230530127,124.366833443844,-93.4336748391985));
#1613=CARTESIAN_POINT('Ctrl Pts',(-599.603633167377,124.365485022954,-93.6061629519949));
#1614=CARTESIAN_POINT('Ctrl Pts',(-599.201190643324,124.365314220299,-93.6336842905494));
#1615=CARTESIAN_POINT('Ctrl Pts',(-598.798744616608,124.365138420645,-93.6612601091204));
#1616=CARTESIAN_POINT('Ctrl Pts',(-598.396295078516,124.364957558739,-93.688891236484));
#1617=CARTESIAN_POINT('Ctrl Pts',(-794.536434182253,151.670634304395,51.8306513515169));
#1618=CARTESIAN_POINT('Ctrl Pts',(-791.834813585,150.464646644948,44.8803381016803));
#1619=CARTESIAN_POINT('Ctrl Pts',(-788.600102925975,149.253847947764,37.2774425854652));
#1620=CARTESIAN_POINT('Ctrl Pts',(-784.753688152387,148.051962509007,29.0440539418672));
#1621=CARTESIAN_POINT('Ctrl Pts',(-781.000102710041,146.879083360023,21.0093698079557));
#1622=CARTESIAN_POINT('Ctrl Pts',(-776.674426957017,145.715079782473,12.3626579604291));
#1623=CARTESIAN_POINT('Ctrl Pts',(-771.507846457547,144.572273484667,3.29009755690225));
#1624=CARTESIAN_POINT('Ctrl Pts',(-766.213492068301,143.401204624041,-6.00683491110681));
#1625=CARTESIAN_POINT('Ctrl Pts',(-760.011991957718,142.253701319781,-15.7491931962163));
#1626=CARTESIAN_POINT('Ctrl Pts',(-752.442946038326,141.150662491794,-25.4704556013834));
#1627=CARTESIAN_POINT('Ctrl Pts',(-748.704648700398,140.605879548447,-30.2717171814502));
#1628=CARTESIAN_POINT('Ctrl Pts',(-744.632903339299,140.071709264779,-35.0639280723413));
#1629=CARTESIAN_POINT('Ctrl Pts',(-740.198074228208,139.550223594772,-39.7649297806436));
#1630=CARTESIAN_POINT('Ctrl Pts',(-735.870275233417,139.041323454107,-44.3524775661544));
#1631=CARTESIAN_POINT('Ctrl Pts',(-731.195554297725,138.544498588796,-48.8532092649749));
#1632=CARTESIAN_POINT('Ctrl Pts',(-726.185612124953,138.061887596615,-53.1724940904946));
#1633=CARTESIAN_POINT('Ctrl Pts',(-720.924805614588,137.555110679421,-57.7080597610339));
#1634=CARTESIAN_POINT('Ctrl Pts',(-715.29249099204,137.063584499415,-62.0432282510238));
#1635=CARTESIAN_POINT('Ctrl Pts',(-709.373235037361,136.590961156829,-66.0516234770196));
#1636=CARTESIAN_POINT('Ctrl Pts',(-703.526279155854,136.124110617872,-70.0110586191196));
#1637=CARTESIAN_POINT('Ctrl Pts',(-697.40076359006,135.675795961743,-73.6491140255761));
#1638=CARTESIAN_POINT('Ctrl Pts',(-691.131088397462,135.250272294431,-76.8588178620501));
#1639=CARTESIAN_POINT('Ctrl Pts',(-684.975359454834,134.832482173862,-80.0101879404833));
#1640=CARTESIAN_POINT('Ctrl Pts',(-678.681876624405,134.436646963326,-82.7464466559074));
#1641=CARTESIAN_POINT('Ctrl Pts',(-672.409215835503,134.06688544011,-85.0158331632149));
#1642=CARTESIAN_POINT('Ctrl Pts',(-666.287939372113,133.706047737371,-87.2304503218686));
#1643=CARTESIAN_POINT('Ctrl Pts',(-660.188016662938,133.36999832257,-88.9986689922274));
#1644=CARTESIAN_POINT('Ctrl Pts',(-654.267531762972,133.063204065797,-90.3476972308515));
#1645=CARTESIAN_POINT('Ctrl Pts',(-648.724396465289,132.775963729478,-91.6107434463958));
#1646=CARTESIAN_POINT('Ctrl Pts',(-643.338311891756,132.514055300422,-92.505987631566));
#1647=CARTESIAN_POINT('Ctrl Pts',(-638.228743383125,132.278756756908,-93.1430584667923));
#1648=CARTESIAN_POINT('Ctrl Pts',(-632.200469765937,132.001151319259,-93.8946752230386));
#1649=CARTESIAN_POINT('Ctrl Pts',(-626.553699309369,131.760301589236,-94.3054715427428));
#1650=CARTESIAN_POINT('Ctrl Pts',(-621.500519446482,131.567996689278,-94.608937100569));
#1651=CARTESIAN_POINT('Ctrl Pts',(-616.675125744987,131.384360468482,-94.8987231028661));
#1652=CARTESIAN_POINT('Ctrl Pts',(-612.3940768823,131.245290637606,-95.0851476118012));
#1653=CARTESIAN_POINT('Ctrl Pts',(-608.724419075601,131.155212842381,-95.2445619322318));
#1654=CARTESIAN_POINT('Ctrl Pts',(-605.143324749476,131.06730898366,-95.4001289492313));
#1655=CARTESIAN_POINT('Ctrl Pts',(-602.143111525701,131.026062937257,-95.5272220561916));
#1656=CARTESIAN_POINT('Ctrl Pts',(-599.734481287893,131.03286981439,-95.6403904024708));
#1657=CARTESIAN_POINT('Ctrl Pts',(-599.347270991622,131.033913303075,-95.658676734438));
#1658=CARTESIAN_POINT('Ctrl Pts',(-598.960057476174,131.034930185366,-95.6770044089438));
#1659=CARTESIAN_POINT('Ctrl Pts',(-598.572840757523,131.035920138795,-95.6953741446149));
#1660=CARTESIAN_POINT('Ctrl Pts',(-794.56094607501,151.767619676931,51.8097477725113));
#1661=CARTESIAN_POINT('Ctrl Pts',(-791.929513804031,150.850796363002,44.7921238155522));
#1662=CARTESIAN_POINT('Ctrl Pts',(-788.746756454791,149.935203561952,37.0940041923381));
#1663=CARTESIAN_POINT('Ctrl Pts',(-784.938701807902,149.033344424371,28.7422714143327));
#1664=CARTESIAN_POINT('Ctrl Pts',(-781.222550709385,148.153250745156,20.5920992620334));
#1665=CARTESIAN_POINT('Ctrl Pts',(-776.921750976524,147.286709497921,11.8074953489607));
#1666=CARTESIAN_POINT('Ctrl Pts',(-771.767433600801,146.4486782475,2.58295232371732));
#1667=CARTESIAN_POINT('Ctrl Pts',(-766.485645612688,145.589921778023,-6.86972142432312));
#1668=CARTESIAN_POINT('Ctrl Pts',(-760.28231273948,144.762730008251,-16.7835308856915));
#1669=CARTESIAN_POINT('Ctrl Pts',(-752.69119637413,143.981278170432,-26.6840649398312));
#1670=CARTESIAN_POINT('Ctrl Pts',(-748.941998601689,143.595324728459,-31.5738674978835));
#1671=CARTESIAN_POINT('Ctrl Pts',(-744.854402377302,143.220195254694,-36.4564124099256));
#1672=CARTESIAN_POINT('Ctrl Pts',(-740.39875543175,142.856693076635,-41.2477383883754));
#1673=CARTESIAN_POINT('Ctrl Pts',(-736.050641019882,142.501963656087,-45.9234305591054));
#1674=CARTESIAN_POINT('Ctrl Pts',(-731.350834967257,142.15828667399,-50.5122974138456));
#1675=CARTESIAN_POINT('Ctrl Pts',(-726.312203142473,141.826566175628,-54.9174009056096));
#1676=CARTESIAN_POINT('Ctrl Pts',(-721.021270394543,141.478235337223,-59.543082466217));
#1677=CARTESIAN_POINT('Ctrl Pts',(-715.355236915402,141.142789963814,-63.9654858487067));
#1678=CARTESIAN_POINT('Ctrl Pts',(-709.399478734915,140.821773757735,-68.0544224206863));
#1679=CARTESIAN_POINT('Ctrl Pts',(-703.516466479852,140.504678567298,-72.0934151457342));
#1680=CARTESIAN_POINT('Ctrl Pts',(-697.352213223574,140.201756229212,-75.8044239805633));
#1681=CARTESIAN_POINT('Ctrl Pts',(-691.043457819285,139.915044617127,-79.0769762648849));
#1682=CARTESIAN_POINT('Ctrl Pts',(-684.849358916044,139.633543755522,-82.2900525717159));
#1683=CARTESIAN_POINT('Ctrl Pts',(-678.51719498743,139.367656292131,-85.0782130556571));
#1684=CARTESIAN_POINT('Ctrl Pts',(-672.208850409329,139.11916781154,-87.3875441491463));
#1685=CARTESIAN_POINT('Ctrl Pts',(-666.05275134891,138.876676349167,-89.6411418717843));
#1686=CARTESIAN_POINT('Ctrl Pts',(-659.920881124218,138.650716669264,-91.4368953000616));
#1687=CARTESIAN_POINT('Ctrl Pts',(-653.975175364241,138.44334389565,-92.8019994561268));
#1688=CARTESIAN_POINT('Ctrl Pts',(-648.408426689997,138.24918828836,-94.0800969701569));
#1689=CARTESIAN_POINT('Ctrl Pts',(-643.005237450029,138.071071726131,-94.9801969936531));
#1690=CARTESIAN_POINT('Ctrl Pts',(-637.889396681628,137.909374092388,-95.6129099896851));
#1691=CARTESIAN_POINT('Ctrl Pts',(-631.853723046604,137.718603075656,-96.3593853632495));
#1692=CARTESIAN_POINT('Ctrl Pts',(-626.214764581636,137.550297472343,-96.752612876547));
#1693=CARTESIAN_POINT('Ctrl Pts',(-621.19131959693,137.415590853686,-97.0306072628251));
#1694=CARTESIAN_POINT('Ctrl Pts',(-616.394320391136,137.286956511182,-97.296070277599));
#1695=CARTESIAN_POINT('Ctrl Pts',(-612.161387090424,137.189336759195,-97.4509239059208));
#1696=CARTESIAN_POINT('Ctrl Pts',(-608.563650742549,137.126485695928,-97.5713389667591));
#1697=CARTESIAN_POINT('Ctrl Pts',(-605.052742123562,137.065151479521,-97.6888479318622));
#1698=CARTESIAN_POINT('Ctrl Pts',(-602.144017775841,137.03710469993,-97.7707241868285));
#1699=CARTESIAN_POINT('Ctrl Pts',(-599.861628083228,137.04181609426,-97.829426922184));
#1700=CARTESIAN_POINT('Ctrl Pts',(-599.489772678265,137.042523099385,-97.8389688841199));
#1701=CARTESIAN_POINT('Ctrl Pts',(-599.117914698577,137.043195836748,-97.8485373519818));
#1702=CARTESIAN_POINT('Ctrl Pts',(-598.746054157748,137.04383388267,-97.858132885423));
#1703=CARTESIAN_POINT('Ctrl Pts',(-794.584866398021,151.862264405568,51.7893486802482));
#1704=CARTESIAN_POINT('Ctrl Pts',(-792.021928529032,151.227626748067,44.7060384920215));
#1705=CARTESIAN_POINT('Ctrl Pts',(-788.88987064898,150.600115347347,36.9149928993446));
#1706=CARTESIAN_POINT('Ctrl Pts',(-785.11925034592,149.991041679536,28.4477721029514));
#1707=CARTESIAN_POINT('Ctrl Pts',(-781.439630151194,149.396667388829,20.184899118812));
#1708=CARTESIAN_POINT('Ctrl Pts',(-777.163106080904,148.820409519347,11.265731025765));
#1709=CARTESIAN_POINT('Ctrl Pts',(-772.020755870837,148.279797878716,1.89287332570233));
#1710=CARTESIAN_POINT('Ctrl Pts',(-766.75123100647,147.725816456624,-7.71178304405485));
#1711=CARTESIAN_POINT('Ctrl Pts',(-760.546109602509,147.211205826339,-17.7929058809063));
#1712=CARTESIAN_POINT('Ctrl Pts',(-752.933455439099,146.743579801855,-27.8683850440419));
#1713=CARTESIAN_POINT('Ctrl Pts',(-749.17362030311,146.512622671843,-32.8445917331046));
#1714=CARTESIAN_POINT('Ctrl Pts',(-745.070555759992,146.292695718848,-37.815290546039));
#1715=CARTESIAN_POINT('Ctrl Pts',(-740.594593397363,146.083364260905,-42.694760909708));
#1716=CARTESIAN_POINT('Ctrl Pts',(-736.226653860468,145.879084806032,-47.4564701900476));
#1717=CARTESIAN_POINT('Ctrl Pts',(-731.502368094843,145.684859637846,-52.1313451478374));
#1718=CARTESIAN_POINT('Ctrl Pts',(-726.435739013788,145.500388043808,-56.620196159112));
#1719=CARTESIAN_POINT('Ctrl Pts',(-721.115407094574,145.306679348294,-61.3338187539018));
#1720=CARTESIAN_POINT('Ctrl Pts',(-715.41646852935,145.123547929036,-65.8413517029687));
#1721=CARTESIAN_POINT('Ctrl Pts',(-709.425089067365,144.950479974522,-70.0088858369865));
#1722=CARTESIAN_POINT('Ctrl Pts',(-703.506890622863,144.779525938695,-74.1255161031629));
#1723=CARTESIAN_POINT('Ctrl Pts',(-697.304834571091,144.618487022071,-77.907717709138));
#1724=CARTESIAN_POINT('Ctrl Pts',(-690.957942116504,144.46723737662,-81.2416016575678));
#1725=CARTESIAN_POINT('Ctrl Pts',(-684.726399272853,144.318736570523,-84.5148949753687));
#1726=CARTESIAN_POINT('Ctrl Pts',(-678.356487775246,144.179660696797,-87.3537046311244));
#1727=CARTESIAN_POINT('Ctrl Pts',(-672.013320600115,144.049518456572,-89.7020162885981));
#1728=CARTESIAN_POINT('Ctrl Pts',(-665.823239350834,143.922517067721,-91.9936538187241));
#1729=CARTESIAN_POINT('Ctrl Pts',(-659.66019263161,143.803990218282,-93.8162774813794));
#1730=CARTESIAN_POINT('Ctrl Pts',(-653.689874691576,143.69363949086,-95.1970695788735));
#1731=CARTESIAN_POINT('Ctrl Pts',(-648.100082525736,143.590322106789,-96.4898551435197));
#1732=CARTESIAN_POINT('Ctrl Pts',(-642.680201423163,143.493975179407,-97.3946938145939));
#1733=CARTESIAN_POINT('Ctrl Pts',(-637.558239769639,143.4041021719,-98.0231541434741));
#1734=CARTESIAN_POINT('Ctrl Pts',(-631.515344708728,143.298069915138,-98.7646122164288));
#1735=CARTESIAN_POINT('Ctrl Pts',(-625.884009700841,143.200557659391,-99.1406949286975));
#1736=CARTESIAN_POINT('Ctrl Pts',(-620.889581973098,143.122059245757,-99.3938328643976));
#1737=CARTESIAN_POINT('Ctrl Pts',(-616.120291990562,143.047099366828,-99.6355599023578));
#1738=CARTESIAN_POINT('Ctrl Pts',(-611.934313031389,142.989929337987,-99.759604581347));
#1739=CARTESIAN_POINT('Ctrl Pts',(-608.406762390653,142.953647917033,-99.8419615902888));
#1740=CARTESIAN_POINT('Ctrl Pts',(-604.964345617732,142.918242111488,-99.9223309960956));
#1741=CARTESIAN_POINT('Ctrl Pts',(-602.14490215455,142.903076047753,-99.9600816620693));
#1742=CARTESIAN_POINT('Ctrl Pts',(-599.985706319223,142.905742531637,-99.9656332589477));
#1743=CARTESIAN_POINT('Ctrl Pts',(-599.628835230792,142.906121173894,-99.9666418873812));
#1744=CARTESIAN_POINT('Ctrl Pts',(-599.271962196534,142.906458071919,-99.9676625431947));
#1745=CARTESIAN_POINT('Ctrl Pts',(-598.915087227703,142.906752703264,-99.9686956309046));
#1746=CARTESIAN_POINT('Ctrl Pts',(-794.619474249811,151.988089903198,51.7672083316978));
#1747=CARTESIAN_POINT('Ctrl Pts',(-792.121081078237,151.600868023266,44.6158764602625));
#1748=CARTESIAN_POINT('Ctrl Pts',(-789.026948679666,151.229821813709,36.7276664082327));
#1749=CARTESIAN_POINT('Ctrl Pts',(-785.274447062224,150.882935232606,28.1418726917827));
#1750=CARTESIAN_POINT('Ctrl Pts',(-781.612508276961,150.544420408381,19.7632884251165));
#1751=CARTESIAN_POINT('Ctrl Pts',(-777.33508928517,150.22955057309,10.7077881088228));
#1752=CARTESIAN_POINT('Ctrl Pts',(-772.178593474418,149.958140153346,1.1866889539438));
#1753=CARTESIAN_POINT('Ctrl Pts',(-766.894573176742,149.680017525195,-8.56987500673453));
#1754=CARTESIAN_POINT('Ctrl Pts',(-760.660452050203,149.450028813634,-18.8158590653325));
#1755=CARTESIAN_POINT('Ctrl Pts',(-753.006635324204,149.268776898293,-29.0608057542043));
#1756=CARTESIAN_POINT('Ctrl Pts',(-749.226470294621,149.179257880991,-34.1207112353039));
#1757=CARTESIAN_POINT('Ctrl Pts',(-745.100102791466,149.101065109726,-39.1761884061723));
#1758=CARTESIAN_POINT('Ctrl Pts',(-740.598464561437,149.032294630317,-44.1400943916785));
#1759=CARTESIAN_POINT('Ctrl Pts',(-736.20546881824,148.965183856891,-48.9842015254997));
#1760=CARTESIAN_POINT('Ctrl Pts',(-731.453843488038,148.906988193703,-53.741150258165));
#1761=CARTESIAN_POINT('Ctrl Pts',(-726.35873906551,148.855956294215,-58.3100549069818));
#1762=CARTESIAN_POINT('Ctrl Pts',(-721.008505950506,148.802369059113,-63.1077396891257));
#1763=CARTESIAN_POINT('Ctrl Pts',(-715.278642760031,148.756633545269,-67.6969469792041));
#1764=CARTESIAN_POINT('Ctrl Pts',(-709.256326463776,148.716521994332,-71.9412388535916));
#1765=CARTESIAN_POINT('Ctrl Pts',(-703.307569059419,148.676900381334,-76.1336893115187));
#1766=CARTESIAN_POINT('Ctrl Pts',(-697.074955083792,148.642860906268,-79.9868788478915));
#1767=CARTESIAN_POINT('Ctrl Pts',(-690.699242979053,148.61239593558,-83.3844164032813));
#1768=CARTESIAN_POINT('Ctrl Pts',(-684.439404258965,148.582484640969,-86.7202064754801));
#1769=CARTESIAN_POINT('Ctrl Pts',(-678.042869862867,148.556007944273,-89.6144120515238));
#1770=CARTESIAN_POINT('Ctrl Pts',(-671.677041086484,148.53044285989,-92.0090524306812));
#1771=CARTESIAN_POINT('Ctrl Pts',(-665.464845150783,148.505494762968,-94.3459005856388));
#1772=CARTESIAN_POINT('Ctrl Pts',(-659.283447675309,148.481388383263,-96.2050646244224));
#1773=CARTESIAN_POINT('Ctrl Pts',(-653.301380918336,148.455677063798,-97.6127636989366));
#1774=CARTESIAN_POINT('Ctrl Pts',(-647.700588761283,148.431604487838,-98.93074129035));
#1775=CARTESIAN_POINT('Ctrl Pts',(-642.275838309972,148.405978365854,-99.8522479619834));
#1776=CARTESIAN_POINT('Ctrl Pts',(-637.158591376011,148.377330401077,-100.488681355508));
#1777=CARTESIAN_POINT('Ctrl Pts',(-631.121258745567,148.343531505934,-101.23954605745));
#1778=CARTESIAN_POINT('Ctrl Pts',(-625.509024863212,148.304915825061,-101.613078514123));
#1779=CARTESIAN_POINT('Ctrl Pts',(-620.552577636826,148.271246189166,-101.853755152783));
#1780=CARTESIAN_POINT('Ctrl Pts',(-615.819556078727,148.239094305919,-102.083582621387));
#1781=CARTESIAN_POINT('Ctrl Pts',(-611.686673694561,148.211998756777,-102.186705579724));
#1782=CARTESIAN_POINT('Ctrl Pts',(-608.233959210821,148.19224622273,-102.238685525619));
#1783=CARTESIAN_POINT('Ctrl Pts',(-604.864572499919,148.172970396118,-102.289410988079));
#1784=CARTESIAN_POINT('Ctrl Pts',(-602.1367528297,148.16136715094,-102.288258239211));
#1785=CARTESIAN_POINT('Ctrl Pts',(-600.107630494319,148.151960435248,-102.245413352653));
#1786=CARTESIAN_POINT('Ctrl Pts',(-599.765890218425,148.15052711525,-102.238327828388));
#1787=CARTESIAN_POINT('Ctrl Pts',(-599.424149597545,148.149056167178,-102.231237038356));
#1788=CARTESIAN_POINT('Ctrl Pts',(-599.082408623229,148.1475470002,-102.224141097259));
#1789=CARTESIAN_POINT('Ctrl Pts',(-794.689488725326,152.177527940141,51.7442223066134));
#1790=CARTESIAN_POINT('Ctrl Pts',(-792.238155466226,151.983733937106,44.519242752466));
#1791=CARTESIAN_POINT('Ctrl Pts',(-789.159038998311,151.822078828488,36.5272635343435));
#1792=CARTESIAN_POINT('Ctrl Pts',(-785.396370280371,151.696239326098,27.8181304038525));
#1793=CARTESIAN_POINT('Ctrl Pts',(-781.724509767299,151.573436832856,19.319183395188));
#1794=CARTESIAN_POINT('Ctrl Pts',(-777.413394408319,151.485254645533,10.1247737399578));
#1795=CARTESIAN_POINT('Ctrl Pts',(-772.208751083715,151.452560468299,0.456390830875979));
#1796=CARTESIAN_POINT('Ctrl Pts',(-766.875392543593,151.419057736511,-9.45109933536661));
#1797=CARTESIAN_POINT('Ctrl Pts',(-760.576536836784,151.447151313232,-19.8565468723078));
#1798=CARTESIAN_POINT('Ctrl Pts',(-752.854613359837,151.528457399512,-30.2598444830065));
#1799=CARTESIAN_POINT('Ctrl Pts',(-749.040810895831,151.568613890718,-35.3979583454302));
#1800=CARTESIAN_POINT('Ctrl Pts',(-744.880063048767,151.621040976991,-40.5314382280343));
#1801=CARTESIAN_POINT('Ctrl Pts',(-740.344907954473,151.681952027468,-45.5722913589356));
#1802=CARTESIAN_POINT('Ctrl Pts',(-735.919204242638,151.741393051333,-50.4914885966032));
#1803=CARTESIAN_POINT('Ctrl Pts',(-731.135700474453,151.808828063744,-55.3225328236049));
#1804=CARTESIAN_POINT('Ctrl Pts',(-726.010883876749,151.880565223129,-59.9637923122461));
#1805=CARTESIAN_POINT('Ctrl Pts',(-720.629450799906,151.955894498819,-64.8374549798182));
#1806=CARTESIAN_POINT('Ctrl Pts',(-714.870797337469,152.035987198446,-69.5007325601941));
#1807=CARTESIAN_POINT('Ctrl Pts',(-708.823568361709,152.117264130999,-73.8165161567066));
#1808=CARTESIAN_POINT('Ctrl Pts',(-702.850202570915,152.197548315777,-78.0795851093158));
#1809=CARTESIAN_POINT('Ctrl Pts',(-696.596755457006,152.279068126274,-82.000900561028));
#1810=CARTESIAN_POINT('Ctrl Pts',(-690.204997290699,152.357962018056,-85.4630549682581));
#1811=CARTESIAN_POINT('Ctrl Pts',(-683.929404133166,152.435422077487,-88.8622875335424));
#1812=CARTESIAN_POINT('Ctrl Pts',(-677.521697363321,152.510321440692,-91.8165713439548));
#1813=CARTESIAN_POINT('Ctrl Pts',(-671.150125975993,152.578050018024,-94.2662643173677));
#1814=CARTESIAN_POINT('Ctrl Pts',(-664.932326021456,152.644144034626,-96.656836427885));
#1815=CARTESIAN_POINT('Ctrl Pts',(-658.750442151576,152.703378151099,-98.5649305716708));
#1816=CARTESIAN_POINT('Ctrl Pts',(-652.774333464847,152.75127095549,-100.014489931063));
#1817=CARTESIAN_POINT('Ctrl Pts',(-647.179119632886,152.796111251345,-101.37165978909));
#1818=CARTESIAN_POINT('Ctrl Pts',(-641.765585377765,152.830864019518,-102.326115099879));
#1819=CARTESIAN_POINT('Ctrl Pts',(-636.667361781693,152.853080597131,-102.987530726722));
#1820=CARTESIAN_POINT('Ctrl Pts',(-630.652472902754,152.879291735794,-103.767869490466));
#1821=CARTESIAN_POINT('Ctrl Pts',(-625.073844339999,152.887317348357,-104.15960237767));
#1822=CARTESIAN_POINT('Ctrl Pts',(-620.165468723855,152.886265451014,-104.406062051553));
#1823=CARTESIAN_POINT('Ctrl Pts',(-615.478351814231,152.885260970875,-104.641411868954));
#1824=CARTESIAN_POINT('Ctrl Pts',(-611.404155619347,152.876624318499,-104.738852406837));
#1825=CARTESIAN_POINT('Ctrl Pts',(-608.027317335207,152.861960558609,-104.77312229977));
#1826=CARTESIAN_POINT('Ctrl Pts',(-604.731975628551,152.847650693737,-104.80656512349));
#1827=CARTESIAN_POINT('Ctrl Pts',(-602.091998694978,152.828792842632,-104.776412393641));
#1828=CARTESIAN_POINT('Ctrl Pts',(-600.185784657827,152.796290483402,-104.693395309244));
#1829=CARTESIAN_POINT('Ctrl Pts',(-599.859002610445,152.791382973438,-104.679513494517));
#1830=CARTESIAN_POINT('Ctrl Pts',(-599.532220753844,152.786448461565,-104.665626161646));
#1831=CARTESIAN_POINT('Ctrl Pts',(-599.2054390863,152.781486563553,-104.651733360485));
#1832=CARTESIAN_POINT('',(-600.068643659545,150.002317260521,-103.274702315966));
#1833=CARTESIAN_POINT('',(-600.002317260522,143.599961701267,-100.386643077251));
#1834=CARTESIAN_POINT('Ctrl Pts',(-600.002317260522,143.599961701267,-100.386643077251));
#1835=CARTESIAN_POINT('Ctrl Pts',(-600.002613163262,143.627509005962,-100.398158761328));
#1836=CARTESIAN_POINT('Ctrl Pts',(-600.002908975913,143.655052556282,-100.409683481294));
#1837=CARTESIAN_POINT('Ctrl Pts',(-600.026016842771,145.807040310819,-101.31094534335));
#1838=CARTESIAN_POINT('Ctrl Pts',(-600.048541683725,147.923956954354,-102.260840745302));
#1839=CARTESIAN_POINT('Ctrl Pts',(-600.068643659548,150.002317260521,-103.274702315966));
#1840=CARTESIAN_POINT('Ctrl Pts',(-793.224605692887,150.002317260521,49.4023529459721));
#1841=CARTESIAN_POINT('Ctrl Pts',(-793.075712032023,150.002317260521,48.9777808097438));
#1842=CARTESIAN_POINT('Ctrl Pts',(-792.831808664514,150.002317260521,48.2975627290612));
#1843=CARTESIAN_POINT('Ctrl Pts',(-792.662312091404,150.002317260521,47.8259863981214));
#1844=CARTESIAN_POINT('Ctrl Pts',(-792.514305545064,150.002317260521,47.4141999956126));
#1845=CARTESIAN_POINT('Ctrl Pts',(-792.456413029108,150.00231726052,47.253942787356));
#1846=CARTESIAN_POINT('Ctrl Pts',(-792.378011969608,150.00231726052,47.036807530834));
#1847=CARTESIAN_POINT('Ctrl Pts',(-791.470392846679,150.00231726052,44.5231155943163));
#1848=CARTESIAN_POINT('Ctrl Pts',(-790.515092637867,150.002317260521,41.941500896979));
#1849=CARTESIAN_POINT('Ctrl Pts',(-789.554364061417,150.00231726052,39.4384625098019));
#1850=CARTESIAN_POINT('Ctrl Pts',(-787.937027360053,150.00231726052,35.2247272803796));
#1851=CARTESIAN_POINT('Ctrl Pts',(-786.223637360209,150.002317260522,31.0051428184979));
#1852=CARTESIAN_POINT('Ctrl Pts',(-784.43317160924,150.002317260521,26.8272459750552));
#1853=CARTESIAN_POINT('Ctrl Pts',(-782.676688715824,150.00231726052,22.7286451880876));
#1854=CARTESIAN_POINT('Ctrl Pts',(-780.849029694907,150.00231726052,18.6702832356853));
#1855=CARTESIAN_POINT('Ctrl Pts',(-778.904854958553,150.002317260521,14.5721720737228));
#1856=CARTESIAN_POINT('Ctrl Pts',(-776.773100147611,150.002317260521,10.0786622970899));
#1857=CARTESIAN_POINT('Ctrl Pts',(-774.517401228382,150.002317260521,5.57690442048905));
#1858=CARTESIAN_POINT('Ctrl Pts',(-772.144344118108,150.002317260521,1.13247796306147));
#1859=CARTESIAN_POINT('Ctrl Pts',(-770.422633171753,150.002317260521,-2.09206208230485));
#1860=CARTESIAN_POINT('Ctrl Pts',(-768.638967442003,150.002317260521,-5.28628667278793));
#1861=CARTESIAN_POINT('Ctrl Pts',(-766.797788719682,150.002317260521,-8.42611446038221));
#1862=CARTESIAN_POINT('Ctrl Pts',(-765.180723556707,150.00231726052,-11.1837533965206));
#1863=CARTESIAN_POINT('Ctrl Pts',(-763.549947073867,150.002317260521,-13.8554199397388));
#1864=CARTESIAN_POINT('Ctrl Pts',(-761.736476387342,150.002317260521,-16.6874031401044));
#1865=CARTESIAN_POINT('Ctrl Pts',(-753.534393220413,150.002317260517,-29.4960809474415));
#1866=CARTESIAN_POINT('Ctrl Pts',(-742.090104556508,150.002317260521,-44.6378498062678));
#1867=CARTESIAN_POINT('Ctrl Pts',(-726.189511721114,150.002317260521,-58.9548419818471));
#1868=CARTESIAN_POINT('Ctrl Pts',(-722.003289895462,150.002317260521,-62.7241420163524));
#1869=CARTESIAN_POINT('Ctrl Pts',(-717.477854051634,150.002317260521,-66.4544047916611));
#1870=CARTESIAN_POINT('Ctrl Pts',(-712.815734318046,150.002317260521,-69.9344020808022));
#1871=CARTESIAN_POINT('Ctrl Pts',(-703.771795120551,150.00231726052,-76.6851690471003));
#1872=CARTESIAN_POINT('Ctrl Pts',(-694.081441657388,150.002317260521,-82.6306194108974));
#1873=CARTESIAN_POINT('Ctrl Pts',(-683.895804453164,150.002317260521,-87.5179659265592));
#1874=CARTESIAN_POINT('Ctrl Pts',(-679.203498607597,150.002317260521,-89.7694622409227));
#1875=CARTESIAN_POINT('Ctrl Pts',(-674.405975939706,150.002317260521,-91.7960950829657));
#1876=CARTESIAN_POINT('Ctrl Pts',(-669.518362637946,150.002317260521,-93.5737921561354));
#1877=CARTESIAN_POINT('Ctrl Pts',(-666.889195063969,150.002317260521,-94.5300591953973));
#1878=CARTESIAN_POINT('Ctrl Pts',(-664.227678856134,150.002317260521,-95.4135725118762));
#1879=CARTESIAN_POINT('Ctrl Pts',(-661.687345986204,150.002317260521,-96.1833666267327));
#1880=CARTESIAN_POINT('Ctrl Pts',(-658.699034126437,150.002317260521,-97.0889112938249));
#1881=CARTESIAN_POINT('Ctrl Pts',(-655.829398621073,150.002317260521,-97.8561310011283));
#1882=CARTESIAN_POINT('Ctrl Pts',(-653.086389860423,150.002317260521,-98.5100822100044));
#1883=CARTESIAN_POINT('Ctrl Pts',(-648.365652051535,150.002317260521,-99.6355369446728));
#1884=CARTESIAN_POINT('Ctrl Pts',(-644.0199875551,150.002317260521,-100.425885001558));
#1885=CARTESIAN_POINT('Ctrl Pts',(-640.08921098494,150.002317260521,-101.005874312354));
#1886=CARTESIAN_POINT('Ctrl Pts',(-638.174726452712,150.002317260521,-101.288358077218));
#1887=CARTESIAN_POINT('Ctrl Pts',(-636.367812671241,150.002317260521,-101.521245620657));
#1888=CARTESIAN_POINT('Ctrl Pts',(-634.508044156774,150.002317260521,-101.732484447629));
#1889=CARTESIAN_POINT('Ctrl Pts',(-629.005306376351,150.002317260521,-102.357504101865));
#1890=CARTESIAN_POINT('Ctrl Pts',(-623.376837043333,150.002317260521,-102.740001439885));
#1891=CARTESIAN_POINT('Ctrl Pts',(-617.733312318103,150.002317260521,-102.986708134126));
#1892=CARTESIAN_POINT('Ctrl Pts',(-615.132737165557,150.002317260521,-103.100392281931));
#1893=CARTESIAN_POINT('Ctrl Pts',(-612.528796977646,150.002317260521,-103.184404878238));
#1894=CARTESIAN_POINT('Ctrl Pts',(-609.932113761705,150.002317260521,-103.240395408302));
#1895=CARTESIAN_POINT('Ctrl Pts',(-608.779298777467,150.002317260521,-103.265252780829));
#1896=CARTESIAN_POINT('Ctrl Pts',(-607.551090257209,150.002317260521,-103.2862188409));
#1897=CARTESIAN_POINT('Ctrl Pts',(-606.267145803988,150.002317260521,-103.299516640786));
#1898=CARTESIAN_POINT('Ctrl Pts',(-604.765299324075,150.002317260521,-103.315071249786));
#1899=CARTESIAN_POINT('Ctrl Pts',(-603.220022045275,150.002317260521,-103.319620532271));
#1900=CARTESIAN_POINT('Ctrl Pts',(-601.785949402799,150.002317260521,-103.304481837645));
#1901=CARTESIAN_POINT('Ctrl Pts',(-601.21473136296,150.002317260521,-103.29845181154));
#1902=CARTESIAN_POINT('Ctrl Pts',(-600.662395232076,150.00231726052,-103.289309974691));
#1903=CARTESIAN_POINT('Ctrl Pts',(-600.134954485558,150.00231726052,-103.276333706012));
#1904=CARTESIAN_POINT('Ctrl Pts',(-600.112850877586,150.00231726052,-103.275789905865));
#1905=CARTESIAN_POINT('Ctrl Pts',(-600.090747268869,150.002317260521,-103.275246109194));
#1906=CARTESIAN_POINT('Ctrl Pts',(-600.068643659546,150.002317260521,-103.274702315966));
#1907=CARTESIAN_POINT('',(-599.597721564109,14.5606816860482,-47.5605873524196));
#1908=CARTESIAN_POINT('Ctrl Pts',(-599.895673020617,14.5533816997438,-47.477148127153));
#1909=CARTESIAN_POINT('Ctrl Pts',(-599.795976719278,14.5558401988984,-47.5052489010758));
#1910=CARTESIAN_POINT('Ctrl Pts',(-599.696671701512,14.5582731558772,-47.5330577265934));
#1911=CARTESIAN_POINT('Ctrl Pts',(-599.597721564109,14.5606816860481,-47.5605873524193));
#1912=CARTESIAN_POINT('Ctrl Pts',(-599.597721564109,14.5606816860481,-47.5605873524195));
#1913=CARTESIAN_POINT('Ctrl Pts',(-599.450793459857,21.1311898646223,-57.201962098205));
#1914=CARTESIAN_POINT('Ctrl Pts',(-599.395513696942,27.1407043833282,-62.2596005235716));
#1915=CARTESIAN_POINT('Ctrl Pts',(-599.347592065879,38.5980074280094,-70.1500791622602));
#1916=CARTESIAN_POINT('Ctrl Pts',(-599.36997611245,46.6299674095565,-73.5877242484053));
#1917=CARTESIAN_POINT('Ctrl Pts',(-599.45574429094,70.2892507023067,-81.0498170344953));
#1918=CARTESIAN_POINT('Ctrl Pts',(-599.531556103782,86.7199017251182,-84.3263740267851));
#1919=CARTESIAN_POINT('Ctrl Pts',(-599.730429141588,116.646365590545,-91.3458329683847));
#1920=CARTESIAN_POINT('Ctrl Pts',(-599.86486103183,130.914425611892,-95.0965888446172));
#1921=CARTESIAN_POINT('Ctrl Pts',(-600.001522463156,143.526597499044,-100.355993216916));
#1922=CARTESIAN_POINT('Ctrl Pts',(-600.001919925895,143.563282965925,-100.371310153279));
#1923=CARTESIAN_POINT('Ctrl Pts',(-600.002317260519,143.599961701267,-100.386643077251));
#1924=CARTESIAN_POINT('Ctrl Pts',(-794.689488725326,147.8271065809,51.7442223066134));
#1925=CARTESIAN_POINT('Ctrl Pts',(-792.238155466226,148.020900583935,44.519242752466));
#1926=CARTESIAN_POINT('Ctrl Pts',(-789.159038998311,148.182555692553,36.5272635343437));
#1927=CARTESIAN_POINT('Ctrl Pts',(-785.396370280371,148.308395194943,27.8181304038525));
#1928=CARTESIAN_POINT('Ctrl Pts',(-781.724509767299,148.431197688186,19.3191833951877));
#1929=CARTESIAN_POINT('Ctrl Pts',(-777.413394408319,148.519379875509,10.1247737399579));
#1930=CARTESIAN_POINT('Ctrl Pts',(-772.208751083715,148.552074052742,0.456390830875983));
#1931=CARTESIAN_POINT('Ctrl Pts',(-766.875392543593,148.585576784531,-9.45109933536658));
#1932=CARTESIAN_POINT('Ctrl Pts',(-760.576536836784,148.55748320781,-19.8565468723078));
#1933=CARTESIAN_POINT('Ctrl Pts',(-752.854613359837,148.476177121529,-30.2598444830064));
#1934=CARTESIAN_POINT('Ctrl Pts',(-749.040810895831,148.436020630323,-35.3979583454302));
#1935=CARTESIAN_POINT('Ctrl Pts',(-744.880063048767,148.383593544051,-40.5314382280342));
#1936=CARTESIAN_POINT('Ctrl Pts',(-740.344907954473,148.322682493573,-45.5722913589356));
#1937=CARTESIAN_POINT('Ctrl Pts',(-735.919204242638,148.263241469708,-50.4914885966032));
#1938=CARTESIAN_POINT('Ctrl Pts',(-731.135700474453,148.195806457297,-55.3225328236049));
#1939=CARTESIAN_POINT('Ctrl Pts',(-726.010883876749,148.124069297913,-59.9637923122461));
#1940=CARTESIAN_POINT('Ctrl Pts',(-720.629450799906,148.048740022223,-64.8374549798182));
#1941=CARTESIAN_POINT('Ctrl Pts',(-714.870797337469,147.968647322595,-69.5007325601942));
#1942=CARTESIAN_POINT('Ctrl Pts',(-708.823568361709,147.887370390043,-73.8165161567066));
#1943=CARTESIAN_POINT('Ctrl Pts',(-699.935600247201,147.767912901685,-80.1596771563452));
#1944=CARTESIAN_POINT('Ctrl Pts',(-690.418466637191,147.645467521944,-85.7360432112029));
#1945=CARTESIAN_POINT('Ctrl Pts',(-680.7719137218,147.53365945186,-90.195037579885));
#1946=CARTESIAN_POINT('Ctrl Pts',(-676.007550621373,147.478438250244,-92.3973028264963));
#1947=CARTESIAN_POINT('Ctrl Pts',(-671.214895150609,147.425916494123,-94.3300195608724));
#1948=CARTESIAN_POINT('Ctrl Pts',(-666.468019519901,147.37808631422,-95.9797261580286));
#1949=CARTESIAN_POINT('Ctrl Pts',(-661.835704932715,147.331410467344,-97.5896187545704));
#1950=CARTESIAN_POINT('Ctrl Pts',(-657.247346053779,147.289210490062,-98.9295201617943));
#1951=CARTESIAN_POINT('Ctrl Pts',(-652.774333464847,147.253363565552,-100.014489931063));
#1952=CARTESIAN_POINT('Ctrl Pts',(-646.459947095154,147.202759788562,-101.546101610305));
#1953=CARTESIAN_POINT('Ctrl Pts',(-640.377275141399,147.1651194775,-102.561951654267));
#1954=CARTESIAN_POINT('Ctrl Pts',(-634.717326208908,147.143594431519,-103.228805031536));
#1955=CARTESIAN_POINT('Ctrl Pts',(-630.507142011838,147.127582907474,-103.724847590264));
#1956=CARTESIAN_POINT('Ctrl Pts',(-626.529788130335,147.120442444509,-104.037067044802));
#1957=CARTESIAN_POINT('Ctrl Pts',(-622.872053653134,147.118716252837,-104.25695441943));
#1958=CARTESIAN_POINT('Ctrl Pts',(-617.496066149598,147.116179167405,-104.580135827362));
#1959=CARTESIAN_POINT('Ctrl Pts',(-612.824192268703,147.124006964809,-104.709623073747));
#1960=CARTESIAN_POINT('Ctrl Pts',(-608.985804980724,147.138756257295,-104.761737299857));
#1961=CARTESIAN_POINT('Ctrl Pts',(-605.240053288738,147.153149590522,-104.812593801816));
#1962=CARTESIAN_POINT('Ctrl Pts',(-602.273369139222,147.172749178188,-104.784311215696));
#1963=CARTESIAN_POINT('Ctrl Pts',(-600.185784657827,147.20834403764,-104.693395309244));
#1964=CARTESIAN_POINT('Ctrl Pts',(-599.859002610445,147.213251547603,-104.679513494517));
#1965=CARTESIAN_POINT('Ctrl Pts',(-599.532220753844,147.218186059476,-104.665626161646));
#1966=CARTESIAN_POINT('Ctrl Pts',(-599.2054390863,147.223147957488,-104.651733360485));
#1967=CARTESIAN_POINT('Ctrl Pts',(-794.617693538447,148.02136268529,51.7677929461763));
#1968=CARTESIAN_POINT('Ctrl Pts',(-792.118103469797,148.41350410816,44.6183341911874));
#1969=CARTESIAN_POINT('Ctrl Pts',(-789.02358916394,148.789875860903,36.732763349578));
#1970=CARTESIAN_POINT('Ctrl Pts',(-785.271346131187,149.142384437205,28.1501065829464));
#1971=CARTESIAN_POINT('Ctrl Pts',(-781.609659689934,149.486385575459,19.7745835589867));
#1972=CARTESIAN_POINT('Ctrl Pts',(-777.333097713832,149.807020865221,10.7226161897969));
#1973=CARTESIAN_POINT('Ctrl Pts',(-772.177826461637,150.084502668387,1.20526297249694));
#1974=CARTESIAN_POINT('Ctrl Pts',(-766.895061006882,150.368846830388,-8.54746241040912));
#1975=CARTESIAN_POINT('Ctrl Pts',(-760.662586305628,150.605399471199,-18.789390758727));
#1976=CARTESIAN_POINT('Ctrl Pts',(-753.01050177093,150.79332914873,-29.0303100334963));
#1977=CARTESIAN_POINT('Ctrl Pts',(-749.231192258171,150.886146264746,-34.0882264037385));
#1978=CARTESIAN_POINT('Ctrl Pts',(-745.105699166609,150.967661152802,-39.1417196946416));
#1979=CARTESIAN_POINT('Ctrl Pts',(-740.604913386887,151.03972988407,-44.103668646902));
#1980=CARTESIAN_POINT('Ctrl Pts',(-736.21274952097,151.110059309382,-48.945865978496));
#1981=CARTESIAN_POINT('Ctrl Pts',(-731.461934970202,151.171450197131,-53.7009302053094));
#1982=CARTESIAN_POINT('Ctrl Pts',(-726.367586231518,151.225604540324,-58.2679946191662));
#1983=CARTESIAN_POINT('Ctrl Pts',(-721.018146639942,151.282470570192,-63.0637470197128));
#1984=CARTESIAN_POINT('Ctrl Pts',(-715.289015686109,151.33140633267,-67.6510704449657));
#1985=CARTESIAN_POINT('Ctrl Pts',(-709.267333005848,151.374605214484,-71.893544036475));
#1986=CARTESIAN_POINT('Ctrl Pts',(-700.416911784429,151.438097151979,-78.1289570097772));
#1987=CARTESIAN_POINT('Ctrl Pts',(-690.928698886738,151.488830184918,-83.6030804851073));
#1988=CARTESIAN_POINT('Ctrl Pts',(-681.299224697065,151.53381847875,-87.9693184680351));
#1989=CARTESIAN_POINT('Ctrl Pts',(-676.543296656428,151.556037873487,-90.1257720028885));
#1990=CARTESIAN_POINT('Ctrl Pts',(-671.756216565413,151.576923500337,-92.0150424796448));
#1991=CARTESIAN_POINT('Ctrl Pts',(-667.011646050657,151.597548606334,-93.6245131604579));
#1992=CARTESIAN_POINT('Ctrl Pts',(-662.381580947781,151.617675946253,-95.1951408938129));
#1993=CARTESIAN_POINT('Ctrl Pts',(-657.792371087131,151.637563696635,-96.4988382503633));
#1994=CARTESIAN_POINT('Ctrl Pts',(-653.314785566205,151.658209334142,-97.5516794565074));
#1995=CARTESIAN_POINT('Ctrl Pts',(-646.993943757618,151.687354016719,-99.0379364319462));
#1996=CARTESIAN_POINT('Ctrl Pts',(-640.897481585231,151.718315681279,-100.016593758401));
#1997=CARTESIAN_POINT('Ctrl Pts',(-635.213120706659,151.7528051212,-100.656930477654));
#1998=CARTESIAN_POINT('Ctrl Pts',(-630.984777548997,151.778460281106,-101.133248474223));
#1999=CARTESIAN_POINT('Ctrl Pts',(-626.983267153591,151.805996576836,-101.431680350961));
#2000=CARTESIAN_POINT('Ctrl Pts',(-623.294150283914,151.831716199248,-101.644142646477));
#2001=CARTESIAN_POINT('Ctrl Pts',(-617.872038232291,151.869517841095,-101.956410978907));
#2002=CARTESIAN_POINT('Ctrl Pts',(-613.138902918125,151.902174607224,-102.088597237769));
#2003=CARTESIAN_POINT('Ctrl Pts',(-609.218913779993,151.925428827841,-102.158100508451));
#2004=CARTESIAN_POINT('Ctrl Pts',(-605.393529615995,151.948121831357,-102.225926387974));
#2005=CARTESIAN_POINT('Ctrl Pts',(-602.331253304236,151.961137090813,-102.228955181151));
#2006=CARTESIAN_POINT('Ctrl Pts',(-600.105642762409,151.97079553477,-102.183152666444));
#2007=CARTESIAN_POINT('Ctrl Pts',(-599.763522046794,151.972140494046,-102.176239995458));
#2008=CARTESIAN_POINT('Ctrl Pts',(-599.421400972567,151.973523351657,-102.169322065123));
#2009=CARTESIAN_POINT('Ctrl Pts',(-599.079279531107,151.97494470369,-102.162398991792));
#2010=CARTESIAN_POINT('Ctrl Pts',(-794.583004624956,148.14886115127,51.7904852814798));
#2011=CARTESIAN_POINT('Ctrl Pts',(-792.016843453895,148.796092034631,44.7106279907541));
#2012=CARTESIAN_POINT('Ctrl Pts',(-788.882874836913,149.436637693619,36.9245153927251));
#2013=CARTESIAN_POINT('Ctrl Pts',(-785.111326822216,150.05904612813,28.4633236981074));
#2014=CARTESIAN_POINT('Ctrl Pts',(-781.430801305236,150.666433364425,20.2063343094685));
#2015=CARTESIAN_POINT('Ctrl Pts',(-777.154293696763,151.255993292089,11.294104668932));
#2016=CARTESIAN_POINT('Ctrl Pts',(-772.012632306264,151.810313473596,1.92879334392092));
#2017=CARTESIAN_POINT('Ctrl Pts',(-766.743813296553,152.378342460332,-7.66813002257));
#2018=CARTESIAN_POINT('Ctrl Pts',(-760.540135742565,152.907454249026,-17.7408588781147));
#2019=CARTESIAN_POINT('Ctrl Pts',(-752.929558314631,153.389673319164,-27.8077116646845));
#2020=CARTESIAN_POINT('Ctrl Pts',(-749.170748863356,153.627837849462,-32.779657848408));
#2021=CARTESIAN_POINT('Ctrl Pts',(-745.068864372226,153.854988192217,-37.7460417249104));
#2022=CARTESIAN_POINT('Ctrl Pts',(-740.594205732151,154.071484688209,-42.6212152708526));
#2023=CARTESIAN_POINT('Ctrl Pts',(-736.227538453782,154.282756260182,-47.3787314328165));
#2024=CARTESIAN_POINT('Ctrl Pts',(-731.504643880286,154.483916903216,-52.0494303948091));
#2025=CARTESIAN_POINT('Ctrl Pts',(-726.439465694667,154.675193736158,-56.5342087141272));
#2026=CARTESIAN_POINT('Ctrl Pts',(-721.120657322012,154.876048431346,-61.2435546838343));
#2027=CARTESIAN_POINT('Ctrl Pts',(-715.423296656235,155.066188437334,-65.7469331146718));
#2028=CARTESIAN_POINT('Ctrl Pts',(-709.433497419342,155.246040549354,-69.9105637722259));
#2029=CARTESIAN_POINT('Ctrl Pts',(-700.629937169976,155.510379777018,-76.0300966480725));
#2030=CARTESIAN_POINT('Ctrl Pts',(-691.188957525836,155.752186482845,-81.399520064333));
#2031=CARTESIAN_POINT('Ctrl Pts',(-681.600588612581,155.971898115797,-85.6805461672534));
#2032=CARTESIAN_POINT('Ctrl Pts',(-676.86496217231,156.080412110999,-87.7949141674721));
#2033=CARTESIAN_POINT('Ctrl Pts',(-672.096637830839,156.183583407491,-89.6468348183933));
#2034=CARTESIAN_POINT('Ctrl Pts',(-667.368161832822,156.281572184061,-91.2244170033301));
#2035=CARTESIAN_POINT('Ctrl Pts',(-662.753802821799,156.37719610059,-92.7639258374127));
#2036=CARTESIAN_POINT('Ctrl Pts',(-658.177767078977,156.467895303294,-94.0417149148411));
#2037=CARTESIAN_POINT('Ctrl Pts',(-653.709544320728,156.553724419986,-95.0741939097032));
#2038=CARTESIAN_POINT('Ctrl Pts',(-647.401919577786,156.674886208332,-96.53170630488));
#2039=CARTESIAN_POINT('Ctrl Pts',(-641.310664847252,156.786729639736,-97.4928785563129));
#2040=CARTESIAN_POINT('Ctrl Pts',(-635.618324024197,156.889535196348,-98.1270180930468));
#2041=CARTESIAN_POINT('Ctrl Pts',(-631.384044940866,156.966007676044,-98.5987262812549));
#2042=CARTESIAN_POINT('Ctrl Pts',(-627.369230335108,157.037383389648,-98.8986696574244));
#2043=CARTESIAN_POINT('Ctrl Pts',(-623.65741672633,157.099696747428,-99.117914956885));
#2044=CARTESIAN_POINT('Ctrl Pts',(-618.201945942264,157.191282354533,-99.4401526691782));
#2045=CARTESIAN_POINT('Ctrl Pts',(-613.41545691856,157.262180812269,-99.5934648512426));
#2046=CARTESIAN_POINT('Ctrl Pts',(-609.416044801839,157.307152059483,-99.6954651627749));
#2047=CARTESIAN_POINT('Ctrl Pts',(-605.513154452533,157.351037971118,-99.7950037999265));
#2048=CARTESIAN_POINT('Ctrl Pts',(-602.351433151615,157.369944303778,-99.8409472535978));
#2049=CARTESIAN_POINT('Ctrl Pts',(-599.979638588843,157.366379353494,-99.8497352257546));
#2050=CARTESIAN_POINT('Ctrl Pts',(-599.622000051634,157.365910946935,-99.8511537674261));
#2051=CARTESIAN_POINT('Ctrl Pts',(-599.264359516325,157.365484549733,-99.8525851272063));
#2052=CARTESIAN_POINT('Ctrl Pts',(-598.906716995284,157.365100686566,-99.8540297201411));
#2053=CARTESIAN_POINT('Ctrl Pts',(-794.559145975907,148.244171322779,51.8113004245453));
#2054=CARTESIAN_POINT('Ctrl Pts',(-791.922477419496,149.182593696813,44.7986840101826));
#2055=CARTESIAN_POINT('Ctrl Pts',(-788.735825800424,150.120229911258,37.1076466879583));
#2056=CARTESIAN_POINT('Ctrl Pts',(-784.924877098895,151.044488988833,28.7647197074099));
#2057=CARTESIAN_POINT('Ctrl Pts',(-781.20590179082,151.946442008139,20.6231408335502));
#2058=CARTESIAN_POINT('Ctrl Pts',(-776.90320139092,152.835188601047,11.8488006050738));
#2059=CARTESIAN_POINT('Ctrl Pts',(-771.747920701103,153.695967994377,2.63557398372741));
#2060=CARTESIAN_POINT('Ctrl Pts',(-766.465145575325,154.578035187507,-6.80550349621093));
#2061=CARTESIAN_POINT('Ctrl Pts',(-760.261896810965,155.42913108273,-16.706542337379));
#2062=CARTESIAN_POINT('Ctrl Pts',(-752.672385812664,156.234580896627,-26.5937174281865));
#2063=CARTESIAN_POINT('Ctrl Pts',(-748.923980919461,156.632386766374,-31.4769220903357));
#2064=CARTESIAN_POINT('Ctrl Pts',(-744.837549713518,157.019384185739,-36.3527342582091));
#2065=CARTESIAN_POINT('Ctrl Pts',(-740.383442377857,157.39467580743,-41.1373275348858));
#2066=CARTESIAN_POINT('Ctrl Pts',(-736.036830418953,157.76091014531,-45.8064494907921));
#2067=CARTESIAN_POINT('Ctrl Pts',(-731.338886526502,158.116016110388,-50.3887461718893));
#2068=CARTESIAN_POINT('Ctrl Pts',(-726.302389866592,158.458998211472,-54.7874524256952));
#2069=CARTESIAN_POINT('Ctrl Pts',(-721.013699198288,158.819154558211,-59.4064164175288));
#2070=CARTESIAN_POINT('Ctrl Pts',(-715.350180100603,159.166250097483,-63.8223175559932));
#2071=CARTESIAN_POINT('Ctrl Pts',(-709.397148806871,159.498583456107,-67.9052534229104));
#2072=CARTESIAN_POINT('Ctrl Pts',(-700.647628566203,159.987033340621,-73.9061844186128));
#2073=CARTESIAN_POINT('Ctrl Pts',(-691.267213005357,160.44334384436,-79.1720515373032));
#2074=CARTESIAN_POINT('Ctrl Pts',(-681.737118527328,160.860407276372,-83.3754575108003));
#2075=CARTESIAN_POINT('Ctrl Pts',(-677.030273411467,161.066391905643,-85.451489487393));
#2076=CARTESIAN_POINT('Ctrl Pts',(-672.290074677047,161.262831449954,-87.2713368585819));
#2077=CARTESIAN_POINT('Ctrl Pts',(-667.587510797954,161.448865637936,-88.8237252075972));
#2078=CARTESIAN_POINT('Ctrl Pts',(-662.998438543066,161.6304100789,-90.3386482335132));
#2079=CARTESIAN_POINT('Ctrl Pts',(-658.445576644173,161.802057317365,-91.5984177952502));
#2080=CARTESIAN_POINT('Ctrl Pts',(-653.996744339541,161.962830874147,-92.6192947388844));
#2081=CARTESIAN_POINT('Ctrl Pts',(-647.716492382521,162.189788955613,-94.0604289476202));
#2082=CARTESIAN_POINT('Ctrl Pts',(-641.644300846281,162.395550841969,-95.0183964603425));
#2083=CARTESIAN_POINT('Ctrl Pts',(-635.956435841322,162.579115128531,-95.6607371526711));
#2084=CARTESIAN_POINT('Ctrl Pts',(-631.725486119941,162.715660434443,-96.1385458156527));
#2085=CARTESIAN_POINT('Ctrl Pts',(-627.705894043356,162.839807657318,-96.4506632573926));
#2086=CARTESIAN_POINT('Ctrl Pts',(-623.978690123319,162.947357620718,-96.6863686227428));
#2087=CARTESIAN_POINT('Ctrl Pts',(-618.500599293558,163.105430127853,-97.0327986620299));
#2088=CARTESIAN_POINT('Ctrl Pts',(-613.668564171312,163.226625949939,-97.2192435001039));
#2089=CARTESIAN_POINT('Ctrl Pts',(-609.595432901746,163.304903485872,-97.3629043859711));
#2090=CARTESIAN_POINT('Ctrl Pts',(-605.620602536807,163.381291872627,-97.5030981616211));
#2091=CARTESIAN_POINT('Ctrl Pts',(-602.361986081057,163.41673852326,-97.5979740335525));
#2092=CARTESIAN_POINT('Ctrl Pts',(-599.852151230969,163.411428519345,-97.6667132772504));
#2093=CARTESIAN_POINT('Ctrl Pts',(-599.479152718136,163.410699285951,-97.6769072744566));
#2094=CARTESIAN_POINT('Ctrl Pts',(-599.106151583381,163.410003725013,-97.687128880298));
#2095=CARTESIAN_POINT('Ctrl Pts',(-598.733147840427,163.409342252395,-97.6973786661632));
#2096=CARTESIAN_POINT('Ctrl Pts',(-794.538380280262,148.327125810663,51.8294171638806));
#2097=CARTESIAN_POINT('Ctrl Pts',(-791.840344674025,149.5189906096,44.8753247493733));
#2098=CARTESIAN_POINT('Ctrl Pts',(-788.607839696499,150.715203579213,37.2670374704024));
#2099=CARTESIAN_POINT('Ctrl Pts',(-784.762598077995,151.902182418136,29.0270437721587));
#2100=CARTESIAN_POINT('Ctrl Pts',(-781.010157477821,153.060514723002,20.9859139899165));
#2101=CARTESIAN_POINT('Ctrl Pts',(-776.684659830107,154.209662448383,12.3315876632205));
#2102=CARTESIAN_POINT('Ctrl Pts',(-771.517525400207,155.33717273278,3.25073000635953));
#2103=CARTESIAN_POINT('Ctrl Pts',(-766.222603381365,156.492567296694,-6.05470491305082));
#2104=CARTESIAN_POINT('Ctrl Pts',(-760.019727819817,157.623906383607,-15.8063110442358));
#2105=CARTESIAN_POINT('Ctrl Pts',(-752.44855227149,158.710684416648,-25.537101239284));
#2106=CARTESIAN_POINT('Ctrl Pts',(-748.709203125149,159.24743627033,-30.3430685262428));
#2107=CARTESIAN_POINT('Ctrl Pts',(-744.636221893521,159.773558739729,-35.1400503910417));
#2108=CARTESIAN_POINT('Ctrl Pts',(-740.200001661684,160.287059831851,-39.8458059137787));
#2109=CARTESIAN_POINT('Ctrl Pts',(-735.870845119439,160.788168094344,-44.4379927852197));
#2110=CARTESIAN_POINT('Ctrl Pts',(-731.194617387349,161.277262438105,-48.9433473538077));
#2111=CARTESIAN_POINT('Ctrl Pts',(-726.183084078561,161.75228325687,-53.2671396293605));
#2112=CARTESIAN_POINT('Ctrl Pts',(-720.920606758749,162.251089935619,-57.8074384528309));
#2113=CARTESIAN_POINT('Ctrl Pts',(-715.28654212438,162.734793831356,-62.14720255497));
#2114=CARTESIAN_POINT('Ctrl Pts',(-709.365512303808,163.199841290939,-66.159904627044));
#2115=CARTESIAN_POINT('Ctrl Pts',(-700.663026510522,163.883348895673,-72.0576088834201));
#2116=CARTESIAN_POINT('Ctrl Pts',(-691.335323713009,164.526355660926,-77.2333443876548));
#2117=CARTESIAN_POINT('Ctrl Pts',(-681.855949172363,165.115186881885,-81.3691926389919));
#2118=CARTESIAN_POINT('Ctrl Pts',(-677.174154268762,165.406006386646,-83.4118583425302));
#2119=CARTESIAN_POINT('Ctrl Pts',(-672.458435034196,165.683623203133,-85.2037903039277));
#2120=CARTESIAN_POINT('Ctrl Pts',(-667.778424115835,165.946288897476,-86.7342508594699));
#2121=CARTESIAN_POINT('Ctrl Pts',(-663.211360528775,166.202615420882,-88.2277752970359));
#2122=CARTESIAN_POINT('Ctrl Pts',(-658.678668296194,166.444716869485,-89.4718613312707));
#2123=CARTESIAN_POINT('Ctrl Pts',(-654.246712733301,166.670719326279,-90.4826402737914));
#2124=CARTESIAN_POINT('Ctrl Pts',(-647.990285048152,166.989758632413,-91.9095195079828));
#2125=CARTESIAN_POINT('Ctrl Pts',(-641.934685419103,167.277263707456,-92.8646977333255));
#2126=CARTESIAN_POINT('Ctrl Pts',(-636.250716002539,167.531117439302,-93.5141764115757));
#2127=CARTESIAN_POINT('Ctrl Pts',(-632.022664036049,167.719947936349,-93.9972947047119));
#2128=CARTESIAN_POINT('Ctrl Pts',(-627.998913823563,167.890025551091,-94.3200080079311));
#2129=CARTESIAN_POINT('Ctrl Pts',(-624.258314739413,168.036947801767,-94.5700396127034));
#2130=CARTESIAN_POINT('Ctrl Pts',(-618.760536249073,168.252888075329,-94.9375257687171));
#2131=CARTESIAN_POINT('Ctrl Pts',(-613.888859468231,168.417860884021,-95.152808058954));
#2132=CARTESIAN_POINT('Ctrl Pts',(-609.751565743864,168.525126995679,-95.332728785237));
#2133=CARTESIAN_POINT('Ctrl Pts',(-605.714121420092,168.629804348195,-95.5083073067188));
#2134=CARTESIAN_POINT('Ctrl Pts',(-602.371170964933,168.679647086729,-95.6457721660945));
#2135=CARTESIAN_POINT('Ctrl Pts',(-599.741190896759,168.672818251948,-95.7666908041843));
#2136=CARTESIAN_POINT('Ctrl Pts',(-599.354823622842,168.671862004415,-95.7845226369781));
#2137=CARTESIAN_POINT('Ctrl Pts',(-598.968453184051,168.670932173204,-95.8023949515409));
#2138=CARTESIAN_POINT('Ctrl Pts',(-598.582079595288,168.670029079473,-95.8203084553357));
#2139=CARTESIAN_POINT('Ctrl Pts',(-794.527250215429,148.384359356202,51.8459974552101));
#2140=CARTESIAN_POINT('Ctrl Pts',(-791.764045643331,149.857251450286,44.9487025945435));
#2141=CARTESIAN_POINT('Ctrl Pts',(-788.475282207503,151.337571866135,37.4199033693357));
#2142=CARTESIAN_POINT('Ctrl Pts',(-784.580386873716,152.811992124623,29.2803796017417));
#2143=CARTESIAN_POINT('Ctrl Pts',(-780.779490900469,154.25082874104,21.3372950099635));
#2144=CARTESIAN_POINT('Ctrl Pts',(-776.411406454504,155.683748770398,12.801466464125));
#2145=CARTESIAN_POINT('Ctrl Pts',(-771.211901053023,157.10078188982,3.85287345981859));
#2146=CARTESIAN_POINT('Ctrl Pts',(-765.883807501193,158.55285943246,-5.31702579071634));
#2147=CARTESIAN_POINT('Ctrl Pts',(-759.659927343626,159.987022622628,-14.9174670567071));
#2148=CARTESIAN_POINT('Ctrl Pts',(-752.091624116696,161.377339035499,-24.4877320642911));
#2149=CARTESIAN_POINT('Ctrl Pts',(-748.353693589233,162.064006311727,-29.2144171157663));
#2150=CARTESIAN_POINT('Ctrl Pts',(-744.287976671386,162.740156509256,-33.9299900468878));
#2151=CARTESIAN_POINT('Ctrl Pts',(-739.865401394741,163.402877123281,-38.554059592305));
#2152=CARTESIAN_POINT('Ctrl Pts',(-735.549560500492,164.0496036454,-43.0665318948917));
#2153=CARTESIAN_POINT('Ctrl Pts',(-730.892772383764,164.683537382503,-47.4919100156837));
#2154=CARTESIAN_POINT('Ctrl Pts',(-725.905805788657,165.30174159666,-51.7379410715152));
#2155=CARTESIAN_POINT('Ctrl Pts',(-720.669125318952,165.950901335917,-56.1965849143778));
#2156=CARTESIAN_POINT('Ctrl Pts',(-715.066053444439,166.583236835277,-60.4575570887316));
#2157=CARTESIAN_POINT('Ctrl Pts',(-709.180700228795,167.19305800873,-64.3986503122484));
#2158=CARTESIAN_POINT('Ctrl Pts',(-700.530650440214,168.089348056111,-70.191106831976));
#2159=CARTESIAN_POINT('Ctrl Pts',(-691.265738092439,168.936852618785,-75.2776371331457));
#2160=CARTESIAN_POINT('Ctrl Pts',(-681.850083667234,169.71464024567,-79.3517778678103));
#2161=CARTESIAN_POINT('Ctrl Pts',(-677.199759670333,170.098783960217,-81.3639666727059));
#2162=CARTESIAN_POINT('Ctrl Pts',(-672.515617639287,170.465920762599,-83.1320381539536));
#2163=CARTESIAN_POINT('Ctrl Pts',(-667.865595964664,170.813339863488,-84.6457054417469));
#2164=CARTESIAN_POINT('Ctrl Pts',(-663.32779786127,171.152374355671,-86.1228419001006));
#2165=CARTESIAN_POINT('Ctrl Pts',(-658.822848842457,171.472645173408,-87.3572868391231));
#2166=CARTESIAN_POINT('Ctrl Pts',(-654.415361783272,171.771316715954,-88.3646698039065));
#2167=CARTESIAN_POINT('Ctrl Pts',(-648.19347537947,172.192940281676,-89.7867550619777));
#2168=CARTESIAN_POINT('Ctrl Pts',(-642.164950873085,172.572151262608,-90.7500512281737));
#2169=CARTESIAN_POINT('Ctrl Pts',(-636.494295077928,172.905816034612,-91.4176552114537));
#2170=CARTESIAN_POINT('Ctrl Pts',(-632.276146522072,173.154014413602,-91.9142561125983));
#2171=CARTESIAN_POINT('Ctrl Pts',(-628.25468284228,173.376864368217,-92.2556971734498));
#2172=CARTESIAN_POINT('Ctrl Pts',(-624.506199929272,173.569778859587,-92.5274392046646));
#2173=CARTESIAN_POINT('Ctrl Pts',(-618.996834111946,173.853316634492,-92.9268344513952));
#2174=CARTESIAN_POINT('Ctrl Pts',(-614.091386204529,174.071303407338,-93.1801290458661));
#2175=CARTESIAN_POINT('Ctrl Pts',(-609.894092399102,174.216397092521,-93.4033384560939));
#2176=CARTESIAN_POINT('Ctrl Pts',(-605.798096035556,174.357989088324,-93.6211609329051));
#2177=CARTESIAN_POINT('Ctrl Pts',(-602.372594841834,174.430354678031,-93.8059360179493));
#2178=CARTESIAN_POINT('Ctrl Pts',(-599.627625368066,174.430447865211,-93.9829835682189));
#2179=CARTESIAN_POINT('Ctrl Pts',(-599.227981856958,174.430431148213,-94.0088171896798));
#2180=CARTESIAN_POINT('Ctrl Pts',(-598.828334915792,174.430422942385,-94.0347027958865));
#2181=CARTESIAN_POINT('Ctrl Pts',(-598.428684540565,174.430423352419,-94.0606411922359));
#2182=CARTESIAN_POINT('Ctrl Pts',(-794.52016059903,148.424683847494,51.8593093214886));
#2183=CARTESIAN_POINT('Ctrl Pts',(-791.690732704202,150.195853271447,45.0196131119839));
#2184=CARTESIAN_POINT('Ctrl Pts',(-788.339337021051,151.978146804337,37.5692125453095));
#2185=CARTESIAN_POINT('Ctrl Pts',(-784.384613170018,153.758788264994,29.5290068620807));
#2186=CARTESIAN_POINT('Ctrl Pts',(-780.525332580293,155.496455744501,21.6828434131275));
#2187=CARTESIAN_POINT('Ctrl Pts',(-776.101046929838,157.232329418169,13.2644072609661));
#2188=CARTESIAN_POINT('Ctrl Pts',(-770.85506495205,158.958610804863,4.44733644323812));
#2189=CARTESIAN_POINT('Ctrl Pts',(-765.479345419013,160.727584585036,-4.58778796620658));
#2190=CARTESIAN_POINT('Ctrl Pts',(-759.219832949883,162.485275084888,-14.0372113541886));
#2191=CARTESIAN_POINT('Ctrl Pts',(-751.643939476503,164.200258299159,-23.4459160022421));
#2192=CARTESIAN_POINT('Ctrl Pts',(-747.902260180912,165.047276173377,-28.0928075541957));
#2193=CARTESIAN_POINT('Ctrl Pts',(-743.839650652064,165.884009397751,-32.7262024212445));
#2194=CARTESIAN_POINT('Ctrl Pts',(-739.427880973367,166.706689219905,-37.2676827357945));
#2195=CARTESIAN_POINT('Ctrl Pts',(-735.122584894886,167.509514496407,-41.6995590150904));
#2196=CARTESIAN_POINT('Ctrl Pts',(-730.483727736238,168.298946282609,-46.0439514400706));
#2197=CARTESIAN_POINT('Ctrl Pts',(-725.521073175656,169.071235873228,-50.2113259099156));
#2198=CARTESIAN_POINT('Ctrl Pts',(-720.309922124274,169.882196552235,-54.5873745719614));
#2199=CARTESIAN_POINT('Ctrl Pts',(-714.738860995359,170.674873278187,-58.7688543672642));
#2200=CARTESIAN_POINT('Ctrl Pts',(-708.891598754704,171.441169549402,-62.6384527925031));
#2201=CARTESIAN_POINT('Ctrl Pts',(-700.297533512519,172.567440251591,-68.3258292019861));
#2202=CARTESIAN_POINT('Ctrl Pts',(-691.102006245254,173.636615729272,-73.325204496781));
#2203=CARTESIAN_POINT('Ctrl Pts',(-681.758602441653,174.619742905705,-77.3426977478028));
#2204=CARTESIAN_POINT('Ctrl Pts',(-677.143962507086,175.105302346835,-79.326908767974));
#2205=CARTESIAN_POINT('Ctrl Pts',(-672.496061738748,175.56986014889,-81.0743288478642));
#2206=CARTESIAN_POINT('Ctrl Pts',(-667.880944023653,176.009667609177,-82.5750432642354));
#2207=CARTESIAN_POINT('Ctrl Pts',(-663.377207508015,176.438860761124,-84.0395394556215));
#2208=CARTESIAN_POINT('Ctrl Pts',(-658.905032666847,176.844497966542,-85.268694602758));
#2209=CARTESIAN_POINT('Ctrl Pts',(-654.527117832394,177.222726981921,-86.277373202892));
#2210=CARTESIAN_POINT('Ctrl Pts',(-648.346977444071,177.756658888404,-87.7012874614492));
#2211=CARTESIAN_POINT('Ctrl Pts',(-642.35269639982,178.236689259898,-88.6801199138761));
#2212=CARTESIAN_POINT('Ctrl Pts',(-636.70206806897,178.658738045186,-89.3731191102609));
#2213=CARTESIAN_POINT('Ctrl Pts',(-632.498817052782,178.972681359411,-89.888610380589));
#2214=CARTESIAN_POINT('Ctrl Pts',(-628.484406039692,179.254383247738,-90.2540443244796));
#2215=CARTESIAN_POINT('Ctrl Pts',(-624.732323701186,179.499065480416,-90.5521455561855));
#2216=CARTESIAN_POINT('Ctrl Pts',(-619.217667596493,179.858689349622,-90.990282470286));
#2217=CARTESIAN_POINT('Ctrl Pts',(-614.28351682609,180.137511710308,-91.287064651147));
#2218=CARTESIAN_POINT('Ctrl Pts',(-610.030653608666,180.327599197861,-91.5573146030846));
#2219=CARTESIAN_POINT('Ctrl Pts',(-605.880428944694,180.51309911611,-91.8210423456966));
#2220=CARTESIAN_POINT('Ctrl Pts',(-602.375752666813,180.614332160329,-92.0551879444007));
#2221=CARTESIAN_POINT('Ctrl Pts',(-599.522325413277,180.627272293391,-92.2891235191074));
#2222=CARTESIAN_POINT('Ctrl Pts',(-599.109498800042,180.629063682077,-92.3229909129162));
#2223=CARTESIAN_POINT('Ctrl Pts',(-598.696668614476,180.630828541205,-92.3569160119687));
#2224=CARTESIAN_POINT('Ctrl Pts',(-598.283834827566,180.632566401975,-92.3908996577416));
#2225=CARTESIAN_POINT('Ctrl Pts',(-794.514064516083,148.459357295237,51.8707556729483));
#2226=CARTESIAN_POINT('Ctrl Pts',(-791.62769378462,150.487003690843,45.0805862834264));
#2227=CARTESIAN_POINT('Ctrl Pts',(-788.222443089664,152.528952057756,37.6975976468882));
#2228=CARTESIAN_POINT('Ctrl Pts',(-784.216275044301,154.57290111414,29.7427916871971));
#2229=CARTESIAN_POINT('Ctrl Pts',(-780.306791813859,156.567521526797,21.9799669258065));
#2230=CARTESIAN_POINT('Ctrl Pts',(-775.83418095298,158.56389315141,13.6624718865304));
#2231=CARTESIAN_POINT('Ctrl Pts',(-770.548235590949,160.556084988334,4.95849183615543));
#2232=CARTESIAN_POINT('Ctrl Pts',(-765.1315643455,162.597545408261,-3.96074497595507));
#2233=CARTESIAN_POINT('Ctrl Pts',(-758.841413049858,164.63342434661,-13.2803140165271));
#2234=CARTESIAN_POINT('Ctrl Pts',(-751.258993021394,166.627575803589,-22.5500992509938));
#2235=CARTESIAN_POINT('Ctrl Pts',(-747.51409030719,167.612472864915,-27.1283795037786));
#2236=CARTESIAN_POINT('Ctrl Pts',(-743.454152700209,168.58728513285,-31.6911126781705));
#2237=CARTESIAN_POINT('Ctrl Pts',(-739.05167433118,169.54750760133,-36.1615777538711));
#2238=CARTESIAN_POINT('Ctrl Pts',(-734.755445326003,170.484556071465,-40.5241526752998));
#2239=CARTESIAN_POINT('Ctrl Pts',(-730.132006294604,171.407694528396,-44.7989086783026));
#2240=CARTESIAN_POINT('Ctrl Pts',(-725.190256698512,172.312476087976,-48.8986494363154));
#2241=CARTESIAN_POINT('Ctrl Pts',(-720.001057392181,173.262563046059,-53.2036777433838));
#2242=CARTESIAN_POINT('Ctrl Pts',(-714.457521047315,174.193110901024,-57.3168051611944));
#2243=CARTESIAN_POINT('Ctrl Pts',(-708.643011741377,175.093953968775,-61.1249280148257));
#2244=CARTESIAN_POINT('Ctrl Pts',(-700.097085413824,176.417976011671,-66.7219501608171));
#2245=CARTESIAN_POINT('Ctrl Pts',(-690.961219654642,177.677757610875,-71.6463842855631));
#2246=CARTESIAN_POINT('Ctrl Pts',(-681.679941325467,178.837448208511,-75.6151685882284));
#2247=CARTESIAN_POINT('Ctrl Pts',(-677.095984715872,179.41021105341,-77.5753226091538));
#2248=CARTESIAN_POINT('Ctrl Pts',(-672.479246387242,179.958537350317,-79.3049853593708));
#2249=CARTESIAN_POINT('Ctrl Pts',(-667.894141217324,180.477785935563,-80.7945621098724));
#2250=CARTESIAN_POINT('Ctrl Pts',(-663.419692924434,180.984502981245,-82.2481894316927));
#2251=CARTESIAN_POINT('Ctrl Pts',(-658.975699312574,181.463543393683,-83.4727960943561));
#2252=CARTESIAN_POINT('Ctrl Pts',(-654.623212473765,181.910180758143,-84.4825887604879));
#2253=CARTESIAN_POINT('Ctrl Pts',(-648.478967846052,182.540682199905,-85.9080757047935));
#2254=CARTESIAN_POINT('Ctrl Pts',(-642.514131411189,183.107403209224,-86.9002672001119));
#2255=CARTESIAN_POINT('Ctrl Pts',(-636.880723911026,183.605449939377,-87.6151027437459));
#2256=CARTESIAN_POINT('Ctrl Pts',(-632.690282704623,183.975924743602,-88.1468371012832));
#2257=CARTESIAN_POINT('Ctrl Pts',(-628.681936002886,184.308231100398,-88.5329015838266));
#2258=CARTESIAN_POINT('Ctrl Pts',(-624.926758659636,184.597426382479,-88.8536680577087));
#2259=CARTESIAN_POINT('Ctrl Pts',(-619.407553644426,185.022473698581,-89.3251174113707));
#2260=CARTESIAN_POINT('Ctrl Pts',(-614.44872240843,185.353606194082,-89.6592928613306));
#2261=CARTESIAN_POINT('Ctrl Pts',(-610.148077234156,185.582382086752,-89.9699911292295));
#2262=CARTESIAN_POINT('Ctrl Pts',(-605.951223782547,185.80563670458,-90.2731910085966));
#2263=CARTESIAN_POINT('Ctrl Pts',(-602.3784679566,185.931691740185,-90.5497883747147));
#2264=CARTESIAN_POINT('Ctrl Pts',(-599.431782114088,185.955678457901,-90.8326397293682));
#2265=CARTESIAN_POINT('Ctrl Pts',(-599.007619868633,185.959024565715,-90.8734150487765));
#2266=CARTESIAN_POINT('Ctrl Pts',(-598.583453928516,185.962314013825,-90.9142529922602));
#2267=CARTESIAN_POINT('Ctrl Pts',(-598.159284243212,185.965545840306,-90.9551544323195));
#2268=CARTESIAN_POINT('Ctrl Pts',(-794.511140062854,148.481275999348,51.8797791873914));
#2269=CARTESIAN_POINT('Ctrl Pts',(-791.56694250603,150.778229244828,45.1397376155916));
#2270=CARTESIAN_POINT('Ctrl Pts',(-788.103078622148,153.093137525254,37.823358344905));
#2271=CARTESIAN_POINT('Ctrl Pts',(-784.037929285515,155.414376535495,29.9530899888267));
#2272=CARTESIAN_POINT('Ctrl Pts',(-780.070888217628,157.679594789356,22.2727626014662));
#2273=CARTESIAN_POINT('Ctrl Pts',(-775.539903905516,159.950744231304,14.0553689948119));
#2274=CARTESIAN_POINT('Ctrl Pts',(-770.203583949314,162.223528235113,5.46390434731851));
#2275=CARTESIAN_POINT('Ctrl Pts',(-764.735292303528,164.552520102676,-3.34003446117715));
#2276=CARTESIAN_POINT('Ctrl Pts',(-758.40370236674,166.881994062894,-12.529887239032));
#2277=CARTESIAN_POINT('Ctrl Pts',(-750.807018066645,169.171029109467,-21.6600073818192));
#2278=CARTESIAN_POINT('Ctrl Pts',(-747.055070331281,170.301567054693,-26.1693080503886));
#2279=CARTESIAN_POINT('Ctrl Pts',(-742.9947266959,171.422307269401,-30.660818308583));
#2280=CARTESIAN_POINT('Ctrl Pts',(-738.599434202367,172.528055388704,-35.0596054504086));
#2281=CARTESIAN_POINT('Ctrl Pts',(-734.310217648847,173.60711739523,-39.3522323124191));
#2282=CARTESIAN_POINT('Ctrl Pts',(-729.701073879892,174.671882467909,-43.5566085528798));
#2283=CARTESIAN_POINT('Ctrl Pts',(-724.780033997059,175.717254013962,-47.5880552554216));
#2284=CARTESIAN_POINT('Ctrl Pts',(-719.612581407673,176.814970763092,-51.8213697982887));
#2285=CARTESIAN_POINT('Ctrl Pts',(-714.097314545978,177.892085023501,-55.8656277174516));
#2286=CARTESIAN_POINT('Ctrl Pts',(-708.317336697805,178.936161836677,-59.6123600419187));
#2287=CARTESIAN_POINT('Ctrl Pts',(-699.822163284817,180.470702940015,-65.1191529162998));
#2288=CARTESIAN_POINT('Ctrl Pts',(-690.750828610127,181.933834937749,-69.9701628356582));
#2289=CARTESIAN_POINT('Ctrl Pts',(-681.53798187406,183.282252015366,-73.8939843852712));
#2290=CARTESIAN_POINT('Ctrl Pts',(-676.987823136095,183.948225511281,-75.8319316258663));
#2291=CARTESIAN_POINT('Ctrl Pts',(-672.405696342625,184.586187529837,-77.5462131160516));
#2292=CARTESIAN_POINT('Ctrl Pts',(-667.854238866619,185.190549377829,-79.0274962724026));
#2293=CARTESIAN_POINT('Ctrl Pts',(-663.412626214571,185.780325563724,-80.473030157581));
#2294=CARTESIAN_POINT('Ctrl Pts',(-659.000535585786,186.338118462796,-81.6963112222303));
#2295=CARTESIAN_POINT('Ctrl Pts',(-654.677252177374,186.858286638839,-82.7106937331375));
#2296=CARTESIAN_POINT('Ctrl Pts',(-648.574232951822,187.592588806663,-84.1426599914877));
#2297=CARTESIAN_POINT('Ctrl Pts',(-642.644143517632,188.252783393105,-85.1537075311482));
#2298=CARTESIAN_POINT('Ctrl Pts',(-637.032919589574,188.833209994569,-85.8957686662769));
#2299=CARTESIAN_POINT('Ctrl Pts',(-632.858979755502,189.264963519943,-86.4477549300477));
#2300=CARTESIAN_POINT('Ctrl Pts',(-628.86021834303,189.652400750773,-86.8583542716389));
#2301=CARTESIAN_POINT('Ctrl Pts',(-625.105106565478,189.990407375226,-87.2052350775555));
#2302=CARTESIAN_POINT('Ctrl Pts',(-619.585997916032,190.487195592221,-87.715066201014));
#2303=CARTESIAN_POINT('Ctrl Pts',(-614.606216048648,190.876455511211,-88.0907025063926));
#2304=CARTESIAN_POINT('Ctrl Pts',(-610.2610179168,191.149237392223,-88.4446393091594));
#2305=CARTESIAN_POINT('Ctrl Pts',(-606.020686748199,191.415435958361,-88.7900342050763));
#2306=CARTESIAN_POINT('Ctrl Pts',(-602.382282159265,191.57100485972,-89.1106195241187));
#2307=CARTESIAN_POINT('Ctrl Pts',(-599.346975919408,191.610405695444,-89.442937672421));
#2308=CARTESIAN_POINT('Ctrl Pts',(-598.911543074205,191.615945670854,-89.4906498464439));
#2309=CARTESIAN_POINT('Ctrl Pts',(-598.476106526482,191.621385819595,-89.5384253571981));
#2310=CARTESIAN_POINT('Ctrl Pts',(-598.040666202416,191.626724413269,-89.5862650574432));
#2311=CARTESIAN_POINT('Ctrl Pts',(-794.509705874837,148.492895057918,51.8849044485441));
#2312=CARTESIAN_POINT('Ctrl Pts',(-791.507477579433,151.066075956898,45.1970020738332));
#2313=CARTESIAN_POINT('Ctrl Pts',(-787.98229002302,153.661515793969,37.9479352823091));
#2314=CARTESIAN_POINT('Ctrl Pts',(-783.853682062198,156.268273577723,30.1625302203143));
#2315=CARTESIAN_POINT('Ctrl Pts',(-779.824713879851,158.812119898201,22.5650180372444));
#2316=CARTESIAN_POINT('Ctrl Pts',(-775.229276858897,161.366689985116,14.4477149757442));
#2317=CARTESIAN_POINT('Ctrl Pts',(-769.836245666276,163.929087849472,5.96861533406237));
#2318=CARTESIAN_POINT('Ctrl Pts',(-764.309840267401,166.554855972419,-2.7201795873347));
#2319=CARTESIAN_POINT('Ctrl Pts',(-757.930214602623,169.187511882451,-11.7805215106045));
#2320=CARTESIAN_POINT('Ctrl Pts',(-750.31446736947,171.781304497291,-20.7708081704585));
#2321=CARTESIAN_POINT('Ctrl Pts',(-746.553104588582,173.062360013463,-25.2110460875835));
#2322=CARTESIAN_POINT('Ctrl Pts',(-742.490419867244,174.333982391002,-29.6311698231124));
#2323=CARTESIAN_POINT('Ctrl Pts',(-738.100947498901,175.590313051017,-33.9580587530464));
#2324=CARTESIAN_POINT('Ctrl Pts',(-733.817410607734,176.816323440896,-38.180522593809));
#2325=CARTESIAN_POINT('Ctrl Pts',(-729.221774964414,178.027748918039,-42.3142495022301));
#2326=CARTESIAN_POINT('Ctrl Pts',(-724.321201879043,179.218868037839,-46.2771593885364));
#2327=CARTESIAN_POINT('Ctrl Pts',(-719.175240927209,180.469630422706,-50.4385052506048));
#2328=CARTESIAN_POINT('Ctrl Pts',(-713.688540180416,181.698872998213,-54.4137253193445));
#2329=CARTESIAN_POINT('Ctrl Pts',(-707.943998469826,182.891748336135,-58.0992184039278));
#2330=CARTESIAN_POINT('Ctrl Pts',(-699.500907632541,184.644987383399,-63.5160043654524));
#2331=CARTESIAN_POINT('Ctrl Pts',(-690.496755540899,186.319648043091,-68.2945581698292));
#2332=CARTESIAN_POINT('Ctrl Pts',(-681.355888436181,187.86458137305,-72.1755595389318));
#2333=CARTESIAN_POINT('Ctrl Pts',(-676.841279920413,188.62761283252,-74.0923582003644));
#2334=CARTESIAN_POINT('Ctrl Pts',(-672.29572747451,189.358964994121,-75.7925921927133));
#2335=CARTESIAN_POINT('Ctrl Pts',(-667.780018920612,190.052067049416,-77.2671488070335));
#2336=CARTESIAN_POINT('Ctrl Pts',(-663.373292426584,190.728441787439,-78.7061184884714));
#2337=CARTESIAN_POINT('Ctrl Pts',(-658.995285285158,191.368405242945,-79.9298264889987));
#2338=CARTESIAN_POINT('Ctrl Pts',(-654.703466684119,191.965376786381,-80.9506525738057));
#2339=CARTESIAN_POINT('Ctrl Pts',(-648.644865162932,192.808099426217,-82.3917149870171));
#2340=CARTESIAN_POINT('Ctrl Pts',(-642.752797088441,193.566115450746,-83.4245100425364));
#2341=CARTESIAN_POINT('Ctrl Pts',(-637.167006302796,194.233026803422,-84.1965272409357));
#2342=CARTESIAN_POINT('Ctrl Pts',(-633.011985051833,194.729112487476,-84.7707964874141));
#2343=CARTESIAN_POINT('Ctrl Pts',(-629.025225898968,195.174599502549,-85.2078424224204));
#2344=CARTESIAN_POINT('Ctrl Pts',(-625.272465034321,195.564179844498,-85.5824252554212));
#2345=CARTESIAN_POINT('Ctrl Pts',(-619.756811659849,196.136768987586,-86.1329716774764));
#2346=CARTESIAN_POINT('Ctrl Pts',(-614.759051739727,196.587869940967,-86.5517068709485));
#2347=CARTESIAN_POINT('Ctrl Pts',(-610.372165141201,196.907991458921,-86.9496138265889));
#2348=CARTESIAN_POINT('Ctrl Pts',(-606.091151614911,197.220387167732,-87.3379177002004));
#2349=CARTESIAN_POINT('Ctrl Pts',(-602.38970602399,197.408357293293,-87.7023923499235));
#2350=CARTESIAN_POINT('Ctrl Pts',(-599.269835034042,197.465736293735,-88.0830744036272));
#2351=CARTESIAN_POINT('Ctrl Pts',(-598.823171340562,197.473854961026,-88.1375981344917));
#2352=CARTESIAN_POINT('Ctrl Pts',(-598.376504242939,197.481820398488,-88.1921813775356));
#2353=CARTESIAN_POINT('Ctrl Pts',(-597.929833651255,197.489629862976,-88.2468248998358));
#2354=CARTESIAN_POINT('Ctrl Pts',(-794.507204858161,148.513157017219,51.8938421634429));
#2355=CARTESIAN_POINT('Ctrl Pts',(-791.403779339563,151.568039031642,45.2968630148378));
#2356=CARTESIAN_POINT('Ctrl Pts',(-787.771652158944,154.652685369363,38.1651794609613));
#2357=CARTESIAN_POINT('Ctrl Pts',(-783.532381526703,157.75734663938,30.5277637219104));
#2358=CARTESIAN_POINT('Ctrl Pts',(-779.395421404615,160.787080048937,23.0746692891152));
#2359=CARTESIAN_POINT('Ctrl Pts',(-774.687588172244,163.835894789091,15.1319096762336));
#2360=CARTESIAN_POINT('Ctrl Pts',(-769.19566077754,166.903337379798,6.84875836901413));
#2361=CARTESIAN_POINT('Ctrl Pts',(-763.567913390162,170.046640410794,-1.63924225047829));
#2362=CARTESIAN_POINT('Ctrl Pts',(-757.104520356475,173.208001834397,-10.473735956436));
#2363=CARTESIAN_POINT('Ctrl Pts',(-749.45553012248,176.333247613729,-19.2201732266607));
#2364=CARTESIAN_POINT('Ctrl Pts',(-745.677748862583,177.876784025275,-23.5399756841763));
#2365=CARTESIAN_POINT('Ctrl Pts',(-741.610981625601,179.411523093758,-27.835611638849));
#2366=CARTESIAN_POINT('Ctrl Pts',(-737.231658714637,180.930447947031,-32.0371204758506));
#2367=CARTESIAN_POINT('Ctrl Pts',(-732.958026333958,182.412715084838,-36.1372301454451));
#2368=CARTESIAN_POINT('Ctrl Pts',(-728.385946909947,183.879895116332,-40.1477548269448));
#2369=CARTESIAN_POINT('Ctrl Pts',(-723.521064962093,185.325176945612,-43.9911464086533));
#2370=CARTESIAN_POINT('Ctrl Pts',(-718.412582320813,186.842828805569,-48.0269892901977));
#2371=CARTESIAN_POINT('Ctrl Pts',(-712.975696750878,188.337361181512,-51.8818173231109));
#2372=CARTESIAN_POINT('Ctrl Pts',(-707.292950544046,189.789719646624,-55.4605180218236));
#2373=CARTESIAN_POINT('Ctrl Pts',(-698.940684193353,191.924336308323,-60.7203449324681));
#2374=CARTESIAN_POINT('Ctrl Pts',(-690.053688819303,193.967872390594,-65.3725457415351));
#2375=CARTESIAN_POINT('Ctrl Pts',(-681.038343791287,195.855501669912,-69.178874902936));
#2376=CARTESIAN_POINT('Ctrl Pts',(-676.585729726364,196.78778819387,-71.0587934980773));
#2377=CARTESIAN_POINT('Ctrl Pts',(-672.103957657971,197.681999270956,-72.7345306839291));
#2378=CARTESIAN_POINT('Ctrl Pts',(-667.650590058852,198.529851425672,-74.1973571808687));
#2379=CARTESIAN_POINT('Ctrl Pts',(-663.304699983694,199.357241525942,-75.6248798394481));
#2380=CARTESIAN_POINT('Ctrl Pts',(-658.986129519482,200.140498559005,-76.8493323544585));
#2381=CARTESIAN_POINT('Ctrl Pts',(-654.749180996135,200.871404077819,-77.8813951011118));
#2382=CARTESIAN_POINT('Ctrl Pts',(-648.768037533425,201.903196355121,-79.3383198940934));
#2383=CARTESIAN_POINT('Ctrl Pts',(-642.942273216526,202.831798833406,-80.4090394749616));
#2384=CARTESIAN_POINT('Ctrl Pts',(-637.400834156403,203.649527095975,-81.233295719339));
#2385=CARTESIAN_POINT('Ctrl Pts',(-633.278804180826,204.257798769382,-81.8464232679806));
#2386=CARTESIAN_POINT('Ctrl Pts',(-629.312975234504,204.804516220532,-82.3295882406222));
#2387=CARTESIAN_POINT('Ctrl Pts',(-625.564314022279,205.284033673885,-82.7524794061787));
#2388=CARTESIAN_POINT('Ctrl Pts',(-620.054686148106,205.988808679567,-83.374027426014));
#2389=CARTESIAN_POINT('Ctrl Pts',(-615.025575101668,206.547751461485,-83.8679208529423));
#2390=CARTESIAN_POINT('Ctrl Pts',(-610.565989840842,206.95042646614,-84.3425054019261));
#2391=CARTESIAN_POINT('Ctrl Pts',(-606.214032160956,207.343383316726,-84.8056363326984));
#2392=CARTESIAN_POINT('Ctrl Pts',(-602.402652171394,207.587856495626,-85.2466476335385));
#2393=CARTESIAN_POINT('Ctrl Pts',(-599.135312476088,207.676586817664,-85.7116693501384));
#2394=CARTESIAN_POINT('Ctrl Pts',(-598.669063805961,207.689202350999,-85.7780714519297));
#2395=CARTESIAN_POINT('Ctrl Pts',(-598.202812252021,207.70157152711,-85.8445263964346));
#2396=CARTESIAN_POINT('Ctrl Pts',(-597.73655769628,207.71368983328,-85.9110348013111));
#2397=CARTESIAN_POINT('Ctrl Pts',(-794.509095032944,148.50237965715,51.8912491900176));
#2398=CARTESIAN_POINT('Ctrl Pts',(-791.303929782195,152.059370716077,45.3910310123146));
#2399=CARTESIAN_POINT('Ctrl Pts',(-787.556724054347,155.65577626427,38.3785070070317));
#2400=CARTESIAN_POINT('Ctrl Pts',(-783.193297049404,159.283076773184,30.8896578901253));
#2401=CARTESIAN_POINT('Ctrl Pts',(-778.935176943127,162.822836052076,23.5815445742731));
#2402=CARTESIAN_POINT('Ctrl Pts',(-774.096596981273,166.392072409112,15.8128407835068));
#2403=CARTESIAN_POINT('Ctrl Pts',(-768.486580312613,169.992085174194,7.72471357875448));
#2404=CARTESIAN_POINT('Ctrl Pts',(-762.737823204018,173.68112928879,-0.563439827864361));
#2405=CARTESIAN_POINT('Ctrl Pts',(-756.170616563868,177.400654866594,-9.17317982827382));
#2406=CARTESIAN_POINT('Ctrl Pts',(-748.473717662681,181.087868794114,-17.6756499994915));
#2407=CARTESIAN_POINT('Ctrl Pts',(-744.672274656648,182.908957231999,-21.8749588615826));
#2408=CARTESIAN_POINT('Ctrl Pts',(-740.595484663225,184.722164369429,-26.0457848897984));
#2409=CARTESIAN_POINT('Ctrl Pts',(-736.222089765914,186.51938603637,-30.1213925648864));
#2410=CARTESIAN_POINT('Ctrl Pts',(-731.954242332271,188.273233575647,-34.0986395698045));
#2411=CARTESIAN_POINT('Ctrl Pts',(-727.403247409751,190.011829848645,-37.9852620548177));
#2412=CARTESIAN_POINT('Ctrl Pts',(-722.573237586623,191.727343109002,-41.7084899960951));
#2413=CARTESIAN_POINT('Ctrl Pts',(-717.501373232433,193.528757779566,-45.6181522471875));
#2414=CARTESIAN_POINT('Ctrl Pts',(-712.115111351642,195.305927812594,-49.3521537956208));
#2415=CARTESIAN_POINT('Ctrl Pts',(-706.496816458092,197.035156077627,-52.8245704857228));
#2416=CARTESIAN_POINT('Ctrl Pts',(-698.239277993459,199.57670456933,-57.9281855374479));
#2417=CARTESIAN_POINT('Ctrl Pts',(-689.4773580164,202.014733279984,-62.4569824501689));
#2418=CARTESIAN_POINT('Ctrl Pts',(-680.598221345517,204.269560054298,-66.1950935935201));
#2419=CARTESIAN_POINT('Ctrl Pts',(-676.212879608479,205.383202779904,-68.0413198002164));
#2420=CARTESIAN_POINT('Ctrl Pts',(-671.800816275245,206.4521075863,-69.6965703717295));
#2421=CARTESIAN_POINT('Ctrl Pts',(-667.416154831485,207.466171362455,-71.1523763482123));
#2422=CARTESIAN_POINT('Ctrl Pts',(-663.1373127581,208.455761734748,-72.5730479194973));
#2423=CARTESIAN_POINT('Ctrl Pts',(-658.884801104808,209.393142107344,-73.8035105237022));
#2424=CARTESIAN_POINT('Ctrl Pts',(-654.709608801176,210.268376985802,-74.8523818132716));
#2425=CARTESIAN_POINT('Ctrl Pts',(-648.81564430885,211.503913679906,-76.3330346043696));
#2426=CARTESIAN_POINT('Ctrl Pts',(-643.066178459268,212.616960810398,-77.4503899058765));
#2427=CARTESIAN_POINT('Ctrl Pts',(-637.579032446403,213.598612279549,-78.3351274466214));
#2428=CARTESIAN_POINT('Ctrl Pts',(-633.497388653159,214.328819133312,-78.9932443407892));
#2429=CARTESIAN_POINT('Ctrl Pts',(-629.55989608078,214.986098745083,-79.5283073636278));
#2430=CARTESIAN_POINT('Ctrl Pts',(-625.822336606283,215.564379027185,-80.0043069016909));
#2431=CARTESIAN_POINT('Ctrl Pts',(-620.329025609035,216.414311571361,-80.703911420353));
#2432=CARTESIAN_POINT('Ctrl Pts',(-615.277672700181,217.09294575172,-81.2779176868283));
#2433=CARTESIAN_POINT('Ctrl Pts',(-610.754108639198,217.588773170952,-81.8313621749738));
#2434=CARTESIAN_POINT('Ctrl Pts',(-606.339716222805,218.072634296778,-82.3714498400157));
#2435=CARTESIAN_POINT('Ctrl Pts',(-602.42631252329,218.382749489017,-82.8886377742526));
#2436=CARTESIAN_POINT('Ctrl Pts',(-599.023536817574,218.510899994742,-83.434533948058));
#2437=CARTESIAN_POINT('Ctrl Pts',(-598.537822541355,218.529210965479,-83.5124289097592));
#2438=CARTESIAN_POINT('Ctrl Pts',(-598.052107006503,218.547149622833,-83.5903559477034));
#2439=CARTESIAN_POINT('Ctrl Pts',(-597.566390089389,218.564708889777,-83.6683153103832));
#2440=CARTESIAN_POINT('Ctrl Pts',(-794.511203706308,148.463981258759,51.8657958839127));
#2441=CARTESIAN_POINT('Ctrl Pts',(-791.204448678674,152.517867722443,45.4762824535563));
#2442=CARTESIAN_POINT('Ctrl Pts',(-787.34282040254,156.614026475015,38.5957263991445));
#2443=CARTESIAN_POINT('Ctrl Pts',(-782.856225115546,160.746678244144,31.2673365277764));
#2444=CARTESIAN_POINT('Ctrl Pts',(-778.477909269163,164.779592641574,24.1158099358204));
#2445=CARTESIAN_POINT('Ctrl Pts',(-773.509878396812,168.847329752572,16.5318588845359));
#2446=CARTESIAN_POINT('Ctrl Pts',(-767.782970445028,172.953942690807,8.64848772732374));
#2447=CARTESIAN_POINT('Ctrl Pts',(-761.914431233369,177.162115627762,0.570154157854543));
#2448=CARTESIAN_POINT('Ctrl Pts',(-755.244492705593,181.408540205207,-7.80616169552871));
#2449=CARTESIAN_POINT('Ctrl Pts',(-747.499826256459,185.623635690667,-16.0568046493471));
#2450=CARTESIAN_POINT('Ctrl Pts',(-743.674791202072,187.705441033138,-20.131737860075));
#2451=CARTESIAN_POINT('Ctrl Pts',(-739.58781353468,189.77959894884,-24.1740563076855));
#2452=CARTESIAN_POINT('Ctrl Pts',(-735.219881071047,191.837179215604,-28.1201147093775));
#2453=CARTESIAN_POINT('Ctrl Pts',(-730.957364240769,193.845101863161,-31.9709389816187));
#2454=CARTESIAN_POINT('Ctrl Pts',(-726.426712100639,195.837209679589,-35.7301433905122));
#2455=CARTESIAN_POINT('Ctrl Pts',(-721.630547437771,197.804906181455,-39.3295947589069));
#2456=CARTESIAN_POINT('Ctrl Pts',(-716.594222982705,199.871131740644,-43.1092825356448));
#2457=CARTESIAN_POINT('Ctrl Pts',(-711.257306148338,201.912027646024,-46.7184426883171));
#2458=CARTESIAN_POINT('Ctrl Pts',(-705.701993570691,203.899387369304,-50.0802739070919));
#2459=CARTESIAN_POINT('Ctrl Pts',(-697.537023920264,206.820326848095,-55.0213549871378));
#2460=CARTESIAN_POINT('Ctrl Pts',(-688.897579947765,209.625666509453,-59.4198060990087));
#2461=CARTESIAN_POINT('Ctrl Pts',(-680.152010150971,212.22149914155,-63.0818549082199));
#2462=CARTESIAN_POINT('Ctrl Pts',(-675.832636132343,213.503562207572,-64.8905144751759));
#2463=CARTESIAN_POINT('Ctrl Pts',(-671.488974535318,214.734471123551,-66.5211829082745));
#2464=CARTESIAN_POINT('Ctrl Pts',(-667.171818875934,215.902408735143,-67.9656222953833));
#2465=CARTESIAN_POINT('Ctrl Pts',(-662.958853403079,217.042159353445,-69.3752015984353));
#2466=CARTESIAN_POINT('Ctrl Pts',(-658.771329295746,218.1219581553,-70.6071945412097));
#2467=CARTESIAN_POINT('Ctrl Pts',(-654.657080999777,219.130269551618,-71.6681375615362));
#2468=CARTESIAN_POINT('Ctrl Pts',(-648.849148908132,220.553665442135,-73.165831568288));
#2469=CARTESIAN_POINT('Ctrl Pts',(-643.175456531591,221.836399720232,-74.3227097144879));
#2470=CARTESIAN_POINT('Ctrl Pts',(-637.743272477604,222.968622177498,-75.2603786007138));
#2471=CARTESIAN_POINT('Ctrl Pts',(-633.702512440285,223.810832090346,-75.9578687678445));
#2472=CARTESIAN_POINT('Ctrl Pts',(-629.794531910328,224.569522643333,-76.5389575473592));
#2473=CARTESIAN_POINT('Ctrl Pts',(-626.069898460102,225.238260411908,-77.0621134533694));
#2474=CARTESIAN_POINT('Ctrl Pts',(-620.595585601016,226.221143644522,-77.8310264596693));
#2475=CARTESIAN_POINT('Ctrl Pts',(-615.525974689328,227.009071510205,-78.4763321406013));
#2476=CARTESIAN_POINT('Ctrl Pts',(-610.943868018852,227.589676255575,-79.0997705874258));
#2477=CARTESIAN_POINT('Ctrl Pts',(-606.47234585965,228.156268692497,-79.7081629777286));
#2478=CARTESIAN_POINT('Ctrl Pts',(-602.463665106147,228.525777366456,-80.2928640382861));
#2479=CARTESIAN_POINT('Ctrl Pts',(-598.934266860849,228.689333367946,-80.9100869567474));
#2480=CARTESIAN_POINT('Ctrl Pts',(-598.429060997199,228.712773883709,-80.9984304320143));
#2481=CARTESIAN_POINT('Ctrl Pts',(-597.923857054398,228.735757975773,-81.0867832230259));
#2482=CARTESIAN_POINT('Ctrl Pts',(-597.418654897098,228.758276767256,-81.1751452288036));
#2483=CARTESIAN_POINT('Ctrl Pts',(-794.512753326944,148.435763066434,51.8470907733591));
#2484=CARTESIAN_POINT('Ctrl Pts',(-791.131342064088,152.85480773162,45.5389319823331));
#2485=CARTESIAN_POINT('Ctrl Pts',(-787.185627013266,157.318224823794,38.7553564576963));
#2486=CARTESIAN_POINT('Ctrl Pts',(-782.608517891921,161.822248828489,31.5448847818966));
#2487=CARTESIAN_POINT('Ctrl Pts',(-778.141872671056,166.217572768093,24.5084305490926));
#2488=CARTESIAN_POINT('Ctrl Pts',(-773.078710990072,170.651647818669,17.0602504818542));
#2489=CARTESIAN_POINT('Ctrl Pts',(-767.2659020412,175.130550792872,9.3273503278969));
#2490=CARTESIAN_POINT('Ctrl Pts',(-761.309337428404,179.720220812125,1.40320903639916));
#2491=CARTESIAN_POINT('Ctrl Pts',(-754.563903351739,184.353852615155,-6.80156821771455));
#2492=CARTESIAN_POINT('Ctrl Pts',(-746.784133515189,188.956877388062,-14.8671485347795));
#2493=CARTESIAN_POINT('Ctrl Pts',(-742.941761150245,191.230278215357,-18.8506806403097));
#2494=CARTESIAN_POINT('Ctrl Pts',(-738.847296771025,193.496203484835,-22.7985615130019));
#2495=CARTESIAN_POINT('Ctrl Pts',(-734.483378537426,195.745115925629,-26.6494168211929));
#2496=CARTESIAN_POINT('Ctrl Pts',(-730.2247790578,197.939753138661,-30.4073356303299));
#2497=CARTESIAN_POINT('Ctrl Pts',(-725.709076409575,200.118161368361,-34.0729031187179));
#2498=CARTESIAN_POINT('Ctrl Pts',(-720.937783858084,202.271182141767,-37.5813936323545));
#2499=CARTESIAN_POINT('Ctrl Pts',(-715.927576943092,204.532011770349,-41.2655658441625));
#2500=CARTESIAN_POINT('Ctrl Pts',(-710.626922767289,206.766714389005,-44.7829826256689));
#2501=CARTESIAN_POINT('Ctrl Pts',(-705.117894596746,208.94376960583,-48.0635468586041));
#2502=CARTESIAN_POINT('Ctrl Pts',(-697.020951861818,212.143515709082,-52.8851850695607));
#2503=CARTESIAN_POINT('Ctrl Pts',(-688.471512983195,215.218784624902,-57.1878477363058));
#2504=CARTESIAN_POINT('Ctrl Pts',(-679.824098731926,218.065215440315,-60.7939999023387));
#2505=CARTESIAN_POINT('Ctrl Pts',(-675.553203031232,219.471047146606,-62.5750525192751));
#2506=CARTESIAN_POINT('Ctrl Pts',(-671.259808461703,220.821009546929,-64.1876560450178));
#2507=CARTESIAN_POINT('Ctrl Pts',(-666.992261413263,222.102025871806,-65.6237423596422));
#2508=CARTESIAN_POINT('Ctrl Pts',(-662.827707297688,223.352126162986,-67.0251701831681));
#2509=CARTESIAN_POINT('Ctrl Pts',(-658.687941199737,224.536585336001,-68.2582877402465));
#2510=CARTESIAN_POINT('Ctrl Pts',(-654.618479400116,225.642691925147,-69.3281020269401));
#2511=CARTESIAN_POINT('Ctrl Pts',(-648.873770748259,227.204141670944,-70.8383192721845));
#2512=CARTESIAN_POINT('Ctrl Pts',(-643.255762736823,228.611575539828,-72.0242419431438));
#2513=CARTESIAN_POINT('Ctrl Pts',(-637.863969094707,229.85444951589,-73.0008089852673));
#2514=CARTESIAN_POINT('Ctrl Pts',(-633.85325368779,230.778968170631,-73.7272337599727));
#2515=CARTESIAN_POINT('Ctrl Pts',(-629.966960950132,231.612183536191,-74.3421459203635));
#2516=CARTESIAN_POINT('Ctrl Pts',(-626.251826568987,232.347396648985,-74.8999560701926));
#2517=CARTESIAN_POINT('Ctrl Pts',(-620.79147505045,233.427982604978,-75.7198024569433));
#2518=CARTESIAN_POINT('Ctrl Pts',(-615.708446708425,234.296228149564,-76.4175046094504));
#2519=CARTESIAN_POINT('Ctrl Pts',(-611.083318279669,234.939134006285,-77.0923801752794));
#2520=CARTESIAN_POINT('Ctrl Pts',(-606.569812648823,235.56652398023,-77.7509683017304));
#2521=CARTESIAN_POINT('Ctrl Pts',(-602.491114750171,235.979679700948,-78.3852833686744));
#2522=CARTESIAN_POINT('Ctrl Pts',(-598.868664207787,236.16925447225,-79.0549228431115));
#2523=CARTESIAN_POINT('Ctrl Pts',(-598.349134377882,236.196464585031,-79.1509447158551));
#2524=CARTESIAN_POINT('Ctrl Pts',(-597.829608805361,236.223156463174,-79.2469591781216));
#2525=CARTESIAN_POINT('Ctrl Pts',(-597.310087346263,236.249319907122,-79.3429658721137));
#2526=CARTESIAN_POINT('Ctrl Pts',(-794.514484874494,148.39234865759,51.8159542730848));
#2527=CARTESIAN_POINT('Ctrl Pts',(-791.058448247438,153.17386518641,45.5966218828423));
#2528=CARTESIAN_POINT('Ctrl Pts',(-787.028954578986,157.997753390728,38.9169822729947));
#2529=CARTESIAN_POINT('Ctrl Pts',(-782.361821546635,162.863175071537,31.8309635498188));
#2530=CARTESIAN_POINT('Ctrl Pts',(-777.807325050828,167.611174719771,24.915958723468));
#2531=CARTESIAN_POINT('Ctrl Pts',(-772.649692198879,172.398809478003,17.6095074577378));
#2532=CARTESIAN_POINT('Ctrl Pts',(-766.751600769812,177.234802750152,10.032574114793));
#2533=CARTESIAN_POINT('Ctrl Pts',(-760.707644569216,182.19039421135,2.26825682498171));
#2534=CARTESIAN_POINT('Ctrl Pts',(-753.887273894713,187.192883871667,-5.76000534944883));
#2535=CARTESIAN_POINT('Ctrl Pts',(-746.072449245584,192.163799863381,-13.6359593754808));
#2536=CARTESIAN_POINT('Ctrl Pts',(-742.212763560844,194.618899517524,-17.5258364197894));
#2537=CARTESIAN_POINT('Ctrl Pts',(-738.110708763051,197.066286852631,-21.377119568883));
#2538=CARTESIAN_POINT('Ctrl Pts',(-733.750535300561,199.495971771776,-25.1306346212212));
#2539=CARTESIAN_POINT('Ctrl Pts',(-729.49559021578,201.867018702184,-28.7935623831543));
#2540=CARTESIAN_POINT('Ctrl Pts',(-724.994415553668,204.22118102344,-32.3634276213984));
#2541=CARTESIAN_POINT('Ctrl Pts',(-720.247414669814,206.548890221585,-35.7788360597692));
#2542=CARTESIAN_POINT('Ctrl Pts',(-715.262715786419,208.99315550081,-39.3652652696283));
#2543=CARTESIAN_POINT('Ctrl Pts',(-709.997611828697,211.410513919373,-42.7885812447774));
#2544=CARTESIAN_POINT('Ctrl Pts',(-704.534055641973,213.766213781292,-45.9853620338014));
#2545=CARTESIAN_POINT('Ctrl Pts',(-696.503945756258,217.228524427047,-50.6838587892264));
#2546=CARTESIAN_POINT('Ctrl Pts',(-688.043085868418,220.557687844827,-54.8866921771419));
#2547=CARTESIAN_POINT('Ctrl Pts',(-679.492371206265,223.639269509422,-58.4324151128852));
#2548=CARTESIAN_POINT('Ctrl Pts',(-675.269234737107,225.161240528762,-60.1836221676291));
#2549=CARTESIAN_POINT('Ctrl Pts',(-671.025385025332,226.622773044482,-61.7758011255514));
#2550=CARTESIAN_POINT('Ctrl Pts',(-666.806779896248,228.009593914975,-63.2010355717793));
#2551=CARTESIAN_POINT('Ctrl Pts',(-662.689986536294,229.362945266048,-64.5918734257795));
#2552=CARTESIAN_POINT('Ctrl Pts',(-658.597379847788,230.645165428315,-65.8235444959047));
#2553=CARTESIAN_POINT('Ctrl Pts',(-654.572245730293,231.842437617843,-66.8995136390934));
#2554=CARTESIAN_POINT('Ctrl Pts',(-648.890112827162,233.532582468557,-68.4184194675212));
#2555=CARTESIAN_POINT('Ctrl Pts',(-643.327481283405,235.056028409902,-69.6293128064941));
#2556=CARTESIAN_POINT('Ctrl Pts',(-637.976420785335,236.401708704378,-70.6404630408296));
#2557=CARTESIAN_POINT('Ctrl Pts',(-633.996004952037,237.402700405484,-71.392612713599));
#2558=CARTESIAN_POINT('Ctrl Pts',(-630.132024714469,238.305073176865,-72.0379980035198));
#2559=CARTESIAN_POINT('Ctrl Pts',(-626.427367062726,239.101905607222,-72.6270789532118));
#2560=CARTESIAN_POINT('Ctrl Pts',(-620.982413809617,240.273057098593,-73.492885873822));
#2561=CARTESIAN_POINT('Ctrl Pts',(-615.888111974618,241.215577660179,-74.237999070941));
#2562=CARTESIAN_POINT('Ctrl Pts',(-611.222892342436,241.915968641415,-74.9593428264521));
#2563=CARTESIAN_POINT('Ctrl Pts',(-606.670263068818,242.599456394521,-75.6632776798139));
#2564=CARTESIAN_POINT('Ctrl Pts',(-602.525170811462,243.05272588485,-76.3423904459995));
#2565=CARTESIAN_POINT('Ctrl Pts',(-598.814501494593,243.266142467837,-77.0592282844114));
#2566=CARTESIAN_POINT('Ctrl Pts',(-598.280635209857,243.296809673631,-77.1623532235894));
#2567=CARTESIAN_POINT('Ctrl Pts',(-597.746776450894,243.326922457462,-77.2654536406125));
#2568=CARTESIAN_POINT('Ctrl Pts',(-597.212925059749,243.356469765026,-77.3685289641336));
#2569=CARTESIAN_POINT('Ctrl Pts',(-794.516245892993,148.333443648102,51.7657524787374));
#2570=CARTESIAN_POINT('Ctrl Pts',(-790.985375383374,153.467214315046,45.6476847783735));
#2571=CARTESIAN_POINT('Ctrl Pts',(-786.875481412278,158.634967449611,39.0851233036297));
#2572=CARTESIAN_POINT('Ctrl Pts',(-782.124170788384,163.839698065421,32.1363202550964));
#2573=CARTESIAN_POINT('Ctrl Pts',(-777.48752824209,168.918817770604,25.355219541827));
#2574=CARTESIAN_POINT('Ctrl Pts',(-772.243531583026,174.03323548301,18.2025309381314));
#2575=CARTESIAN_POINT('Ctrl Pts',(-766.268786783313,179.195032387456,10.7926918001766));
#2576=CARTESIAN_POINT('Ctrl Pts',(-760.146281509617,184.484484879341,3.19960109585987));
#2577=CARTESIAN_POINT('Ctrl Pts',(-753.260145907884,189.818725904154,-4.6421888859124));
#2578=CARTESIAN_POINT('Ctrl Pts',(-745.416836283698,195.11689196511,-12.3204011382154));
#2579=CARTESIAN_POINT('Ctrl Pts',(-741.543082074661,197.733618074649,-16.1126149427709));
#2580=CARTESIAN_POINT('Ctrl Pts',(-737.436039756271,200.341532404967,-19.8637219262013));
#2581=CARTESIAN_POINT('Ctrl Pts',(-733.081312275781,202.930387920363,-23.5166377113295));
#2582=CARTESIAN_POINT('Ctrl Pts',(-728.831681739731,205.456764025627,-27.0813940676454));
#2583=CARTESIAN_POINT('Ctrl Pts',(-724.345829813487,207.964964970295,-30.5526799931835));
#2584=CARTESIAN_POINT('Ctrl Pts',(-719.622997999293,210.445210326289,-33.8722174237197));
#2585=CARTESIAN_POINT('Ctrl Pts',(-714.663678410636,213.049649752164,-37.3579750480038));
#2586=CARTESIAN_POINT('Ctrl Pts',(-709.43315661274,215.626083025896,-40.684107649103));
#2587=CARTESIAN_POINT('Ctrl Pts',(-704.013178182443,218.136778667048,-43.7935635003662));
#2588=CARTESIAN_POINT('Ctrl Pts',(-696.047117088526,221.826895726158,-48.363713658444));
#2589=CARTESIAN_POINT('Ctrl Pts',(-687.670020465032,225.375045775507,-52.4604644108544));
#2590=CARTESIAN_POINT('Ctrl Pts',(-679.209823681464,228.657612898235,-55.9376928413168));
#2591=CARTESIAN_POINT('Ctrl Pts',(-675.031393341474,230.278849189724,-57.655070952561));
#2592=CARTESIAN_POINT('Ctrl Pts',(-670.833716772011,231.835259967687,-59.2224094124784));
#2593=CARTESIAN_POINT('Ctrl Pts',(-666.660518635662,233.311500053486,-60.6319455249454));
#2594=CARTESIAN_POINT('Ctrl Pts',(-662.588036416585,234.752112577521,-62.0074639085966));
#2595=CARTESIAN_POINT('Ctrl Pts',(-658.538984563061,236.116394687577,-63.2325473386082));
#2596=CARTESIAN_POINT('Ctrl Pts',(-654.554599459964,237.389564181916,-64.3092118579951));
#2597=CARTESIAN_POINT('Ctrl Pts',(-648.929990432739,239.186850449622,-65.8290993232728));
#2598=CARTESIAN_POINT('Ctrl Pts',(-643.418006398416,240.805818472555,-67.0564629926812));
#2599=CARTESIAN_POINT('Ctrl Pts',(-638.103952433672,242.235161870176,-68.093349421234));
#2600=CARTESIAN_POINT('Ctrl Pts',(-634.151064114077,243.298386831502,-68.864643103866));
#2601=CARTESIAN_POINT('Ctrl Pts',(-630.307178824904,244.256432273469,-69.5337543749636));
#2602=CARTESIAN_POINT('Ctrl Pts',(-626.611594513615,245.10234793011,-70.1475855724863));
#2603=CARTESIAN_POINT('Ctrl Pts',(-621.17997688265,246.345639926151,-71.0497693881052));
#2604=CARTESIAN_POINT('Ctrl Pts',(-616.074139028053,247.346077195816,-71.8332814624786));
#2605=CARTESIAN_POINT('Ctrl Pts',(-611.370544176976,248.089998423453,-72.5930154213145));
#2606=CARTESIAN_POINT('Ctrl Pts',(-606.780465831569,248.815965864479,-73.3344139692623));
#2607=CARTESIAN_POINT('Ctrl Pts',(-602.572540902468,249.298009412121,-74.0513100224652));
#2608=CARTESIAN_POINT('Ctrl Pts',(-598.778992384863,249.526443444624,-74.8087914783226));
#2609=CARTESIAN_POINT('Ctrl Pts',(-598.230691702627,249.559387427976,-74.918300329103));
#2610=CARTESIAN_POINT('Ctrl Pts',(-597.68240123279,249.591791004179,-75.0277697688496));
#2611=CARTESIAN_POINT('Ctrl Pts',(-597.134120797175,249.623643350432,-75.1371990657645));
#2612=CARTESIAN_POINT('Ctrl Pts',(-794.517561279428,148.289444763107,51.7282544289922));
#2613=CARTESIAN_POINT('Ctrl Pts',(-790.930793870355,153.686330391699,45.6858260245512));
#2614=CARTESIAN_POINT('Ctrl Pts',(-786.760845182346,159.110932199258,39.210715641771));
#2615=CARTESIAN_POINT('Ctrl Pts',(-781.946658409181,164.569108403798,32.3644053479384));
#2616=CARTESIAN_POINT('Ctrl Pts',(-777.248657165901,169.8955570447,25.6833238303708));
#2617=CARTESIAN_POINT('Ctrl Pts',(-771.940151371704,175.254064109506,18.6454876940999));
#2618=CARTESIAN_POINT('Ctrl Pts',(-765.908150612458,180.659218865396,11.3604589716356));
#2619=CARTESIAN_POINT('Ctrl Pts',(-759.726973391098,186.198047653476,3.89526534956554));
#2620=CARTESIAN_POINT('Ctrl Pts',(-752.791714913484,191.780089166911,-3.80723989851707));
#2621=CARTESIAN_POINT('Ctrl Pts',(-744.927128539622,197.322693490186,-11.337749644079));
#2622=CARTESIAN_POINT('Ctrl Pts',(-741.042865896957,200.060145899321,-15.0570142429306));
#2623=CARTESIAN_POINT('Ctrl Pts',(-736.932098167993,202.787965291403,-18.7332949996862));
#2624=CARTESIAN_POINT('Ctrl Pts',(-732.581438544172,205.495712711237,-22.3110685239606));
#2625=CARTESIAN_POINT('Ctrl Pts',(-728.335777691185,208.138111385044,-25.8024961019079));
#2626=CARTESIAN_POINT('Ctrl Pts',(-723.861371027391,210.761370925494,-29.2001485643447));
#2627=CARTESIAN_POINT('Ctrl Pts',(-719.15659221286,213.355552616024,-32.4480754903631));
#2628=CARTESIAN_POINT('Ctrl Pts',(-714.216229597134,216.079633544698,-35.8586368358509));
#2629=CARTESIAN_POINT('Ctrl Pts',(-709.011538819152,218.774887209412,-39.1121786652073));
#2630=CARTESIAN_POINT('Ctrl Pts',(-703.624110637297,221.401356390446,-42.15640746826));
#2631=CARTESIAN_POINT('Ctrl Pts',(-695.705890558073,225.261632630743,-46.6306895970267));
#2632=CARTESIAN_POINT('Ctrl Pts',(-687.391360603642,228.973353956992,-50.6482023063554));
#2633=CARTESIAN_POINT('Ctrl Pts',(-678.998775823949,232.406046444861,-54.0742690124275));
#2634=CARTESIAN_POINT('Ctrl Pts',(-674.853738566363,234.101428574391,-55.7663787159848));
#2635=CARTESIAN_POINT('Ctrl Pts',(-670.690550859497,235.728708329123,-57.3151626552522));
#2636=CARTESIAN_POINT('Ctrl Pts',(-666.551269313071,237.271739776213,-58.712972953773));
#2637=CARTESIAN_POINT('Ctrl Pts',(-662.511885141316,238.777531719571,-60.0770485141409));
#2638=CARTESIAN_POINT('Ctrl Pts',(-658.495366415142,240.203109706405,-61.2972113300611));
#2639=CARTESIAN_POINT('Ctrl Pts',(-654.541418641803,241.532970419622,-62.3743952581984));
#2640=CARTESIAN_POINT('Ctrl Pts',(-648.959776866812,243.410285583434,-63.8950159535908));
#2641=CARTESIAN_POINT('Ctrl Pts',(-643.485623807515,245.100603481678,-65.1346820770852));
#2642=CARTESIAN_POINT('Ctrl Pts',(-638.199211739751,246.592438733314,-66.1907920633525));
#2643=CARTESIAN_POINT('Ctrl Pts',(-634.266884997518,247.702148604549,-66.9763852953032));
#2644=CARTESIAN_POINT('Ctrl Pts',(-630.438009557781,248.701778547592,-67.6632186027142));
#2645=CARTESIAN_POINT('Ctrl Pts',(-626.749202545513,249.584356743586,-68.2955369088438));
#2646=CARTESIAN_POINT('Ctrl Pts',(-621.32754590955,250.881533830148,-69.224892315366));
#2647=CARTESIAN_POINT('Ctrl Pts',(-616.2130912666,251.925231776626,-70.0370862930093));
#2648=CARTESIAN_POINT('Ctrl Pts',(-611.48083218378,252.701667765262,-70.8254956761546));
#2649=CARTESIAN_POINT('Ctrl Pts',(-606.862781388879,253.45936525641,-71.5948775960413));
#2650=CARTESIAN_POINT('Ctrl Pts',(-602.607923821585,253.96290148268,-72.3399957396004));
#2651=CARTESIAN_POINT('Ctrl Pts',(-598.752468983053,254.20255274509,-73.1278357993406));
#2652=CARTESIAN_POINT('Ctrl Pts',(-598.193386579515,254.237197359253,-73.2421130899339));
#2653=CARTESIAN_POINT('Ctrl Pts',(-597.634316395142,254.271312034579,-73.3563398482986));
#2654=CARTESIAN_POINT('Ctrl Pts',(-597.075258236652,254.304886121191,-73.470515222789));
#2655=CARTESIAN_POINT('Ctrl Pts',(-794.518903790965,148.23675785436,51.6800661802201));
#2656=CARTESIAN_POINT('Ctrl Pts',(-790.876139492392,153.891104558646,45.7202156649323));
#2657=CARTESIAN_POINT('Ctrl Pts',(-786.648027503402,159.563334818112,39.3399026333182));
#2658=CARTESIAN_POINT('Ctrl Pts',(-781.774230504487,165.262664681978,32.6032193842669));
#2659=CARTESIAN_POINT('Ctrl Pts',(-777.018057667981,170.824446982481,26.0291191736048));
#2660=CARTESIAN_POINT('Ctrl Pts',(-771.649567780824,176.412122622667,19.112862597928));
#2661=CARTESIAN_POINT('Ctrl Pts',(-765.565138434118,182.043178893763,11.9588525364179));
#2662=CARTESIAN_POINT('Ctrl Pts',(-759.330236022147,187.813495931893,4.62791777720066));
#2663=CARTESIAN_POINT('Ctrl Pts',(-752.350998294126,193.622614455641,-2.92976960054179));
#2664=CARTESIAN_POINT('Ctrl Pts',(-744.468839691002,199.386939496106,-10.308112261217));
#2665=CARTESIAN_POINT('Ctrl Pts',(-740.575898250695,202.233898172696,-13.9522226313308));
#2666=CARTESIAN_POINT('Ctrl Pts',(-736.462879248315,205.069915811231,-17.5517220826167));
#2667=CARTESIAN_POINT('Ctrl Pts',(-732.117258391192,207.884469799697,-21.0525886648426));
#2668=CARTESIAN_POINT('Ctrl Pts',(-727.876514699363,210.6310973736,-24.4689653720231));
#2669=CARTESIAN_POINT('Ctrl Pts',(-723.414017719397,213.357261393547,-27.7914431566518));
#2670=CARTESIAN_POINT('Ctrl Pts',(-718.727240546523,216.052974064966,-30.9662795710199));
#2671=CARTESIAN_POINT('Ctrl Pts',(-713.805780974058,218.883669965798,-34.3000905217375));
#2672=CARTESIAN_POINT('Ctrl Pts',(-708.626396302519,221.684530720915,-37.4794068297507));
#2673=CARTESIAN_POINT('Ctrl Pts',(-703.270473062137,224.413509959981,-40.4565245122955));
#2674=CARTESIAN_POINT('Ctrl Pts',(-695.398557648469,228.424451262055,-44.8321694798776));
#2675=CARTESIAN_POINT('Ctrl Pts',(-687.143916993378,232.280140197694,-48.7671052984451));
#2676=CARTESIAN_POINT('Ctrl Pts',(-678.815487658326,235.843724826909,-52.1376788378125));
#2677=CARTESIAN_POINT('Ctrl Pts',(-674.702136313398,237.603753643586,-53.8023808654784));
#2678=CARTESIAN_POINT('Ctrl Pts',(-670.571548209398,239.292494010196,-55.3302340699889));
#2679=CARTESIAN_POINT('Ctrl Pts',(-666.464197142912,240.893066036682,-56.7137054550976));
#2680=CARTESIAN_POINT('Ctrl Pts',(-662.45597284125,242.455009875735,-58.0637881572298));
#2681=CARTESIAN_POINT('Ctrl Pts',(-658.469957016624,243.933005601171,-59.2762538331271));
#2682=CARTESIAN_POINT('Ctrl Pts',(-654.544424634805,245.310905209175,-60.3510036378787));
#2683=CARTESIAN_POINT('Ctrl Pts',(-649.00289581665,247.256035103312,-61.8681881713505));
#2684=CARTESIAN_POINT('Ctrl Pts',(-643.563895484762,249.006058308007,-63.1155332257902));
#2685=CARTESIAN_POINT('Ctrl Pts',(-638.303010689125,250.549473576262,-64.1860294661879));
#2686=CARTESIAN_POINT('Ctrl Pts',(-634.389672548906,251.69755152704,-64.982323992535));
#2687=CARTESIAN_POINT('Ctrl Pts',(-630.574546139988,252.731060601254,-65.6831767577068));
#2688=CARTESIAN_POINT('Ctrl Pts',(-626.891722483718,253.643126423827,-66.3303931356525));
#2689=CARTESIAN_POINT('Ctrl Pts',(-621.478859937997,254.98364320959,-67.2816451146047));
#2690=CARTESIAN_POINT('Ctrl Pts',(-616.355654256365,256.061214332448,-68.1175380272269));
#2691=CARTESIAN_POINT('Ctrl Pts',(-611.59574971196,256.862140484671,-68.930134864196));
#2692=CARTESIAN_POINT('Ctrl Pts',(-606.950720650736,257.643737094069,-69.7231204981657));
#2693=CARTESIAN_POINT('Ctrl Pts',(-602.651022095969,258.162226517987,-70.4925413496526));
#2694=CARTESIAN_POINT('Ctrl Pts',(-598.736816644009,258.407984787307,-71.3070421439497));
#2695=CARTESIAN_POINT('Ctrl Pts',(-598.166892383849,258.443654973158,-71.4256899824826));
#2696=CARTESIAN_POINT('Ctrl Pts',(-597.596981890677,258.478834229153,-71.5442768939893));
#2697=CARTESIAN_POINT('Ctrl Pts',(-597.027084955032,258.513512716613,-71.6628019240578));
#2698=CARTESIAN_POINT('Ctrl Pts',(-794.520951309999,148.175441864824,51.6177619123518));
#2699=CARTESIAN_POINT('Ctrl Pts',(-790.821650946609,154.079704583317,45.7510971763174));
#2700=CARTESIAN_POINT('Ctrl Pts',(-786.538324852838,159.989712908538,39.4767462232232));
#2701=CARTESIAN_POINT('Ctrl Pts',(-781.610208096132,165.917931197745,32.8604120979843));
#2702=CARTESIAN_POINT('Ctrl Pts',(-776.801026454262,171.703077932885,26.403756506723));
#2703=CARTESIAN_POINT('Ctrl Pts',(-771.379991370613,177.505650674237,19.6190729059564));
#2704=CARTESIAN_POINT('Ctrl Pts',(-765.251160661314,183.345859012476,12.6051385352566));
#2705=CARTESIAN_POINT('Ctrl Pts',(-758.970758803637,189.330500624627,5.41774365672933));
#2706=CARTESIAN_POINT('Ctrl Pts',(-751.956239587562,195.346795053939,-1.98716713743408));
#2707=CARTESIAN_POINT('Ctrl Pts',(-744.063166426536,201.310700324563,-9.20722543942555));
#2708=CARTESIAN_POINT('Ctrl Pts',(-740.164834364586,204.256230241314,-12.7731603032729));
#2709=CARTESIAN_POINT('Ctrl Pts',(-736.052349962677,207.188966039689,-16.2932924257049));
#2710=CARTESIAN_POINT('Ctrl Pts',(-731.713827911671,210.098374325328,-19.7150403843373));
#2711=CARTESIAN_POINT('Ctrl Pts',(-727.480011703451,212.937566983854,-23.0542079159035));
#2712=CARTESIAN_POINT('Ctrl Pts',(-723.030737601708,215.754522065791,-26.2997095313349));
#2713=CARTESIAN_POINT('Ctrl Pts',(-718.362526730316,218.539280401922,-29.399852898233));
#2714=CARTESIAN_POINT('Ctrl Pts',(-713.460563135318,221.463480777752,-32.6552306741039));
#2715=CARTESIAN_POINT('Ctrl Pts',(-708.306322272293,224.356477609257,-35.7586893664827));
#2716=CARTESIAN_POINT('Ctrl Pts',(-702.980899963827,227.174305482273,-38.6668274528727));
#2717=CARTESIAN_POINT('Ctrl Pts',(-695.153813563812,231.315832847607,-42.9410890507107));
#2718=CARTESIAN_POINT('Ctrl Pts',(-686.955750077747,235.295002935154,-46.7901284232331));
#2719=CARTESIAN_POINT('Ctrl Pts',(-678.686854032078,238.969156426043,-50.1006677265666));
#2720=CARTESIAN_POINT('Ctrl Pts',(-674.602905750574,240.783794408215,-51.735719276862));
#2721=CARTESIAN_POINT('Ctrl Pts',(-670.502326382489,242.523997088484,-53.2401122565027));
#2722=CARTESIAN_POINT('Ctrl Pts',(-666.424115995683,244.172222523441,-54.6064495906637));
#2723=CARTESIAN_POINT('Ctrl Pts',(-662.444329092863,245.780669704135,-55.9398117548427));
#2724=CARTESIAN_POINT('Ctrl Pts',(-658.485905691901,247.301539400251,-57.1415986753934));
#2725=CARTESIAN_POINT('Ctrl Pts',(-654.585795309093,248.718119167796,-58.210784786733));
#2726=CARTESIAN_POINT('Ctrl Pts',(-649.080153786324,250.717852411986,-59.7201152600724));
#2727=CARTESIAN_POINT('Ctrl Pts',(-643.672121518256,252.5147834181,-60.9702130315716));
#2728=CARTESIAN_POINT('Ctrl Pts',(-638.433076820571,254.097487158137,-62.0500661682671));
#2729=CARTESIAN_POINT('Ctrl Pts',(-634.535984557544,255.274790055112,-62.8533208734774));
#2730=CARTESIAN_POINT('Ctrl Pts',(-630.732130641562,256.333322165867,-63.5644211819763));
#2731=CARTESIAN_POINT('Ctrl Pts',(-627.053364367088,257.266442863552,-64.2229836717867));
#2732=CARTESIAN_POINT('Ctrl Pts',(-621.646465194041,258.637905237683,-65.1909116987078));
#2733=CARTESIAN_POINT('Ctrl Pts',(-616.512945364512,259.73789704788,-66.0457859163923));
#2734=CARTESIAN_POINT('Ctrl Pts',(-611.725358206052,260.552978452782,-66.8786290641007));
#2735=CARTESIAN_POINT('Ctrl Pts',(-607.053314622672,261.34838869215,-67.6913723845722));
#2736=CARTESIAN_POINT('Ctrl Pts',(-602.710176631815,261.87279738897,-68.4819709055659));
#2737=CARTESIAN_POINT('Ctrl Pts',(-598.739928284521,262.116717634441,-69.3205968360848));
#2738=CARTESIAN_POINT('Ctrl Pts',(-598.159083085375,262.152391896762,-69.4432933225801));
#2739=CARTESIAN_POINT('Ctrl Pts',(-597.578251206667,262.1876349546,-69.5659198044099));
#2740=CARTESIAN_POINT('Ctrl Pts',(-596.997432412876,262.222438280401,-69.6884750924916));
#2741=CARTESIAN_POINT('Ctrl Pts',(-794.523973173747,148.084947679927,51.5258091610551));
#2742=CARTESIAN_POINT('Ctrl Pts',(-790.741233153891,154.358052949431,45.7966741493438));
#2743=CARTESIAN_POINT('Ctrl Pts',(-786.376418439538,160.618989840098,39.6787090264084));
#2744=CARTESIAN_POINT('Ctrl Pts',(-781.368132998572,166.885016776613,33.2399940824764));
#2745=CARTESIAN_POINT('Ctrl Pts',(-776.480717462575,172.999819488935,26.9566710131816));
#2746=CARTESIAN_POINT('Ctrl Pts',(-770.982132709373,179.119551557794,20.3661714940715));
#2747=CARTESIAN_POINT('Ctrl Pts',(-764.787771538176,185.268440323091,13.5589700744277));
#2748=CARTESIAN_POINT('Ctrl Pts',(-758.440218595053,191.569396289395,6.58342082705563));
#2749=CARTESIAN_POINT('Ctrl Pts',(-751.373628629937,197.891454596059,-0.596012200103023));
#2750=CARTESIAN_POINT('Ctrl Pts',(-743.464447043876,204.149913544872,-7.58246399701587));
#2751=CARTESIAN_POINT('Ctrl Pts',(-739.558159146664,207.240921404653,-11.0330222882597));
#2752=CARTESIAN_POINT('Ctrl Pts',(-735.446463743419,210.316400247798,-14.4360188676403));
#2753=CARTESIAN_POINT('Ctrl Pts',(-731.118418579082,213.365800766647,-17.7409983388615));
#2754=CARTESIAN_POINT('Ctrl Pts',(-726.894826408464,216.341607087389,-20.9662154723893));
#2755=CARTESIAN_POINT('Ctrl Pts',(-722.465067503259,219.292557611834,-24.0981105760337));
#2756=CARTESIAN_POINT('Ctrl Pts',(-717.824258005178,222.208735417953,-27.0880170129014));
#2757=CARTESIAN_POINT('Ctrl Pts',(-712.951067860679,225.270935870323,-30.2276379318691));
#2758=CARTESIAN_POINT('Ctrl Pts',(-707.833935890031,228.29991320537,-33.2191409476459));
#2759=CARTESIAN_POINT('Ctrl Pts',(-702.553528870286,231.248869757372,-36.0254743926076));
#2760=CARTESIAN_POINT('Ctrl Pts',(-694.792604087835,235.583124655,-40.1501077209441));
#2761=CARTESIAN_POINT('Ctrl Pts',(-686.678040922544,239.744536377666,-43.8723754482694));
#2762=CARTESIAN_POINT('Ctrl Pts',(-678.497008035208,243.581874693393,-47.0943122631351));
#2763=CARTESIAN_POINT('Ctrl Pts',(-674.456454735634,245.477108486818,-48.6856036816647));
#2764=CARTESIAN_POINT('Ctrl Pts',(-670.400164240924,247.29326264667,-50.1553725128062));
#2765=CARTESIAN_POINT('Ctrl Pts',(-666.364961592801,249.011818127504,-51.49642228354));
#2766=CARTESIAN_POINT('Ctrl Pts',(-662.427144480377,250.688898009533,-52.8051071740656));
#2767=CARTESIAN_POINT('Ctrl Pts',(-658.509443799665,252.273043941739,-53.9911336825589));
#2768=CARTESIAN_POINT('Ctrl Pts',(-654.646852881133,253.746710442056,-55.0521085278951));
#2769=CARTESIAN_POINT('Ctrl Pts',(-649.194176197857,255.827030914684,-56.5498474608356));
#2770=CARTESIAN_POINT('Ctrl Pts',(-643.83184864261,257.693191550569,-57.8040078738813));
#2771=CARTESIAN_POINT('Ctrl Pts',(-638.625037003175,259.333879810742,-58.8976705357926));
#2772=CARTESIAN_POINT('Ctrl Pts',(-634.751921478115,260.554314812487,-59.7111975324186));
#2773=CARTESIAN_POINT('Ctrl Pts',(-630.964704251321,261.649777572367,-60.4374218418118));
#2774=CARTESIAN_POINT('Ctrl Pts',(-627.291926128732,262.613972444599,-61.1127296724823));
#2775=CARTESIAN_POINT('Ctrl Pts',(-621.893828094726,264.031106360797,-62.1052693118008));
#2776=CARTESIAN_POINT('Ctrl Pts',(-616.745085964884,265.164188101384,-62.9881573924742));
#2777=CARTESIAN_POINT('Ctrl Pts',(-611.91664297724,266.000160762595,-63.8508813820541));
#2778=CARTESIAN_POINT('Ctrl Pts',(-607.204729578803,266.815958068926,-64.6927844004926));
#2779=CARTESIAN_POINT('Ctrl Pts',(-602.797480800676,267.349102819434,-65.5146383241067));
#2780=CARTESIAN_POINT('Ctrl Pts',(-598.744520648991,267.590310387978,-66.3888697231899));
#2781=CARTESIAN_POINT('Ctrl Pts',(-598.147557607187,267.625990666621,-66.5175414716043));
#2782=CARTESIAN_POINT('Ctrl Pts',(-597.550607226771,267.661327887433,-66.6461298179735));
#2783=CARTESIAN_POINT('Ctrl Pts',(-596.953669233762,267.696315457898,-66.7746332268729));
#2784=CARTESIAN_POINT('Ctrl Pts',(-794.528223332562,147.975211060718,51.4028640992674));
#2785=CARTESIAN_POINT('Ctrl Pts',(-790.661230465378,154.601455580705,45.8348142757574));
#2786=CARTESIAN_POINT('Ctrl Pts',(-786.221411818615,161.192560014836,39.8982242662686));
#2787=CARTESIAN_POINT('Ctrl Pts',(-781.144408320583,167.77034787237,33.6613306526933));
#2788=CARTESIAN_POINT('Ctrl Pts',(-776.189933168343,174.189387471121,27.5749581600195));
#2789=CARTESIAN_POINT('Ctrl Pts',(-770.629793698155,180.595806942029,21.2013990536598));
#2790=CARTESIAN_POINT('Ctrl Pts',(-764.387198345661,187.017422238277,14.6216593153197));
#2791=CARTESIAN_POINT('Ctrl Pts',(-757.99021834929,193.597849492478,7.87919706831832));
#2792=CARTESIAN_POINT('Ctrl Pts',(-750.89036918779,200.182794868702,0.943620527908457));
#2793=CARTESIAN_POINT('Ctrl Pts',(-742.979671105704,206.688016585354,-5.79499611640748));
#2794=CARTESIAN_POINT('Ctrl Pts',(-739.072634222013,209.900898801286,-9.12315040838048));
#2795=CARTESIAN_POINT('Ctrl Pts',(-734.967893967809,213.094322262567,-12.4029666969561));
#2796=CARTESIAN_POINT('Ctrl Pts',(-730.654971244527,216.257888993316,-15.5860025813423));
#2797=CARTESIAN_POINT('Ctrl Pts',(-726.446136550142,219.345106239873,-18.6922191131995));
#2798=CARTESIAN_POINT('Ctrl Pts',(-722.03896518642,222.403871159281,-21.7062865610243));
#2799=CARTESIAN_POINT('Ctrl Pts',(-717.427052840089,225.424485611972,-24.582235959199));
#2800=CARTESIAN_POINT('Ctrl Pts',(-712.58420682309,228.596352198453,-27.6021936344838));
#2801=CARTESIAN_POINT('Ctrl Pts',(-707.504136412451,231.732176909015,-30.4780320625628));
#2802=CARTESIAN_POINT('Ctrl Pts',(-702.266895304757,234.782714184707,-33.1784386981609));
#2803=CARTESIAN_POINT('Ctrl Pts',(-694.569414002201,239.266268246767,-37.1473851643212));
#2804=CARTESIAN_POINT('Ctrl Pts',(-686.531704459373,243.565609176577,-40.7357859323118));
#2805=CARTESIAN_POINT('Ctrl Pts',(-678.429081933035,247.522205597702,-43.8596756770094));
#2806=CARTESIAN_POINT('Ctrl Pts',(-674.427254946778,249.476340111597,-45.4025423528034));
#2807=CARTESIAN_POINT('Ctrl Pts',(-670.409924490483,251.346842756198,-46.8324757517054));
#2808=CARTESIAN_POINT('Ctrl Pts',(-666.411964634009,253.114371737078,-48.1425466866338));
#2809=CARTESIAN_POINT('Ctrl Pts',(-662.510491496117,254.839243193249,-49.4210003842316));
#2810=CARTESIAN_POINT('Ctrl Pts',(-658.627476131596,256.466056562243,-50.5852539806822));
#2811=CARTESIAN_POINT('Ctrl Pts',(-654.796157378658,257.976602545457,-51.6317967755008));
#2812=CARTESIAN_POINT('Ctrl Pts',(-649.387626454475,260.108984419543,-53.1091625167136));
#2813=CARTESIAN_POINT('Ctrl Pts',(-644.062217581628,262.016692613254,-54.3576870523848));
#2814=CARTESIAN_POINT('Ctrl Pts',(-638.879802937234,263.688680963507,-55.4554263804521));
#2815=CARTESIAN_POINT('Ctrl Pts',(-635.024835251352,264.932398709706,-56.2719858276588));
#2816=CARTESIAN_POINT('Ctrl Pts',(-631.248925001402,266.045508988984,-57.0061302714177));
#2817=CARTESIAN_POINT('Ctrl Pts',(-627.577936413181,267.022364236243,-57.6914985476673));
#2818=CARTESIAN_POINT('Ctrl Pts',(-622.182468563092,268.458105850282,-58.6988246155936));
#2819=CARTESIAN_POINT('Ctrl Pts',(-617.014962393661,269.599161983543,-59.6010634223494));
#2820=CARTESIAN_POINT('Ctrl Pts',(-612.145396938582,270.43322724621,-60.4866936323035));
#2821=CARTESIAN_POINT('Ctrl Pts',(-607.393353521879,271.24716318713,-61.3509500526492));
#2822=CARTESIAN_POINT('Ctrl Pts',(-602.924815921185,271.768971272813,-62.1988226579762));
#2823=CARTESIAN_POINT('Ctrl Pts',(-598.794852227747,271.989566306362,-63.1047589966955));
#2824=CARTESIAN_POINT('Ctrl Pts',(-598.181579629895,272.022999748464,-63.2388608714008));
#2825=CARTESIAN_POINT('Ctrl Pts',(-597.568313157893,272.056219069022,-63.3728692169047));
#2826=CARTESIAN_POINT('Ctrl Pts',(-596.955052435909,272.089220505398,-63.5067816586174));
#2827=CARTESIAN_POINT('Ctrl Pts',(-794.540021416926,147.850417787617,51.2380035442434));
#2828=CARTESIAN_POINT('Ctrl Pts',(-790.58281648665,154.80642108708,45.8690332854968));
#2829=CARTESIAN_POINT('Ctrl Pts',(-786.07653151567,161.711039203064,40.1506739316461));
#2830=CARTESIAN_POINT('Ctrl Pts',(-780.948364937054,168.586757803545,34.1490420485132));
#2831=CARTESIAN_POINT('Ctrl Pts',(-775.943961473445,175.296537888017,28.2922534823035));
#2832=CARTESIAN_POINT('Ctrl Pts',(-770.348189655445,181.978879473542,22.1648974049416));
#2833=CARTESIAN_POINT('Ctrl Pts',(-764.085227100567,188.661374345355,15.8380874344696));
#2834=CARTESIAN_POINT('Ctrl Pts',(-757.667376203733,195.509132946874,9.35481012164678));
#2835=CARTESIAN_POINT('Ctrl Pts',(-750.564377688624,202.343614363902,2.68473303247034));
#2836=CARTESIAN_POINT('Ctrl Pts',(-742.675174223854,209.079035468716,-3.78953270644654));
#2837=CARTESIAN_POINT('Ctrl Pts',(-738.778753377052,212.405611506714,-6.98712598763213));
#2838=CARTESIAN_POINT('Ctrl Pts',(-734.69061380969,215.708029929696,-10.1368125472013));
#2839=CARTESIAN_POINT('Ctrl Pts',(-730.400101325484,218.975891983974,-13.1918983089526));
#2840=CARTESIAN_POINT('Ctrl Pts',(-726.213136021713,222.164887491886,-16.1732526650074));
#2841=CARTESIAN_POINT('Ctrl Pts',(-721.833403415264,225.320958256782,-19.064530537287));
#2842=CARTESIAN_POINT('Ctrl Pts',(-717.252943168411,228.434527185113,-21.8219387364308));
#2843=CARTESIAN_POINT('Ctrl Pts',(-712.443124161303,231.704002784583,-24.7174194636587));
#2844=CARTESIAN_POINT('Ctrl Pts',(-707.40023675711,234.933487153784,-27.4731068908457));
#2845=CARTESIAN_POINT('Ctrl Pts',(-702.203423521132,238.07168709534,-30.0622608728905));
#2846=CARTESIAN_POINT('Ctrl Pts',(-694.565361439543,242.684084133604,-33.8676927704115));
#2847=CARTESIAN_POINT('Ctrl Pts',(-686.594237171713,247.099308744754,-37.3123491299479));
#2848=CARTESIAN_POINT('Ctrl Pts',(-678.555554692402,251.153132426384,-40.3234291597369));
#2849=CARTESIAN_POINT('Ctrl Pts',(-674.585307235472,253.15528678492,-41.8105799287408));
#2850=CARTESIAN_POINT('Ctrl Pts',(-670.598809535041,255.069266141749,-43.1922357294413));
#2851=CARTESIAN_POINT('Ctrl Pts',(-666.629377866773,256.875130698196,-44.4617873321037));
#2852=CARTESIAN_POINT('Ctrl Pts',(-662.755744418109,258.637412539581,-45.7006995905486));
#2853=CARTESIAN_POINT('Ctrl Pts',(-658.898359885674,260.296735155773,-46.832818792444));
#2854=CARTESIAN_POINT('Ctrl Pts',(-655.08902627863,261.834451639563,-47.853936766819));
#2855=CARTESIAN_POINT('Ctrl Pts',(-649.711530971454,264.005189104001,-49.2954112297335));
#2856=CARTESIAN_POINT('Ctrl Pts',(-644.409668320146,265.941327102683,-50.521238006088));
#2857=CARTESIAN_POINT('Ctrl Pts',(-639.239083472699,267.631870923489,-51.606194770065));
#2858=CARTESIAN_POINT('Ctrl Pts',(-635.392915446452,268.889391258692,-52.4132458365473));
#2859=CARTESIAN_POINT('Ctrl Pts',(-631.619364316035,270.010880144744,-53.143005381422));
#2860=CARTESIAN_POINT('Ctrl Pts',(-627.942293675037,270.991135332117,-53.8272011798383));
#2861=CARTESIAN_POINT('Ctrl Pts',(-622.537886674246,272.431874038122,-54.8328039881296));
#2862=CARTESIAN_POINT('Ctrl Pts',(-617.342640482486,273.567286047812,-55.7401749299485));
#2863=CARTESIAN_POINT('Ctrl Pts',(-612.425711490388,274.385098059263,-56.637916061001));
#2864=CARTESIAN_POINT('Ctrl Pts',(-607.62744760774,275.183173004751,-57.5139911176105));
#2865=CARTESIAN_POINT('Ctrl Pts',(-603.094082865535,275.678929435597,-58.3805438687227));
#2866=CARTESIAN_POINT('Ctrl Pts',(-598.884759932933,275.862976960262,-59.3146269471148));
#2867=CARTESIAN_POINT('Ctrl Pts',(-598.255287288524,275.891681109992,-59.4531634814237));
#2868=CARTESIAN_POINT('Ctrl Pts',(-597.625816230399,275.920264773224,-59.5916220644309));
#2869=CARTESIAN_POINT('Ctrl Pts',(-596.996346352127,275.94872587574,-59.7300002319433));
#2870=CARTESIAN_POINT('Ctrl Pts',(-794.545992512282,147.787259014503,51.154566431558));
#2871=CARTESIAN_POINT('Ctrl Pts',(-790.543130608011,154.910155604106,45.886351772452));
#2872=CARTESIAN_POINT('Ctrl Pts',(-786.003206552273,161.973445249477,40.278440523081));
#2873=CARTESIAN_POINT('Ctrl Pts',(-780.849145970574,168.999948741882,34.3958762938853));
#2874=CARTESIAN_POINT('Ctrl Pts',(-775.819473429464,175.856874677377,28.6552818041808));
#2875=CARTESIAN_POINT('Ctrl Pts',(-770.205667823944,182.678862429727,22.6525308506523));
#2876=CARTESIAN_POINT('Ctrl Pts',(-763.932397281445,189.493390331154,16.453730454939));
#2877=CARTESIAN_POINT('Ctrl Pts',(-757.503983471769,196.476447250377,10.1016285015359));
#2878=CARTESIAN_POINT('Ctrl Pts',(-750.399391046146,203.437220652487,3.56592259427908));
#2879=CARTESIAN_POINT('Ctrl Pts',(-742.521066161804,210.289147323399,-2.77455325002617));
#2880=CARTESIAN_POINT('Ctrl Pts',(-738.630018167629,213.673264622506,-5.9060686645698));
#2881=CARTESIAN_POINT('Ctrl Pts',(-734.550280327282,217.03084617957,-8.98989563230841));
#2882=CARTESIAN_POINT('Ctrl Pts',(-730.27110982626,220.351492847249,-11.9802249166911));
#2883=CARTESIAN_POINT('Ctrl Pts',(-726.095212778379,223.59199906529,-14.8983856274797));
#2884=CARTESIAN_POINT('Ctrl Pts',(-721.729367124344,226.797317018476,-17.7275188123908));
#2885=CARTESIAN_POINT('Ctrl Pts',(-717.164825011261,229.95793087552,-20.4249324580772));
#2886=CARTESIAN_POINT('Ctrl Pts',(-712.371721211411,233.276807098533,-23.2574145065717));
#2887=CARTESIAN_POINT('Ctrl Pts',(-707.347652394227,236.553693294635,-25.9522926480006));
#2888=CARTESIAN_POINT('Ctrl Pts',(-702.171299994908,239.736259941912,-28.4851408618784));
#2889=CARTESIAN_POINT('Ctrl Pts',(-694.563310408433,244.413865337159,-32.2078168601044));
#2890=CARTESIAN_POINT('Ctrl Pts',(-686.625885427205,248.887739512949,-35.5797231406159));
#2891=CARTESIAN_POINT('Ctrl Pts',(-678.619563465595,252.990770610444,-38.5337093622865));
#2892=CARTESIAN_POINT('Ctrl Pts',(-674.665298635598,255.017228157743,-39.9926619101176));
#2893=CARTESIAN_POINT('Ctrl Pts',(-670.694405614681,256.953211391344,-41.3498840711234));
#2894=CARTESIAN_POINT('Ctrl Pts',(-666.739412267656,258.778477858321,-42.5989285482839));
#2895=CARTESIAN_POINT('Ctrl Pts',(-662.879868685954,260.559693364744,-43.8178285999648));
#2896=CARTESIAN_POINT('Ctrl Pts',(-659.03545610199,262.235469144771,-44.9336843536437));
#2897=CARTESIAN_POINT('Ctrl Pts',(-655.237249335416,263.786936814332,-45.9419346435198));
#2898=CARTESIAN_POINT('Ctrl Pts',(-649.875461377236,265.977086318925,-47.3652442723334));
#2899=CARTESIAN_POINT('Ctrl Pts',(-644.585515638009,267.927612846388,-48.5795835494401));
#2900=CARTESIAN_POINT('Ctrl Pts',(-639.420917935885,269.627547724306,-49.6580709657903));
#2901=CARTESIAN_POINT('Ctrl Pts',(-635.579203480672,270.89205364908,-50.4603097723973));
#2902=CARTESIAN_POINT('Ctrl Pts',(-631.806846317618,272.017783008286,-51.1878500884076));
#2903=CARTESIAN_POINT('Ctrl Pts',(-628.126697505965,272.999758929805,-51.8714524873592));
#2904=CARTESIAN_POINT('Ctrl Pts',(-622.717766336707,274.443026699996,-52.8761831415544));
#2905=CARTESIAN_POINT('Ctrl Pts',(-617.508480720121,275.575582178151,-53.7861514938426));
#2906=CARTESIAN_POINT('Ctrl Pts',(-612.567580701268,276.385168302257,-54.6900220491728));
#2907=CARTESIAN_POINT('Ctrl Pts',(-607.745924308357,277.175215883873,-55.5720786026029));
#2908=CARTESIAN_POINT('Ctrl Pts',(-603.179750083552,277.657787384826,-56.4480855098572));
#2909=CARTESIAN_POINT('Ctrl Pts',(-598.930262869204,277.82333795237,-57.396413855648));
#2910=CARTESIAN_POINT('Ctrl Pts',(-598.29259126471,277.849648573215,-57.5371948030793));
#2911=CARTESIAN_POINT('Ctrl Pts',(-597.654918948995,277.875886096932,-57.6779056832959));
#2912=CARTESIAN_POINT('Ctrl Pts',(-597.017245500139,277.902049303824,-57.8185439867561));
#2913=CARTESIAN_POINT('Ctrl Pts',(-794.55399501972,147.72034998189,51.0604119715172));
#2914=CARTESIAN_POINT('Ctrl Pts',(-790.503844079876,155.004054044726,45.9026932532429));
#2915=CARTESIAN_POINT('Ctrl Pts',(-785.932442948313,162.221727289868,40.4145866084589));
#2916=CARTESIAN_POINT('Ctrl Pts',(-780.756995361697,169.39551492415,34.659515951893));
#2917=CARTESIAN_POINT('Ctrl Pts',(-775.706451969407,176.396170447686,29.0433381063585));
#2918=CARTESIAN_POINT('Ctrl Pts',(-770.081299317345,183.355150905286,23.1724982075178));
#2919=CARTESIAN_POINT('Ctrl Pts',(-763.804903408998,190.298837760807,17.1080298428373));
#2920=CARTESIAN_POINT('Ctrl Pts',(-757.373286940542,197.414247843905,10.8935820647998));
#2921=CARTESIAN_POINT('Ctrl Pts',(-750.274849279277,204.498115180201,4.49757709968051));
#2922=CARTESIAN_POINT('Ctrl Pts',(-742.413286609581,211.462555844772,-1.70505786951609));
#2923=CARTESIAN_POINT('Ctrl Pts',(-738.530517352654,214.902242996071,-4.76849466728768));
#2924=CARTESIAN_POINT('Ctrl Pts',(-734.461635681147,218.312826184492,-7.7847620932489));
#2925=CARTESIAN_POINT('Ctrl Pts',(-730.195645700254,221.683862761669,-10.7088632808685));
#2926=CARTESIAN_POINT('Ctrl Pts',(-726.032611073975,224.973542779695,-13.5623942430425));
#2927=CARTESIAN_POINT('Ctrl Pts',(-721.681856122552,228.225549272705,-16.3281644825119));
#2928=CARTESIAN_POINT('Ctrl Pts',(-717.133837793927,231.430398910527,-18.9644461781837));
#2929=CARTESIAN_POINT('Ctrl Pts',(-712.358085178952,234.795725945842,-21.7327351981886));
#2930=CARTESIAN_POINT('Ctrl Pts',(-707.352808404942,238.116776945834,-24.3656770278032));
#2931=CARTESIAN_POINT('Ctrl Pts',(-702.196150277396,241.340283984888,-26.8408568809795));
#2932=CARTESIAN_POINT('Ctrl Pts',(-694.617106520534,246.078061881979,-30.4787742975169));
#2933=CARTESIAN_POINT('Ctrl Pts',(-686.710637641066,250.605137188827,-33.7753600116385));
#2934=CARTESIAN_POINT('Ctrl Pts',(-678.732844421189,254.751914313352,-36.6683623971325));
#2935=CARTESIAN_POINT('Ctrl Pts',(-674.792669731536,256.79997770875,-38.0971954669128));
#2936=CARTESIAN_POINT('Ctrl Pts',(-670.835234926998,258.755265879895,-39.4277508600248));
#2937=CARTESIAN_POINT('Ctrl Pts',(-666.892382893069,260.597290845276,-40.6537516569307));
#2938=CARTESIAN_POINT('Ctrl Pts',(-663.044687606148,262.394860400689,-41.8501641642793));
#2939=CARTESIAN_POINT('Ctrl Pts',(-659.210864237158,264.084562720669,-42.9469906973372));
#2940=CARTESIAN_POINT('Ctrl Pts',(-655.421347309343,265.647365819055,-43.9394198792511));
#2941=CARTESIAN_POINT('Ctrl Pts',(-650.071826475015,267.853517129111,-45.3403954353378));
#2942=CARTESIAN_POINT('Ctrl Pts',(-644.790296361312,269.815174018571,-46.5386418555565));
#2943=CARTESIAN_POINT('Ctrl Pts',(-639.628412059673,271.521344534539,-47.6060629379263));
#2944=CARTESIAN_POINT('Ctrl Pts',(-635.788715982362,272.790488873033,-48.4000699910317));
#2945=CARTESIAN_POINT('Ctrl Pts',(-632.015233463313,273.918169775568,-49.1220082885962));
#2946=CARTESIAN_POINT('Ctrl Pts',(-628.329972569293,274.899580206807,-49.8018978761952));
#2947=CARTESIAN_POINT('Ctrl Pts',(-622.913527871897,276.34201684267,-50.8011715931636));
#2948=CARTESIAN_POINT('Ctrl Pts',(-617.687895409135,277.468351959308,-51.7097192951704));
#2949=CARTESIAN_POINT('Ctrl Pts',(-612.721413578752,278.266160942623,-52.6165720908288));
#2950=CARTESIAN_POINT('Ctrl Pts',(-607.874792765466,279.044715612833,-53.5015389112321));
#2951=CARTESIAN_POINT('Ctrl Pts',(-603.274887971084,279.510453169315,-54.3847414980656));
#2952=CARTESIAN_POINT('Ctrl Pts',(-598.984588885929,279.653563492292,-55.3460078208295));
#2953=CARTESIAN_POINT('Ctrl Pts',(-598.338751611906,279.676850179208,-55.4887388027485));
#2954=CARTESIAN_POINT('Ctrl Pts',(-597.692912219319,279.700102582772,-55.6314140437185));
#2955=CARTESIAN_POINT('Ctrl Pts',(-597.047070301743,279.723320096124,-55.774031224959));
#2956=CARTESIAN_POINT('Ctrl Pts',(-794.565376997537,147.65115469419,50.9548377681218));
#2957=CARTESIAN_POINT('Ctrl Pts',(-790.465059591533,155.087597830118,45.9184910415619));
#2958=CARTESIAN_POINT('Ctrl Pts',(-785.864558228357,162.455152295566,40.5602814268929));
#2959=CARTESIAN_POINT('Ctrl Pts',(-780.673133710925,169.773588523068,34.9412819267646));
#2960=CARTESIAN_POINT('Ctrl Pts',(-775.606998974889,176.915401692287,29.457891297896));
#2961=CARTESIAN_POINT('Ctrl Pts',(-769.97874711831,184.010623145814,23.7258885189764));
#2962=CARTESIAN_POINT('Ctrl Pts',(-763.708037637525,191.083114257831,17.8013955921074));
#2963=CARTESIAN_POINT('Ctrl Pts',(-757.282248226776,198.330514035237,11.7303849624198));
#2964=CARTESIAN_POINT('Ctrl Pts',(-750.199395512741,205.53753512805,5.47842647746701));
#2965=CARTESIAN_POINT('Ctrl Pts',(-742.361594161918,212.61403089729,-0.583363638626114));
#2966=CARTESIAN_POINT('Ctrl Pts',(-738.490560449475,216.10906125881,-3.57723817650063));
#2967=CARTESIAN_POINT('Ctrl Pts',(-734.435406246058,219.572296430679,-6.52477661064635));
#2968=CARTESIAN_POINT('Ctrl Pts',(-730.18468809543,222.993157019312,-9.38168898431967));
#2969=CARTESIAN_POINT('Ctrl Pts',(-726.036556729235,226.331458596657,-12.1696526666338));
#2970=CARTESIAN_POINT('Ctrl Pts',(-721.702186381768,229.629395712345,-14.8713217183345));
#2971=CARTESIAN_POINT('Ctrl Pts',(-717.171238771412,232.877441386794,-17.4457628433308));
#2972=CARTESIAN_POINT('Ctrl Pts',(-712.413411661905,236.288127426839,-20.1491147312102));
#2973=CARTESIAN_POINT('Ctrl Pts',(-707.426693736697,239.651919964211,-22.7193933646806));
#2974=CARTESIAN_POINT('Ctrl Pts',(-702.288589404602,242.914689085776,-25.135820988722));
#2975=CARTESIAN_POINT('Ctrl Pts',(-694.73681525222,247.710172774871,-28.6873867983828));
#2976=CARTESIAN_POINT('Ctrl Pts',(-686.857643081559,252.287424050261,-31.9062231862569));
#2977=CARTESIAN_POINT('Ctrl Pts',(-678.903374492619,256.474727004659,-34.7340178094963));
#2978=CARTESIAN_POINT('Ctrl Pts',(-674.974818448981,258.542805815941,-36.1306452345169));
#2979=CARTESIAN_POINT('Ctrl Pts',(-671.028056660874,260.515763533124,-37.4320205419882));
#2980=CARTESIAN_POINT('Ctrl Pts',(-667.094377484503,262.372922642933,-38.6320342160168));
#2981=CARTESIAN_POINT('Ctrl Pts',(-663.255633677496,264.1852610955,-39.8030867734217));
#2982=CARTESIAN_POINT('Ctrl Pts',(-659.429330327981,265.887315761247,-40.8775998769723));
#2983=CARTESIAN_POINT('Ctrl Pts',(-655.645381060413,267.459945565701,-41.8506230875068));
#2984=CARTESIAN_POINT('Ctrl Pts',(-650.30371988605,269.679968873122,-43.2242039518207));
#2985=CARTESIAN_POINT('Ctrl Pts',(-645.02613091986,271.650690601567,-44.400654693182));
#2986=CARTESIAN_POINT('Ctrl Pts',(-639.862825881756,273.360999434934,-45.4511859270263));
#2987=CARTESIAN_POINT('Ctrl Pts',(-636.022072981797,274.633222083625,-46.2326293732508));
#2988=CARTESIAN_POINT('Ctrl Pts',(-632.24457350903,275.761277107741,-46.9446072983342));
#2989=CARTESIAN_POINT('Ctrl Pts',(-628.551694431871,276.740424789851,-47.6166994210944));
#2990=CARTESIAN_POINT('Ctrl Pts',(-623.124052842626,278.179535730231,-48.6045127453541));
#2991=CARTESIAN_POINT('Ctrl Pts',(-617.879288256856,279.296875827146,-49.5062366434864));
#2992=CARTESIAN_POINT('Ctrl Pts',(-612.885314065357,280.079610358102,-50.4116301713451));
#2993=CARTESIAN_POINT('Ctrl Pts',(-608.011864391291,280.84345438262,-51.2951729419015));
#2994=CARTESIAN_POINT('Ctrl Pts',(-603.377183224982,281.288640562261,-52.182133448491));
#2995=CARTESIAN_POINT('Ctrl Pts',(-599.045332673636,281.405019485776,-53.1538655254284));
#2996=CARTESIAN_POINT('Ctrl Pts',(-598.391408432406,281.424555378724,-53.2981103785271));
#2997=CARTESIAN_POINT('Ctrl Pts',(-597.737482578118,281.444081302113,-53.4423180203803));
#2998=CARTESIAN_POINT('Ctrl Pts',(-597.083554769031,281.463597043669,-53.5864865539517));
#2999=CARTESIAN_POINT('Ctrl Pts',(-794.576484282828,147.583629364791,50.8518114913735));
#3000=CARTESIAN_POINT('Ctrl Pts',(-790.427211127598,155.169125370725,45.9339075662338));
#3001=CARTESIAN_POINT('Ctrl Pts',(-785.798311837476,162.68294382478,40.7024600482039));
#3002=CARTESIAN_POINT('Ctrl Pts',(-780.591295976297,170.142537697966,35.2162477647415));
#3003=CARTESIAN_POINT('Ctrl Pts',(-775.509946177831,177.422101815824,29.8624396673331));
#3004=CARTESIAN_POINT('Ctrl Pts',(-769.878669912903,184.6502762266,24.2659233148311));
#3005=CARTESIAN_POINT('Ctrl Pts',(-763.6135096235,191.848463034625,18.4780276601187));
#3006=CARTESIAN_POINT('Ctrl Pts',(-757.193406640313,199.224667068528,12.5469924682425));
#3007=CARTESIAN_POINT('Ctrl Pts',(-750.125762746565,206.551869726471,6.43560404731076));
#3008=CARTESIAN_POINT('Ctrl Pts',(-742.31114925921,213.737716263735,0.511259636207347));
#3009=CARTESIAN_POINT('Ctrl Pts',(-738.451567865751,217.286754183057,-2.41473145657453));
#3010=CARTESIAN_POINT('Ctrl Pts',(-734.409809831864,220.801370635993,-5.2951996036266));
#3011=CARTESIAN_POINT('Ctrl Pts',(-730.173994941319,224.270852783945,-8.08654469743999));
#3012=CARTESIAN_POINT('Ctrl Pts',(-726.040407160096,227.656602488438,-10.8105234998949));
#3013=CARTESIAN_POINT('Ctrl Pts',(-721.722025990735,230.999361737669,-13.4496383811775));
#3014=CARTESIAN_POINT('Ctrl Pts',(-717.207737114124,234.289560956079,-15.9637313951412));
#3015=CARTESIAN_POINT('Ctrl Pts',(-712.467402896135,237.74451130714,-18.6037133429176));
#3016=CARTESIAN_POINT('Ctrl Pts',(-707.49879592068,241.150013858105,-21.1128410931205));
#3017=CARTESIAN_POINT('Ctrl Pts',(-702.378797606944,244.451097511521,-23.4719344136696));
#3018=CARTESIAN_POINT('Ctrl Pts',(-694.853634934711,249.302894321679,-26.939232625171));
#3019=CARTESIAN_POINT('Ctrl Pts',(-687.001100694391,253.929110619347,-30.08219608817));
#3020=CARTESIAN_POINT('Ctrl Pts',(-679.069788993207,258.15596135369,-32.8463566725616));
#3021=CARTESIAN_POINT('Ctrl Pts',(-675.152571191311,260.243572529034,-34.2115557034941));
#3022=CARTESIAN_POINT('Ctrl Pts',(-671.216224837176,262.233773355627,-35.484455157186));
#3023=CARTESIAN_POINT('Ctrl Pts',(-667.29149714072,264.105701362591,-36.6591088812709));
#3024=CARTESIAN_POINT('Ctrl Pts',(-663.461488778712,265.932452279914,-37.8054135254813));
#3025=CARTESIAN_POINT('Ctrl Pts',(-659.642523960606,267.646561180053,-38.8581517115834));
#3026=CARTESIAN_POINT('Ctrl Pts',(-655.864007983433,269.22878053296,-39.8122372942352));
#3027=CARTESIAN_POINT('Ctrl Pts',(-650.530016784089,271.462341051116,-41.1590846099621));
#3028=CARTESIAN_POINT('Ctrl Pts',(-645.256273849802,273.441908847823,-42.3142656891364));
#3029=CARTESIAN_POINT('Ctrl Pts',(-640.091582363271,275.156256124482,-43.348314693871));
#3030=CARTESIAN_POINT('Ctrl Pts',(-636.24979814601,276.431482791467,-44.1174977431631));
#3031=CARTESIAN_POINT('Ctrl Pts',(-632.468378664641,277.559902908117,-44.8197556792836));
#3032=CARTESIAN_POINT('Ctrl Pts',(-628.768065261491,278.536842450262,-45.4842385211344));
#3033=CARTESIAN_POINT('Ctrl Pts',(-623.329497006059,279.972707957456,-46.4608680376754));
#3034=CARTESIAN_POINT('Ctrl Pts',(-618.066062031725,281.081270120353,-47.3559328175398));
#3035=CARTESIAN_POINT('Ctrl Pts',(-613.045258979447,281.849294005617,-48.2599022955515));
#3036=CARTESIAN_POINT('Ctrl Pts',(-608.145627932028,282.598782411,-49.142055384264));
#3037=CARTESIAN_POINT('Ctrl Pts',(-603.477009686364,283.0239132005,-50.0326831170161));
#3038=CARTESIAN_POINT('Ctrl Pts',(-599.104610471448,283.114205859849,-51.0146283677327));
#3039=CARTESIAN_POINT('Ctrl Pts',(-598.442794433787,283.13008148045,-51.1603505562608));
#3040=CARTESIAN_POINT('Ctrl Pts',(-597.780977276376,283.145970858494,-51.3060536160513));
#3041=CARTESIAN_POINT('Ctrl Pts',(-597.119158720592,283.161874166773,-51.4517360616339));
#3042=CARTESIAN_POINT('Ctrl Pts',(-794.59083131686,147.513930175824,50.7378793068315));
#3043=CARTESIAN_POINT('Ctrl Pts',(-790.389824864578,155.240793252899,45.9488221944158));
#3044=CARTESIAN_POINT('Ctrl Pts',(-785.734795876724,162.896599801161,40.8537435111673));
#3045=CARTESIAN_POINT('Ctrl Pts',(-780.517349931457,170.494866366683,35.5084668768934));
#3046=CARTESIAN_POINT('Ctrl Pts',(-775.425821768436,177.909756451667,30.292193089288));
#3047=CARTESIAN_POINT('Ctrl Pts',(-769.799393252147,185.270205444451,24.8377222608749));
#3048=CARTESIAN_POINT('Ctrl Pts',(-763.548192092558,192.593800448941,19.1917580998922));
#3049=CARTESIAN_POINT('Ctrl Pts',(-757.142393460229,200.098514129691,13.4061644871953));
#3050=CARTESIAN_POINT('Ctrl Pts',(-750.098957769401,207.546019878524,7.43943952108912));
#3051=CARTESIAN_POINT('Ctrl Pts',(-742.314209309938,214.840856073369,1.65536315091134));
#3052=CARTESIAN_POINT('Ctrl Pts',(-738.469378038947,218.443723200645,-1.20135056535928));
#3053=CARTESIAN_POINT('Ctrl Pts',(-734.443754674207,222.009428128229,-4.01365215328355));
#3054=CARTESIAN_POINT('Ctrl Pts',(-730.224836441436,225.527034842097,-6.73853016651495));
#3055=CARTESIAN_POINT('Ctrl Pts',(-726.107737534235,228.959747674769,-9.39764600416929));
#3056=CARTESIAN_POINT('Ctrl Pts',(-721.806577315063,232.346649852053,-11.9735162154586));
#3057=CARTESIAN_POINT('Ctrl Pts',(-717.309465149622,235.678055287936,-14.4265963808977));
#3058=CARTESIAN_POINT('Ctrl Pts',(-712.587167737413,239.176275187759,-17.0025103654791));
#3059=CARTESIAN_POINT('Ctrl Pts',(-707.636445031893,242.622177590823,-19.4498022122185));
#3060=CARTESIAN_POINT('Ctrl Pts',(-702.533460006122,245.96002054451,-21.7505330410023));
#3061=CARTESIAN_POINT('Ctrl Pts',(-695.033302763909,250.865844660403,-25.132052465563));
#3062=CARTESIAN_POINT('Ctrl Pts',(-687.203907348913,255.538203679236,-28.1968290071873));
#3063=CARTESIAN_POINT('Ctrl Pts',(-679.290768064457,259.801580127854,-30.8933278032068));
#3064=CARTESIAN_POINT('Ctrl Pts',(-675.382525488474,261.90723109076,-32.2251091635312));
#3065=CARTESIAN_POINT('Ctrl Pts',(-671.453931657839,263.913136180309,-33.4671357073093));
#3066=CARTESIAN_POINT('Ctrl Pts',(-667.535317067857,265.798300082168,-34.6136222424087));
#3067=CARTESIAN_POINT('Ctrl Pts',(-663.71127427868,267.637967459448,-35.7324394842584));
#3068=CARTESIAN_POINT('Ctrl Pts',(-659.896713039126,269.362640564597,-36.760270559287));
#3069=CARTESIAN_POINT('Ctrl Pts',(-656.120644588522,270.953016319735,-37.6919998700211));
#3070=CARTESIAN_POINT('Ctrl Pts',(-650.790108471876,273.198090929135,-39.0072876638669));
#3071=CARTESIAN_POINT('Ctrl Pts',(-645.515932215155,275.18453366715,-40.1357607946289));
#3072=CARTESIAN_POINT('Ctrl Pts',(-640.345900865659,276.90090773256,-41.1477728817184));
#3073=CARTESIAN_POINT('Ctrl Pts',(-636.500144561912,278.177642037523,-41.9005636484072));
#3074=CARTESIAN_POINT('Ctrl Pts',(-632.712040351086,279.304908777257,-42.5889435938461));
#3075=CARTESIAN_POINT('Ctrl Pts',(-629.001897581114,280.278002676707,-43.2419186913532));
#3076=CARTESIAN_POINT('Ctrl Pts',(-623.548882527115,281.708216016637,-44.201634599164));
#3077=CARTESIAN_POINT('Ctrl Pts',(-618.264117572096,282.805316523434,-45.0848801679737));
#3078=CARTESIAN_POINT('Ctrl Pts',(-613.214667938085,283.555437780226,-45.9831753642285));
#3079=CARTESIAN_POINT('Ctrl Pts',(-608.287081665218,284.287455618973,-46.8597911142368));
#3080=CARTESIAN_POINT('Ctrl Pts',(-603.583540076791,284.68893018242,-47.7507864394554));
#3081=CARTESIAN_POINT('Ctrl Pts',(-599.169913185696,284.748975835079,-48.7405516800291));
#3082=CARTESIAN_POINT('Ctrl Pts',(-598.500280890907,284.760491975444,-48.8873335577566));
#3083=CARTESIAN_POINT('Ctrl Pts',(-597.830649777388,284.772031686096,-49.0341181698177));
#3084=CARTESIAN_POINT('Ctrl Pts',(-597.161019676586,284.783595323161,-49.1809046513408));
#3085=CARTESIAN_POINT('Ctrl Pts',(-794.609788172403,147.444130364039,50.6134409804308));
#3086=CARTESIAN_POINT('Ctrl Pts',(-790.353096008508,155.301946176219,45.9633198469005));
#3087=CARTESIAN_POINT('Ctrl Pts',(-785.674403903188,163.094355347359,41.0142408392195));
#3088=CARTESIAN_POINT('Ctrl Pts',(-780.452541477538,170.82842297399,35.8175782960633));
#3089=CARTESIAN_POINT('Ctrl Pts',(-775.356703421422,178.375836698789,30.7463319487583));
#3090=CARTESIAN_POINT('Ctrl Pts',(-769.744439010129,185.868235372037,25.4396210515163));
#3091=CARTESIAN_POINT('Ctrl Pts',(-763.5170869272,193.317639694232,19.9397971271128));
#3092=CARTESIAN_POINT('Ctrl Pts',(-757.135727179294,200.951274063137,14.3039579222021));
#3093=CARTESIAN_POINT('Ctrl Pts',(-750.126991671068,208.520301429594,8.4845429162646));
#3094=CARTESIAN_POINT('Ctrl Pts',(-742.379756412548,215.925000871731,2.84196033478503));
#3095=CARTESIAN_POINT('Ctrl Pts',(-738.553452641682,219.582128666633,0.0551293830341454));
#3096=CARTESIAN_POINT('Ctrl Pts',(-734.547058306229,223.199272957466,-2.68873235250856));
#3097=CARTESIAN_POINT('Ctrl Pts',(-730.347233547518,226.765151630509,-5.3470771756169));
#3098=CARTESIAN_POINT('Ctrl Pts',(-726.248767312688,230.244971427432,-7.94126553441647));
#3099=CARTESIAN_POINT('Ctrl Pts',(-721.966112756919,233.675966631154,-10.4540245731964));
#3100=CARTESIAN_POINT('Ctrl Pts',(-717.486604751614,237.048228588932,-12.846235958641));
#3101=CARTESIAN_POINT('Ctrl Pts',(-712.782792997935,240.589350831531,-15.3582332625443));
#3102=CARTESIAN_POINT('Ctrl Pts',(-707.849512301413,244.07492305303,-17.7438132374465));
#3103=CARTESIAN_POINT('Ctrl Pts',(-702.762090908878,247.448494068243,-19.9858686008551));
#3104=CARTESIAN_POINT('Ctrl Pts',(-695.28480845386,252.406829817633,-23.2811492427522));
#3105=CARTESIAN_POINT('Ctrl Pts',(-687.474219129723,257.123154565817,-26.2662687410281));
#3106=CARTESIAN_POINT('Ctrl Pts',(-679.573409864041,261.420559697625,-28.8915808175457));
#3107=CARTESIAN_POINT('Ctrl Pts',(-675.671256995644,263.543017182402,-30.1882035691309));
#3108=CARTESIAN_POINT('Ctrl Pts',(-671.7471776987,265.563318691236,-31.3971261302675));
#3109=CARTESIAN_POINT('Ctrl Pts',(-667.831230985825,267.46039026515,-32.5127167120517));
#3110=CARTESIAN_POINT('Ctrl Pts',(-664.009791687238,269.311677934859,-33.6013836431789));
#3111=CARTESIAN_POINT('Ctrl Pts',(-660.196076406833,271.04560039831,-34.601168151453));
#3112=CARTESIAN_POINT('Ctrl Pts',(-656.418842616152,272.642847493207,-35.5070406795285));
#3113=CARTESIAN_POINT('Ctrl Pts',(-651.086661432038,274.897622118703,-36.7858274099999));
#3114=CARTESIAN_POINT('Ctrl Pts',(-645.806913670389,276.889127278906,-37.8818641683182));
#3115=CARTESIAN_POINT('Ctrl Pts',(-640.626898799583,278.605576760341,-38.8658821538947));
#3116=CARTESIAN_POINT('Ctrl Pts',(-636.773716198506,279.88236716393,-39.5978493539387));
#3117=CARTESIAN_POINT('Ctrl Pts',(-632.97574822439,281.006950405204,-40.2678383464534));
#3118=CARTESIAN_POINT('Ctrl Pts',(-629.253122517859,281.974470521441,-40.9050557904237));
#3119=CARTESIAN_POINT('Ctrl Pts',(-623.781760557772,283.39649174434,-41.8416117479903));
#3120=CARTESIAN_POINT('Ctrl Pts',(-618.472964126953,284.479137905238,-42.7073811067992));
#3121=CARTESIAN_POINT('Ctrl Pts',(-613.393384518567,285.207698001137,-43.5952942231458));
#3122=CARTESIAN_POINT('Ctrl Pts',(-608.43639542779,285.918675035808,-44.4617784542466));
#3123=CARTESIAN_POINT('Ctrl Pts',(-603.697628026462,286.292288550891,-45.3494324969666));
#3124=CARTESIAN_POINT('Ctrl Pts',(-599.243069960072,286.317273357734,-46.344120186166));
#3125=CARTESIAN_POINT('Ctrl Pts',(-598.565728782532,286.323628380693,-46.4914902145623));
#3126=CARTESIAN_POINT('Ctrl Pts',(-597.888392745297,286.33000030981,-46.6388838932369));
#3127=CARTESIAN_POINT('Ctrl Pts',(-597.211061805836,286.336389507274,-46.7863009822522));
#3128=CARTESIAN_POINT('',(-600.002317260526,156.404672819758,-100.386643077258));
#3129=CARTESIAN_POINT('Ctrl Pts',(-600.068643659544,150.002317260521,-103.274702315966));
#3130=CARTESIAN_POINT('Ctrl Pts',(-600.048541683995,152.080677538261,-102.260840759169));
#3131=CARTESIAN_POINT('Ctrl Pts',(-600.026016840682,154.197594153951,-101.310945366919));
#3132=CARTESIAN_POINT('Ctrl Pts',(-600.002908976046,156.349581966119,-100.409683480724));
#3133=CARTESIAN_POINT('Ctrl Pts',(-600.002613163282,156.377125513622,-100.398158761937));
#3134=CARTESIAN_POINT('Ctrl Pts',(-600.002317260526,156.404672819758,-100.386643077258));
#3135=CARTESIAN_POINT('',(-599.59772156411,285.44395283502,-47.5605873523481));
#3136=CARTESIAN_POINT('Ctrl Pts',(-600.002317260526,156.404672819758,-100.386643077258));
#3137=CARTESIAN_POINT('Ctrl Pts',(-600.001919925893,156.441351555891,-100.371310152956));
#3138=CARTESIAN_POINT('Ctrl Pts',(-600.001522463276,156.478037021612,-100.355993217077));
#3139=CARTESIAN_POINT('Ctrl Pts',(-599.864861025778,169.090208587339,-95.0965889788627));
#3140=CARTESIAN_POINT('Ctrl Pts',(-599.730429148362,183.358267911408,-91.3458332074136));
#3141=CARTESIAN_POINT('Ctrl Pts',(-599.531556103778,213.284732796088,-84.3263740267532));
#3142=CARTESIAN_POINT('Ctrl Pts',(-599.455744290941,229.715383818791,-81.0498170344758));
#3143=CARTESIAN_POINT('Ctrl Pts',(-599.369976112449,253.374667111477,-73.5877242484091));
#3144=CARTESIAN_POINT('Ctrl Pts',(-599.34759206588,261.406627093027,-70.150079162264));
#3145=CARTESIAN_POINT('Ctrl Pts',(-599.395513696942,272.863930137696,-62.259600523583));
#3146=CARTESIAN_POINT('Ctrl Pts',(-599.450793459853,278.873444656428,-57.2019620982086));
#3147=CARTESIAN_POINT('Ctrl Pts',(-599.59772156411,285.443952835035,-47.560587352358));
#3148=CARTESIAN_POINT('',(-599.895673020617,285.451252821297,-47.4771481271532));
#3149=CARTESIAN_POINT('Ctrl Pts',(-599.895673020617,285.451252821297,-47.4771481271532));
#3150=CARTESIAN_POINT('Ctrl Pts',(-599.795976719284,285.448794322143,-47.5052489010742));
#3151=CARTESIAN_POINT('Ctrl Pts',(-599.696671701524,285.446361365165,-47.5330577265898));
#3152=CARTESIAN_POINT('Ctrl Pts',(-599.597721564129,285.443952834994,-47.5605873524138));
#3153=CARTESIAN_POINT('Ctrl Pts',(-793.22460569289,150.002317260515,49.4023529459734));
#3154=CARTESIAN_POINT('Ctrl Pts',(-792.96939409175,150.447653419097,49.0387666013642));
#3155=CARTESIAN_POINT('Ctrl Pts',(-792.667278324441,150.97360775454,48.6218559511813));
#3156=CARTESIAN_POINT('Ctrl Pts',(-792.087558937316,151.979209867205,47.8791555344724));
#3157=CARTESIAN_POINT('Ctrl Pts',(-791.871524298442,152.353336943107,47.6133871761854));
#3158=CARTESIAN_POINT('Ctrl Pts',(-791.479851245689,153.030073701834,47.1470047491074));
#3159=CARTESIAN_POINT('Ctrl Pts',(-791.31143945783,153.320532459328,46.9512051630567));
#3160=CARTESIAN_POINT('Ctrl Pts',(-790.711873437119,154.351723321645,46.2641776088775));
#3161=CARTESIAN_POINT('Ctrl Pts',(-790.230673961861,155.173177946786,45.7306992392685));
#3162=CARTESIAN_POINT('Ctrl Pts',(-789.324916563018,156.701150823237,44.7367830707788));
#3163=CARTESIAN_POINT('Ctrl Pts',(-788.890100036532,157.427501994177,44.2645058292169));
#3164=CARTESIAN_POINT('Ctrl Pts',(-787.646131075312,159.483568947047,42.9226464555772));
#3165=CARTESIAN_POINT('Ctrl Pts',(-786.838308073193,160.793873847248,42.0619566994361));
#3166=CARTESIAN_POINT('Ctrl Pts',(-784.540873521329,164.450083379314,39.6392837986575));
#3167=CARTESIAN_POINT('Ctrl Pts',(-783.03486100538,166.766928964567,38.0801870950274));
#3168=CARTESIAN_POINT('Ctrl Pts',(-774.683139007076,179.191889387528,29.5908364855788));
#3169=CARTESIAN_POINT('Ctrl Pts',(-767.136460304879,188.885066730023,22.486351622112));
#3170=CARTESIAN_POINT('Ctrl Pts',(-746.958819686592,211.705768341563,5.08562102136614));
#3171=CARTESIAN_POINT('Ctrl Pts',(-733.174590503989,224.513818549383,-5.19186050781655));
#3172=CARTESIAN_POINT('Ctrl Pts',(-708.205280713767,243.165417009424,-18.6628951919805));
#3173=CARTESIAN_POINT('Ctrl Pts',(-698.203273009044,249.785528125544,-23.1032782674628));
#3174=CARTESIAN_POINT('Ctrl Pts',(-680.392783845729,260.173773515145,-29.7483945571258));
#3175=CARTESIAN_POINT('Ctrl Pts',(-672.492497289177,264.360222172807,-32.3140008580253));
#3176=CARTESIAN_POINT('Ctrl Pts',(-661.564900075063,269.45020547286,-35.3315603307698));
#3177=CARTESIAN_POINT('Ctrl Pts',(-658.635024245601,270.749848367483,-36.0915082937572));
#3178=CARTESIAN_POINT('Ctrl Pts',(-635.259156135461,280.527607572018,-41.7332558238075));
#3179=CARTESIAN_POINT('Ctrl Pts',(-615.785259861706,285.182370776342,-43.9632945257458));
#3180=CARTESIAN_POINT('Ctrl Pts',(-599.895673020617,285.451252821297,-47.4771481271532));
#3181=CARTESIAN_POINT('Ctrl Pts',(-793.429528121764,149.54081384811,49.0679144157311));
#3182=CARTESIAN_POINT('Ctrl Pts',(-785.297156142218,164.136892270961,39.959752964845));
#3183=CARTESIAN_POINT('Ctrl Pts',(-775.578652904675,178.493768471392,29.9763546218219));
#3184=CARTESIAN_POINT('Ctrl Pts',(-751.024547480947,207.618061605889,8.10287300115379));
#3185=CARTESIAN_POINT('Ctrl Pts',(-736.022833182826,222.277663348247,-3.83363483092078));
#3186=CARTESIAN_POINT('Ctrl Pts',(-699.330284823912,249.774314838969,-23.7241212022091));
#3187=CARTESIAN_POINT('Ctrl Pts',(-677.471013876279,262.716247077889,-31.6757391582204));
#3188=CARTESIAN_POINT('Ctrl Pts',(-646.220570594325,275.969439394822,-39.288875797646));
#3189=CARTESIAN_POINT('Ctrl Pts',(-625.818625680659,282.812902806383,-42.921675003605));
#3190=CARTESIAN_POINT('Ctrl Pts',(-607.797804745488,285.323046061517,-45.7691920570451));
#3191=CARTESIAN_POINT('Ctrl Pts',(-599.79272119138,285.452984539732,-47.4993710658528));
#3192=CARTESIAN_POINT('Ctrl Pts',(-793.410850595424,149.59822245716,49.1817576905617));
#3193=CARTESIAN_POINT('Ctrl Pts',(-785.162081518271,164.567020502059,40.8340822292213));
#3194=CARTESIAN_POINT('Ctrl Pts',(-775.494274563061,179.152299612133,31.6955861356384));
#3195=CARTESIAN_POINT('Ctrl Pts',(-751.212644128582,208.549088585043,11.584261763779));
#3196=CARTESIAN_POINT('Ctrl Pts',(-736.430316040983,223.272344983672,0.580412481427902));
#3197=CARTESIAN_POINT('Ctrl Pts',(-700.081461511153,250.83043434248,-17.4949182966865));
#3198=CARTESIAN_POINT('Ctrl Pts',(-678.368051899919,263.725275971715,-24.601630394908));
#3199=CARTESIAN_POINT('Ctrl Pts',(-647.063146536323,276.895082695916,-31.1884062428798));
#3200=CARTESIAN_POINT('Ctrl Pts',(-626.535631068754,283.676176681286,-34.2151249769973));
#3201=CARTESIAN_POINT('Ctrl Pts',(-608.120154191472,286.144976075282,-36.6457636951365));
#3202=CARTESIAN_POINT('Ctrl Pts',(-599.819335160222,286.264444646449,-38.2136660044704));
#3203=CARTESIAN_POINT('Ctrl Pts',(-793.379916195613,149.689322658738,49.361113497151));
#3204=CARTESIAN_POINT('Ctrl Pts',(-784.928708893129,165.258625306903,42.2152940247465));
#3205=CARTESIAN_POINT('Ctrl Pts',(-775.123076769193,180.300447741193,34.4541946964824));
#3206=CARTESIAN_POINT('Ctrl Pts',(-750.786988665226,210.285527622477,17.3842980187202));
#3207=CARTESIAN_POINT('Ctrl Pts',(-736.075809203162,225.135212395521,8.05814365726989));
#3208=CARTESIAN_POINT('Ctrl Pts',(-700.259407429019,252.611126791428,-7.15110407925961));
#3209=CARTESIAN_POINT('Ctrl Pts',(-679.043746324004,265.283068697679,-13.0855164744422));
#3210=CARTESIAN_POINT('Ctrl Pts',(-647.995281714747,278.265327339039,-18.5085996670719));
#3211=CARTESIAN_POINT('Ctrl Pts',(-627.487524765211,284.959418143792,-20.9565642450165));
#3212=CARTESIAN_POINT('Ctrl Pts',(-608.58993321274,287.37928916559,-22.9600078216964));
#3213=CARTESIAN_POINT('Ctrl Pts',(-599.855469986085,287.482024362664,-24.2851424899265));
#3214=CARTESIAN_POINT('Ctrl Pts',(-793.324523999014,149.849612339385,49.6820827192641));
#3215=CARTESIAN_POINT('Ctrl Pts',(-784.499618091873,166.473258119986,44.6845551098359));
#3216=CARTESIAN_POINT('Ctrl Pts',(-774.2159601334,182.398628815502,39.3509401862253));
#3217=CARTESIAN_POINT('Ctrl Pts',(-749.283044914713,213.495351299383,27.7459481884819));
#3218=CARTESIAN_POINT('Ctrl Pts',(-734.431751802496,228.566286625322,21.4740663565375));
#3219=CARTESIAN_POINT('Ctrl Pts',(-699.553450805793,255.755718789211,11.183012736902));
#3220=CARTESIAN_POINT('Ctrl Pts',(-679.469036488538,267.909712249663,7.10532199500193));
#3221=CARTESIAN_POINT('Ctrl Pts',(-649.205269240344,280.529837666648,3.2072667099152));
#3222=CARTESIAN_POINT('Ctrl Pts',(-628.94856585987,287.08179789836,1.36000715726693));
#3223=CARTESIAN_POINT('Ctrl Pts',(-609.356028827208,289.44097401665,-0.151540438980006));
#3224=CARTESIAN_POINT('Ctrl Pts',(-599.908448808703,289.511940430436,-1.07099056463364));
#3225=CARTESIAN_POINT('Ctrl Pts',(-793.267119504223,150.016500144614,50.0255346375573));
#3226=CARTESIAN_POINT('Ctrl Pts',(-784.050181497752,167.739812196493,47.3218418261855));
#3227=CARTESIAN_POINT('Ctrl Pts',(-773.202142963127,184.591981559855,44.4924544727477));
#3228=CARTESIAN_POINT('Ctrl Pts',(-747.50468490581,216.854177664912,38.5068374147657));
#3229=CARTESIAN_POINT('Ctrl Pts',(-732.433983788597,232.144137958595,35.3620127061412));
#3230=CARTESIAN_POINT('Ctrl Pts',(-698.518774103851,258.981700746852,29.9839381404634));
#3231=CARTESIAN_POINT('Ctrl Pts',(-679.666777660816,270.562196413261,27.6983216202358));
#3232=CARTESIAN_POINT('Ctrl Pts',(-650.305142443941,282.792560584043,25.1486258987092));
#3233=CARTESIAN_POINT('Ctrl Pts',(-630.370514535143,289.201195966168,23.7550973817858));
#3234=CARTESIAN_POINT('Ctrl Pts',(-610.113493387852,291.50397967782,22.6567696873593));
#3235=CARTESIAN_POINT('Ctrl Pts',(-599.955046587124,291.54235001,22.1431181910366));
#3236=CARTESIAN_POINT('Ctrl Pts',(-793.223248703767,150.15332374966,50.3255278927953));
#3237=CARTESIAN_POINT('Ctrl Pts',(-783.71908710589,168.776411707723,49.6165582706067));
#3238=CARTESIAN_POINT('Ctrl Pts',(-772.686613711243,186.292577528737,48.7993211066639));
#3239=CARTESIAN_POINT('Ctrl Pts',(-746.916119131218,219.377892246779,47.019737261136));
#3240=CARTESIAN_POINT('Ctrl Pts',(-731.958446307467,234.80482442116,46.0589985034627));
#3241=CARTESIAN_POINT('Ctrl Pts',(-698.793001747233,261.45253767369,44.2497554511814));
#3242=CARTESIAN_POINT('Ctrl Pts',(-680.603763737376,272.701423026509,43.3684863530621));
#3243=CARTESIAN_POINT('Ctrl Pts',(-651.56904338848,284.644834753335,42.1877350993852));
#3244=CARTESIAN_POINT('Ctrl Pts',(-631.64680400922,290.91925530806,41.4546341964999));
#3245=CARTESIAN_POINT('Ctrl Pts',(-610.720830640875,293.154361215502,40.9037503015288));
#3246=CARTESIAN_POINT('Ctrl Pts',(-599.986991244593,293.167012447924,40.7143759124671));
#3247=CARTESIAN_POINT('Ctrl Pts',(-793.203005378167,150.221704883403,50.482223711299));
#3248=CARTESIAN_POINT('Ctrl Pts',(-783.576442193157,169.292256075803,50.8134856738543));
#3249=CARTESIAN_POINT('Ctrl Pts',(-772.620112453102,187.100964512929,50.9913105955875));
#3250=CARTESIAN_POINT('Ctrl Pts',(-747.140622231015,220.545640709999,51.1507010960976));
#3251=CARTESIAN_POINT('Ctrl Pts',(-732.405395954875,236.025319041382,51.115633883425));
#3252=CARTESIAN_POINT('Ctrl Pts',(-699.585345415514,262.622331193585,50.8963292099366));
#3253=CARTESIAN_POINT('Ctrl Pts',(-681.530892706248,273.776035406799,50.7060180415776));
#3254=CARTESIAN_POINT('Ctrl Pts',(-652.425252576714,285.594546040957,50.3913983822261));
#3255=CARTESIAN_POINT('Ctrl Pts',(-632.362053139305,291.790831486744,50.1743403974712));
#3256=CARTESIAN_POINT('Ctrl Pts',(-611.026504422852,293.980212612529,50.0272776294102));
#3257=CARTESIAN_POINT('Ctrl Pts',(-600.001894814734,293.97939823528,50.00000000022));
#3258=CARTESIAN_POINT('Ctrl Pts',(-600.001894814734,293.979398235261,50.0000000000002));
#3259=CARTESIAN_POINT('Ctrl Pts',(-599.988676352726,292.549820765299,33.6598547474929));
#3260=CARTESIAN_POINT('Ctrl Pts',(-599.973532307592,291.09770793473,17.0621291445707));
#3261=CARTESIAN_POINT('Ctrl Pts',(-599.939052293297,288.275692790449,-15.193651553737));
#3262=CARTESIAN_POINT('Ctrl Pts',(-599.919136048969,286.847049627537,-31.5231176278083));
#3263=CARTESIAN_POINT('Ctrl Pts',(-599.895673020616,285.451252821297,-47.4771481271532));
#3264=CARTESIAN_POINT('Origin',(-150.002317260521,14.695059723837,-49.0965353526886));
#3265=CARTESIAN_POINT('',(-156.002317260521,14.5606816860481,-47.5605873524193));
#3266=CARTESIAN_POINT('',(-156.002317260521,14.3799454018349,-45.4947621708554));
#3267=CARTESIAN_POINT('Ctrl Pts',(-599.597721564109,14.5606816860482,-47.5605873524196));
#3268=CARTESIAN_POINT('Ctrl Pts',(-525.482586796247,14.5606816860482,-47.5605873524196));
#3269=CARTESIAN_POINT('Ctrl Pts',(-451.367452028384,14.5606816860482,-47.5605873524196));
#3270=CARTESIAN_POINT('Ctrl Pts',(-303.502317260521,14.5606816860483,-47.5605873524196));
#3271=CARTESIAN_POINT('Ctrl Pts',(-229.752317260521,14.5606816860483,-47.5605873524196));
#3272=CARTESIAN_POINT('Ctrl Pts',(-156.002317260521,14.5606816860483,-47.5605873524196));
#3273=CARTESIAN_POINT('Ctrl Pts',(-150.002317260521,152.797597593667,-104.690912709408));
#3274=CARTESIAN_POINT('Ctrl Pts',(-604.502317260521,152.797597593667,-104.690912709408));
#3275=CARTESIAN_POINT('Ctrl Pts',(-150.002317260521,145.795148027155,-101.00406250602));
#3276=CARTESIAN_POINT('Ctrl Pts',(-604.502317260521,145.795148027155,-101.00406250602));
#3277=CARTESIAN_POINT('Ctrl Pts',(-150.002317260521,137.410513516619,-97.6971611603884));
#3278=CARTESIAN_POINT('Ctrl Pts',(-604.502317260521,137.410513516619,-97.6971611603884));
#3279=CARTESIAN_POINT('Ctrl Pts',(-150.002317260521,127.649865690544,-94.6774674704455));
#3280=CARTESIAN_POINT('Ctrl Pts',(-604.502317260521,127.649865690544,-94.6774674704455));
#3281=CARTESIAN_POINT('Ctrl Pts',(-150.002317260521,120.19376862364,-92.3707425823304));
#3282=CARTESIAN_POINT('Ctrl Pts',(-604.502317260521,120.193768623639,-92.3707425823304));
#3283=CARTESIAN_POINT('Ctrl Pts',(-150.002317260521,111.919009542379,-90.2389627678689));
#3284=CARTESIAN_POINT('Ctrl Pts',(-604.502317260521,111.919009542378,-90.2389627678689));
#3285=CARTESIAN_POINT('Ctrl Pts',(-150.002317260521,103.156598386614,-88.1817316964329));
#3286=CARTESIAN_POINT('Ctrl Pts',(-604.502317260521,103.156598386614,-88.1817316964329));
#3287=CARTESIAN_POINT('Ctrl Pts',(-150.002317260521,91.1803468799411,-85.3699580554924));
#3288=CARTESIAN_POINT('Ctrl Pts',(-604.502317260521,91.180346879941,-85.3699580554924));
#3289=CARTESIAN_POINT('Ctrl Pts',(-150.002317260521,78.3032122089695,-82.6956951509029));
#3290=CARTESIAN_POINT('Ctrl Pts',(-604.502317260521,78.3032122089694,-82.6956951509029));
#3291=CARTESIAN_POINT('Ctrl Pts',(-150.002317260521,66.6297566217605,-79.6083779304727));
#3292=CARTESIAN_POINT('Ctrl Pts',(-604.502317260521,66.6297566217604,-79.6083779304727));
#3293=CARTESIAN_POINT('Ctrl Pts',(-150.002317260521,59.3848251235874,-77.6922870516368));
#3294=CARTESIAN_POINT('Ctrl Pts',(-604.502317260521,59.3848251235873,-77.6922870516368));
#3295=CARTESIAN_POINT('Ctrl Pts',(-150.002317260521,52.6365477222282,-75.6101557615055));
#3296=CARTESIAN_POINT('Ctrl Pts',(-604.502317260521,52.6365477222281,-75.6101557615055));
#3297=CARTESIAN_POINT('Ctrl Pts',(-150.002317260521,46.7711998805701,-73.2679394914308));
#3298=CARTESIAN_POINT('Ctrl Pts',(-604.502317260521,46.77119988057,-73.2679394914308));
#3299=CARTESIAN_POINT('Ctrl Pts',(-150.002317260521,41.0971408695745,-71.0021108156738));
#3300=CARTESIAN_POINT('Ctrl Pts',(-604.502317260521,41.0971408695744,-71.0021108156738));
#3301=CARTESIAN_POINT('Ctrl Pts',(-150.002317260521,36.2693512482603,-68.5019378799342));
#3302=CARTESIAN_POINT('Ctrl Pts',(-604.502317260521,36.2693512482601,-68.5019378799342));
#3303=CARTESIAN_POINT('Ctrl Pts',(-150.002317260521,32.1463932783317,-65.7051443420939));
#3304=CARTESIAN_POINT('Ctrl Pts',(-604.502317260521,32.1463932783316,-65.7051443420939));
#3305=CARTESIAN_POINT('Ctrl Pts',(-150.002317260521,27.4448605448122,-62.5158767184708));
#3306=CARTESIAN_POINT('Ctrl Pts',(-604.502317260521,27.4448605448121,-62.5158767184708));
#3307=CARTESIAN_POINT('Ctrl Pts',(-150.002317260521,23.5883699191051,-58.9283938456217));
#3308=CARTESIAN_POINT('Ctrl Pts',(-604.502317260521,23.588369919105,-58.9283938456217));
#3309=CARTESIAN_POINT('Ctrl Pts',(-150.002317260521,20.0502070563292,-54.7840917201252));
#3310=CARTESIAN_POINT('Ctrl Pts',(-604.502317260521,20.0502070563291,-54.7840917201252));
#3311=CARTESIAN_POINT('Ctrl Pts',(-150.002317260521,17.8223805451939,-52.1746058079669));
#3312=CARTESIAN_POINT('Ctrl Pts',(-604.502317260521,17.8223805451938,-52.1746058079669));
#3313=CARTESIAN_POINT('Ctrl Pts',(-150.002317260521,15.7235596233653,-49.3458642629515));
#3314=CARTESIAN_POINT('Ctrl Pts',(-604.502317260521,15.7235596233652,-49.3458642629515));
#3315=CARTESIAN_POINT('Ctrl Pts',(-150.002317260521,13.7276327178203,-46.3175774299433));
#3316=CARTESIAN_POINT('Ctrl Pts',(-604.502317260521,13.7276327178202,-46.3175774299433));
#3317=CARTESIAN_POINT('',(-156.002317260521,150.002317260521,-103.274702315956));
#3318=CARTESIAN_POINT('Ctrl Pts',(-156.002317260521,150.002317260517,-103.274702315964));
#3319=CARTESIAN_POINT('Ctrl Pts',(-156.002317260521,137.671049716365,-97.25928802832));
#3320=CARTESIAN_POINT('Ctrl Pts',(-156.002317260521,123.029626918033,-93.0402065095483));
#3321=CARTESIAN_POINT('Ctrl Pts',(-156.002317260521,87.6078683641126,-84.3099743893244));
#3322=CARTESIAN_POINT('Ctrl Pts',(-156.002317260521,65.1486407166446,-80.3712729989921));
#3323=CARTESIAN_POINT('Ctrl Pts',(-156.002317260521,39.3770098678265,-70.4208239264491));
#3324=CARTESIAN_POINT('Ctrl Pts',(-156.002317260521,32.9687452593808,-66.7635918930284));
#3325=CARTESIAN_POINT('Ctrl Pts',(-156.002317260521,24.570302422738,-59.7610748713337));
#3326=CARTESIAN_POINT('Ctrl Pts',(-156.002317260521,19.8482235136175,-55.3193741704391));
#3327=CARTESIAN_POINT('Ctrl Pts',(-156.002317260521,14.5606816860481,-47.5605873524193));
#3328=CARTESIAN_POINT('Ctrl Pts',(-600.068643659545,150.002317260521,-103.274702315966));
#3329=CARTESIAN_POINT('Ctrl Pts',(-525.79653485987,150.002317260521,-103.274702315966));
#3330=CARTESIAN_POINT('Ctrl Pts',(-451.524426060195,150.002317260521,-103.274702315966));
#3331=CARTESIAN_POINT('Ctrl Pts',(-303.502317260521,150.002317260521,-103.274702315966));
#3332=CARTESIAN_POINT('Ctrl Pts',(-229.752317260521,150.002317260521,-103.274702315966));
#3333=CARTESIAN_POINT('Ctrl Pts',(-156.002317260521,150.002317260521,-103.274702315966));
#3334=CARTESIAN_POINT('Ctrl Pts',(-150.002317260521,286.277001803221,-46.3175774299433));
#3335=CARTESIAN_POINT('Ctrl Pts',(-604.502317260521,286.277001803221,-46.3175774299433));
#3336=CARTESIAN_POINT('Ctrl Pts',(-150.002317260521,283.355048621418,-50.7508621973058));
#3337=CARTESIAN_POINT('Ctrl Pts',(-604.502317260521,283.355048621418,-50.7508621973058));
#3338=CARTESIAN_POINT('Ctrl Pts',(-150.002317260521,280.233481059651,-54.7448837226403));
#3339=CARTESIAN_POINT('Ctrl Pts',(-604.502317260521,280.233481059651,-54.7448837226403));
#3340=CARTESIAN_POINT('Ctrl Pts',(-150.002317260521,276.755632895454,-58.2791372656811));
#3341=CARTESIAN_POINT('Ctrl Pts',(-604.502317260521,276.755632895454,-58.2791372656811));
#3342=CARTESIAN_POINT('Ctrl Pts',(-150.002317260521,272.948240274962,-62.1482799721539));
#3343=CARTESIAN_POINT('Ctrl Pts',(-604.502317260521,272.948240274962,-62.1482799721539));
#3344=CARTESIAN_POINT('Ctrl Pts',(-150.002317260521,268.67372333579,-65.4927179939368));
#3345=CARTESIAN_POINT('Ctrl Pts',(-604.502317260521,268.67372333579,-65.4927179939368));
#3346=CARTESIAN_POINT('Ctrl Pts',(-150.002317260521,263.360945810146,-68.4842484418463));
#3347=CARTESIAN_POINT('Ctrl Pts',(-604.502317260521,263.360945810146,-68.4842484418463));
#3348=CARTESIAN_POINT('Ctrl Pts',(-150.002317260521,258.833004437479,-71.0338516234781));
#3349=CARTESIAN_POINT('Ctrl Pts',(-604.502317260521,258.833004437479,-71.0338516234781));
#3350=CARTESIAN_POINT('Ctrl Pts',(-150.002317260521,253.518818632117,-73.3222110439494));
#3351=CARTESIAN_POINT('Ctrl Pts',(-604.502317260521,253.518818632117,-73.3222110439494));
#3352=CARTESIAN_POINT('Ctrl Pts',(-150.002317260521,247.468358481434,-75.3993095000912));
#3353=CARTESIAN_POINT('Ctrl Pts',(-604.502317260521,247.468358481434,-75.3993095000912));
#3354=CARTESIAN_POINT('Ctrl Pts',(-150.002317260521,238.118260920998,-78.6091601104393));
#3355=CARTESIAN_POINT('Ctrl Pts',(-604.502317260521,238.118260920998,-78.6091601104393));
#3356=CARTESIAN_POINT('Ctrl Pts',(-150.002317260521,227.044716192362,-81.2998378015062));
#3357=CARTESIAN_POINT('Ctrl Pts',(-604.502317260521,227.044716192362,-81.2998378015062));
#3358=CARTESIAN_POINT('Ctrl Pts',(-150.002317260521,215.807509188277,-83.8618231370919));
#3359=CARTESIAN_POINT('Ctrl Pts',(-604.502317260521,215.807509188277,-83.8618231370919));
#3360=CARTESIAN_POINT('Ctrl Pts',(-150.002317260521,206.667294992213,-85.9457123745078));
#3361=CARTESIAN_POINT('Ctrl Pts',(-604.502317260521,206.667294992213,-85.9457123745078));
#3362=CARTESIAN_POINT('Ctrl Pts',(-150.002317260521,197.47186758121,-87.9599998595131));
#3363=CARTESIAN_POINT('Ctrl Pts',(-604.502317260521,197.47186758121,-87.9599998595131));
#3364=CARTESIAN_POINT('Ctrl Pts',(-150.002317260521,188.934730957024,-90.0954036389752));
#3365=CARTESIAN_POINT('Ctrl Pts',(-604.502317260521,188.934730957024,-90.0954036389752));
#3366=CARTESIAN_POINT('Ctrl Pts',(-150.002317260521,179.561714749226,-92.4398869377887));
#3367=CARTESIAN_POINT('Ctrl Pts',(-604.502317260521,179.561714749225,-92.4398869377887));
#3368=CARTESIAN_POINT('Ctrl Pts',(-150.002317260521,170.980704075951,-94.9285488257129));
#3369=CARTESIAN_POINT('Ctrl Pts',(-604.502317260521,170.980704075951,-94.9285488257129));
#3370=CARTESIAN_POINT('Ctrl Pts',(-150.002317260521,163.440270022505,-97.654286087688));
#3371=CARTESIAN_POINT('Ctrl Pts',(-604.502317260521,163.440270022505,-97.654286087688));
#3372=CARTESIAN_POINT('Ctrl Pts',(-150.002317260521,157.384320534774,-99.8434077030148));
#3373=CARTESIAN_POINT('Ctrl Pts',(-604.502317260521,157.384320534774,-99.8434077030148));
#3374=CARTESIAN_POINT('Ctrl Pts',(-150.002317260521,151.978513581613,-102.178689021676));
#3375=CARTESIAN_POINT('Ctrl Pts',(-604.502317260521,151.978513581613,-102.178689021676));
#3376=CARTESIAN_POINT('Ctrl Pts',(-150.002317260521,147.207036927374,-104.690912709408));
#3377=CARTESIAN_POINT('Ctrl Pts',(-604.502317260521,147.207036927374,-104.690912709408));
#3378=CARTESIAN_POINT('',(-156.002317260521,285.443952834993,-47.5605873524194));
#3379=CARTESIAN_POINT('Ctrl Pts',(-156.002317260521,285.444850165405,-47.5601275211076));
#3380=CARTESIAN_POINT('Ctrl Pts',(-156.002317260521,282.763099832719,-51.500112443348));
#3381=CARTESIAN_POINT('Ctrl Pts',(-156.002317260521,279.905490809002,-55.0781934735871));
#3382=CARTESIAN_POINT('Ctrl Pts',(-156.002317260521,276.755632895454,-58.2791372656811));
#3383=CARTESIAN_POINT('Ctrl Pts',(-156.002317260521,272.948240274962,-62.1482799721539));
#3384=CARTESIAN_POINT('Ctrl Pts',(-156.002317260521,268.67372333579,-65.4927179939368));
#3385=CARTESIAN_POINT('Ctrl Pts',(-156.002317260521,263.360945810146,-68.4842484418463));
#3386=CARTESIAN_POINT('Ctrl Pts',(-156.002317260521,258.833004437479,-71.0338516234781));
#3387=CARTESIAN_POINT('Ctrl Pts',(-156.002317260521,253.518818632117,-73.3222110439494));
#3388=CARTESIAN_POINT('Ctrl Pts',(-156.002317260521,247.468358481434,-75.3993095000912));
#3389=CARTESIAN_POINT('Ctrl Pts',(-156.002317260521,238.118260920998,-78.6091601104393));
#3390=CARTESIAN_POINT('Ctrl Pts',(-156.002317260521,227.044716192362,-81.2998378015062));
#3391=CARTESIAN_POINT('Ctrl Pts',(-156.002317260521,215.807509188277,-83.8618231370919));
#3392=CARTESIAN_POINT('Ctrl Pts',(-156.002317260521,206.667294992213,-85.9457123745078));
#3393=CARTESIAN_POINT('Ctrl Pts',(-156.002317260521,197.47186758121,-87.9599998595131));
#3394=CARTESIAN_POINT('Ctrl Pts',(-156.002317260521,188.934730957024,-90.0954036389752));
#3395=CARTESIAN_POINT('Ctrl Pts',(-156.002317260521,179.561714749226,-92.4398869377887));
#3396=CARTESIAN_POINT('Ctrl Pts',(-156.002317260521,170.980704075951,-94.9285488257129));
#3397=CARTESIAN_POINT('Ctrl Pts',(-156.002317260521,163.440270022505,-97.654286087688));
#3398=CARTESIAN_POINT('Ctrl Pts',(-156.002317260521,158.537744025659,-99.4264649427363));
#3399=CARTESIAN_POINT('Ctrl Pts',(-156.002317260521,154.061290919284,-101.294430004591));
#3400=CARTESIAN_POINT('Ctrl Pts',(-156.002317260521,150.002521779348,-103.274512515093));
#3401=CARTESIAN_POINT('Ctrl Pts',(-599.59772156411,285.443952834993,-47.5605873524194));
#3402=CARTESIAN_POINT('Ctrl Pts',(-525.482586796247,285.443952834993,-47.5605873524194));
#3403=CARTESIAN_POINT('Ctrl Pts',(-451.367452028384,285.443952834993,-47.5605873524194));
#3404=CARTESIAN_POINT('Ctrl Pts',(-303.502317260521,285.443952834993,-47.5605873524194));
#3405=CARTESIAN_POINT('Ctrl Pts',(-229.752317260521,285.443952834993,-47.5605873524194));
#3406=CARTESIAN_POINT('Ctrl Pts',(-156.002317260521,285.443952834993,-47.5605873524194));
#3407=CARTESIAN_POINT('Origin',(-150.002317260521,294.02514907197,50.5229344564859));
#3408=CARTESIAN_POINT('',(-156.002317260521,289.98247625659,4.31497273373193));
#3409=CARTESIAN_POINT('Origin',(-156.002317260521,150.002317260521,-30.));
#3410=CARTESIAN_POINT('Origin',(-150.002317260521,150.002317260521,-30.));
#3411=CARTESIAN_POINT('',(-150.002317260521,0.00231726052076553,50.));
#3412=CARTESIAN_POINT('',(-150.002317260521,8.71789153528654,-49.6194698091746));
#3413=CARTESIAN_POINT('',(-150.002317260521,0.00231726052076553,50.));
#3414=CARTESIAN_POINT('',(-150.002317260521,150.002317260521,-110.));
#3415=CARTESIAN_POINT('Ctrl Pts',(-150.002317260521,8.71789153528654,-49.6194698091746));
#3416=CARTESIAN_POINT('Ctrl Pts',(-150.002317260521,9.70572237701505,-51.1182396904438));
#3417=CARTESIAN_POINT('Ctrl Pts',(-150.002317260521,11.7279801599327,-54.0457301129659));
#3418=CARTESIAN_POINT('Ctrl Pts',(-150.002317260521,14.9011965196111,-58.2268130222967));
#3419=CARTESIAN_POINT('Ctrl Pts',(-150.002317260521,19.469305422892,-63.3791024357288));
#3420=CARTESIAN_POINT('Ctrl Pts',(-150.002317260521,26.0439799570559,-69.1094374206531));
#3421=CARTESIAN_POINT('Ctrl Pts',(-150.002317260521,33.8089762380987,-74.1371337237355));
#3422=CARTESIAN_POINT('Ctrl Pts',(-150.002317260521,42.9931017849206,-78.4957375407791));
#3423=CARTESIAN_POINT('Ctrl Pts',(-150.002317260521,53.562077153369,-82.2669505079227));
#3424=CARTESIAN_POINT('Ctrl Pts',(-150.002317260521,65.2382287443599,-85.5728375037969));
#3425=CARTESIAN_POINT('Ctrl Pts',(-150.002317260521,77.604171949084,-88.5548949982952));
#3426=CARTESIAN_POINT('Ctrl Pts',(-150.002317260521,90.1706980734059,-91.3597415464974));
#3427=CARTESIAN_POINT('Ctrl Pts',(-150.002317260521,102.455640208428,-94.1232478497907));
#3428=CARTESIAN_POINT('Ctrl Pts',(-150.002317260521,114.052289805981,-96.9567973551372));
#3429=CARTESIAN_POINT('Ctrl Pts',(-150.002317260521,124.715094045691,-99.9300132531816));
#3430=CARTESIAN_POINT('Ctrl Pts',(-150.002317260521,134.324974709745,-103.0793848889));
#3431=CARTESIAN_POINT('Ctrl Pts',(-150.002317260521,141.139031491752,-105.751512179681));
#3432=CARTESIAN_POINT('Ctrl Pts',(-150.002317260521,145.759782834155,-107.842288210564));
#3433=CARTESIAN_POINT('Ctrl Pts',(-150.002317260521,148.624159418693,-109.274387987921));
#3434=CARTESIAN_POINT('Ctrl Pts',(-150.002317260521,150.002317260521,-110.));
#3435=CARTESIAN_POINT('',(-150.002317260521,291.286742985755,-49.6194698091746));
#3436=CARTESIAN_POINT('Ctrl Pts',(-150.002317260521,291.286742985755,-49.6194698091746));
#3437=CARTESIAN_POINT('Ctrl Pts',(-150.002317260521,290.298912144026,-51.1182396904438));
#3438=CARTESIAN_POINT('Ctrl Pts',(-150.002317260521,288.276654361109,-54.0457301129659));
#3439=CARTESIAN_POINT('Ctrl Pts',(-150.002317260521,285.10343800143,-58.2268130222967));
#3440=CARTESIAN_POINT('Ctrl Pts',(-150.002317260521,280.53532909815,-63.3791024357288));
#3441=CARTESIAN_POINT('Ctrl Pts',(-150.002317260521,273.960654563986,-69.1094374206531));
#3442=CARTESIAN_POINT('Ctrl Pts',(-150.002317260521,266.195658282943,-74.1371337237355));
#3443=CARTESIAN_POINT('Ctrl Pts',(-150.002317260521,257.011532736121,-78.4957375407791));
#3444=CARTESIAN_POINT('Ctrl Pts',(-150.002317260521,246.442557367673,-82.2669505079227));
#3445=CARTESIAN_POINT('Ctrl Pts',(-150.002317260521,234.766405776682,-85.5728375037969));
#3446=CARTESIAN_POINT('Ctrl Pts',(-150.002317260521,222.400462571958,-88.5548949982952));
#3447=CARTESIAN_POINT('Ctrl Pts',(-150.002317260521,209.833936447636,-91.3597415464974));
#3448=CARTESIAN_POINT('Ctrl Pts',(-150.002317260521,197.548994312613,-94.1232478497907));
#3449=CARTESIAN_POINT('Ctrl Pts',(-150.002317260521,185.95234471506,-96.9567973551372));
#3450=CARTESIAN_POINT('Ctrl Pts',(-150.002317260521,175.289540475351,-99.9300132531816));
#3451=CARTESIAN_POINT('Ctrl Pts',(-150.002317260521,165.679659811297,-103.0793848889));
#3452=CARTESIAN_POINT('Ctrl Pts',(-150.002317260521,158.865603029289,-105.751512179681));
#3453=CARTESIAN_POINT('Ctrl Pts',(-150.002317260521,154.244851686886,-107.842288210564));
#3454=CARTESIAN_POINT('Ctrl Pts',(-150.002317260521,151.380475102348,-109.274387987921));
#3455=CARTESIAN_POINT('Ctrl Pts',(-150.002317260521,150.002317260521,-110.));
#3456=CARTESIAN_POINT('',(-150.002317260521,300.002317260521,50.));
#3457=CARTESIAN_POINT('',(-150.002317260521,300.002317260521,50.));
#3458=CARTESIAN_POINT('',(-150.002317260521,300.002317260521,55.));
#3459=CARTESIAN_POINT('',(-150.002317260521,300.002317260521,50.));
#3460=CARTESIAN_POINT('',(-150.002317260521,0.00231726052076553,55.));
#3461=CARTESIAN_POINT('',(-150.002317260521,0.00231726052076553,55.));
#3462=CARTESIAN_POINT('',(-150.002317260521,0.00231726052076553,50.));
#3463=CARTESIAN_POINT('Origin',(-150.002317260521,300.002317260521,50.));
#3464=CARTESIAN_POINT('',(-600.002317260521,291.286742985755,-49.6194698091746));
#3465=CARTESIAN_POINT('',(-150.002317260521,291.286742985755,-49.6194698091746));
#3466=CARTESIAN_POINT('',(-600.002317260521,300.002317260521,50.));
#3467=CARTESIAN_POINT('',(-600.002317260521,300.002317260521,50.));
#3468=CARTESIAN_POINT('',(-150.002317260521,300.002317260521,50.));
#3469=CARTESIAN_POINT('Ctrl Pts',(-150.002317260521,291.286742985755,-49.6194698091746));
#3470=CARTESIAN_POINT('Ctrl Pts',(-600.002317260521,291.286742985755,-49.6194698091746));
#3471=CARTESIAN_POINT('Ctrl Pts',(-150.002317260521,290.298912144026,-51.1182396904438));
#3472=CARTESIAN_POINT('Ctrl Pts',(-600.002317260521,290.298912144026,-51.1182396904438));
#3473=CARTESIAN_POINT('Ctrl Pts',(-150.002317260521,288.276654361109,-54.0457301129659));
#3474=CARTESIAN_POINT('Ctrl Pts',(-600.002317260521,288.276654361109,-54.0457301129659));
#3475=CARTESIAN_POINT('Ctrl Pts',(-150.002317260521,285.10343800143,-58.2268130222967));
#3476=CARTESIAN_POINT('Ctrl Pts',(-600.002317260521,285.10343800143,-58.2268130222967));
#3477=CARTESIAN_POINT('Ctrl Pts',(-150.002317260521,280.53532909815,-63.3791024357288));
#3478=CARTESIAN_POINT('Ctrl Pts',(-600.002317260521,280.535329098149,-63.3791024357288));
#3479=CARTESIAN_POINT('Ctrl Pts',(-150.002317260521,273.960654563986,-69.1094374206531));
#3480=CARTESIAN_POINT('Ctrl Pts',(-600.002317260521,273.960654563985,-69.1094374206531));
#3481=CARTESIAN_POINT('Ctrl Pts',(-150.002317260521,266.195658282943,-74.1371337237355));
#3482=CARTESIAN_POINT('Ctrl Pts',(-600.002317260521,266.195658282943,-74.1371337237355));
#3483=CARTESIAN_POINT('Ctrl Pts',(-150.002317260521,257.011532736121,-78.4957375407791));
#3484=CARTESIAN_POINT('Ctrl Pts',(-600.002317260521,257.011532736121,-78.4957375407791));
#3485=CARTESIAN_POINT('Ctrl Pts',(-150.002317260521,246.442557367673,-82.2669505079227));
#3486=CARTESIAN_POINT('Ctrl Pts',(-600.002317260521,246.442557367672,-82.2669505079227));
#3487=CARTESIAN_POINT('Ctrl Pts',(-150.002317260521,234.766405776682,-85.5728375037969));
#3488=CARTESIAN_POINT('Ctrl Pts',(-600.002317260521,234.766405776681,-85.5728375037969));
#3489=CARTESIAN_POINT('Ctrl Pts',(-150.002317260521,222.400462571958,-88.5548949982952));
#3490=CARTESIAN_POINT('Ctrl Pts',(-600.002317260521,222.400462571957,-88.5548949982952));
#3491=CARTESIAN_POINT('Ctrl Pts',(-150.002317260521,209.833936447636,-91.3597415464974));
#3492=CARTESIAN_POINT('Ctrl Pts',(-600.002317260521,209.833936447635,-91.3597415464974));
#3493=CARTESIAN_POINT('Ctrl Pts',(-150.002317260521,197.548994312613,-94.1232478497907));
#3494=CARTESIAN_POINT('Ctrl Pts',(-600.002317260521,197.548994312613,-94.1232478497907));
#3495=CARTESIAN_POINT('Ctrl Pts',(-150.002317260521,185.95234471506,-96.9567973551372));
#3496=CARTESIAN_POINT('Ctrl Pts',(-600.002317260521,185.95234471506,-96.9567973551372));
#3497=CARTESIAN_POINT('Ctrl Pts',(-150.002317260521,175.289540475351,-99.9300132531816));
#3498=CARTESIAN_POINT('Ctrl Pts',(-600.002317260521,175.289540475351,-99.9300132531816));
#3499=CARTESIAN_POINT('Ctrl Pts',(-150.002317260521,165.679659811297,-103.0793848889));
#3500=CARTESIAN_POINT('Ctrl Pts',(-600.002317260521,165.679659811297,-103.0793848889));
#3501=CARTESIAN_POINT('Ctrl Pts',(-150.002317260521,158.865603029289,-105.751512179681));
#3502=CARTESIAN_POINT('Ctrl Pts',(-600.002317260521,158.865603029289,-105.751512179681));
#3503=CARTESIAN_POINT('Ctrl Pts',(-150.002317260521,154.244851686886,-107.842288210564));
#3504=CARTESIAN_POINT('Ctrl Pts',(-600.002317260521,154.244851686886,-107.842288210564));
#3505=CARTESIAN_POINT('Ctrl Pts',(-150.002317260521,151.380475102348,-109.274387987921));
#3506=CARTESIAN_POINT('Ctrl Pts',(-600.002317260521,151.380475102348,-109.274387987921));
#3507=CARTESIAN_POINT('Ctrl Pts',(-150.002317260521,150.002317260521,-110.));
#3508=CARTESIAN_POINT('Ctrl Pts',(-600.002317260521,150.002317260521,-110.));
#3509=CARTESIAN_POINT('',(-600.002317260521,150.002317260521,-110.));
#3510=CARTESIAN_POINT('',(-150.002317260521,150.002317260521,-110.));
#3511=CARTESIAN_POINT('',(-600.002317260521,158.718808666177,-105.922415406782));
#3512=CARTESIAN_POINT('Ctrl Pts',(-600.002317260521,158.718808666177,-105.922415406782));
#3513=CARTESIAN_POINT('Ctrl Pts',(-600.002317260521,158.459109589791,-106.030978206364));
#3514=CARTESIAN_POINT('Ctrl Pts',(-600.002317260521,156.579992181055,-106.822487613869));
#3515=CARTESIAN_POINT('Ctrl Pts',(-600.002317260521,154.773991102132,-107.626898788868));
#3516=CARTESIAN_POINT('Ctrl Pts',(-600.002317260521,153.040920081811,-108.444216809229));
#3517=CARTESIAN_POINT('Ctrl Pts',(-600.002317260521,151.380475102348,-109.274387987921));
#3518=CARTESIAN_POINT('Ctrl Pts',(-600.002317260521,150.002317260521,-110.));
#3519=CARTESIAN_POINT('Ctrl Pts',(-600.002317260521,291.286742985755,-49.6194698091746));
#3520=CARTESIAN_POINT('Ctrl Pts',(-600.002317260521,290.298912144026,-51.1182396904438));
#3521=CARTESIAN_POINT('Ctrl Pts',(-600.002317260521,288.276654361109,-54.0457301129659));
#3522=CARTESIAN_POINT('Ctrl Pts',(-600.002317260521,285.10343800143,-58.2268130222967));
#3523=CARTESIAN_POINT('Ctrl Pts',(-600.002317260521,280.535329098149,-63.3791024357288));
#3524=CARTESIAN_POINT('Ctrl Pts',(-600.002317260521,273.960654563985,-69.1094374206531));
#3525=CARTESIAN_POINT('Ctrl Pts',(-600.002317260521,266.195658282943,-74.1371337237355));
#3526=CARTESIAN_POINT('Ctrl Pts',(-600.002317260521,257.011532736121,-78.4957375407791));
#3527=CARTESIAN_POINT('Ctrl Pts',(-600.002317260521,246.442557367672,-82.2669505079227));
#3528=CARTESIAN_POINT('Ctrl Pts',(-600.002317260521,234.766405776681,-85.5728375037969));
#3529=CARTESIAN_POINT('Ctrl Pts',(-600.002317260521,222.400462571957,-88.5548949982952));
#3530=CARTESIAN_POINT('Ctrl Pts',(-600.002317260521,209.833936447635,-91.3597415464974));
#3531=CARTESIAN_POINT('Ctrl Pts',(-600.002317260521,197.548994312613,-94.1232478497907));
#3532=CARTESIAN_POINT('Ctrl Pts',(-600.002317260521,185.95234471506,-96.9567973551372));
#3533=CARTESIAN_POINT('Ctrl Pts',(-600.002317260521,175.62941985924,-99.8352412996806));
#3534=CARTESIAN_POINT('Ctrl Pts',(-600.002317260521,168.215607593617,-102.248960368433));
#3535=CARTESIAN_POINT('Ctrl Pts',(-600.002317260521,163.172018005528,-104.110869826336));
#3536=CARTESIAN_POINT('Ctrl Pts',(-600.002317260521,160.088582010889,-105.349804863977));
#3537=CARTESIAN_POINT('Ctrl Pts',(-600.002317260521,158.718808666177,-105.922415406782));
#3538=CARTESIAN_POINT('Ctrl Pts',(-150.002317260521,150.002317260521,-110.));
#3539=CARTESIAN_POINT('Ctrl Pts',(-600.002317260521,150.002317260521,-110.));
#3540=CARTESIAN_POINT('Ctrl Pts',(-150.002317260521,148.624159418693,-109.274387987921));
#3541=CARTESIAN_POINT('Ctrl Pts',(-600.002317260521,148.624159418693,-109.274387987921));
#3542=CARTESIAN_POINT('Ctrl Pts',(-150.002317260521,145.759782834155,-107.842288210564));
#3543=CARTESIAN_POINT('Ctrl Pts',(-600.002317260521,145.759782834155,-107.842288210564));
#3544=CARTESIAN_POINT('Ctrl Pts',(-150.002317260521,141.139031491752,-105.751512179681));
#3545=CARTESIAN_POINT('Ctrl Pts',(-600.002317260521,141.139031491752,-105.751512179681));
#3546=CARTESIAN_POINT('Ctrl Pts',(-150.002317260521,134.324974709745,-103.0793848889));
#3547=CARTESIAN_POINT('Ctrl Pts',(-600.002317260521,134.324974709745,-103.0793848889));
#3548=CARTESIAN_POINT('Ctrl Pts',(-150.002317260521,124.715094045691,-99.9300132531816));
#3549=CARTESIAN_POINT('Ctrl Pts',(-600.002317260521,124.715094045691,-99.9300132531816));
#3550=CARTESIAN_POINT('Ctrl Pts',(-150.002317260521,114.052289805981,-96.9567973551372));
#3551=CARTESIAN_POINT('Ctrl Pts',(-600.002317260521,114.052289805981,-96.9567973551372));
#3552=CARTESIAN_POINT('Ctrl Pts',(-150.002317260521,102.455640208428,-94.1232478497907));
#3553=CARTESIAN_POINT('Ctrl Pts',(-600.002317260521,102.455640208428,-94.1232478497907));
#3554=CARTESIAN_POINT('Ctrl Pts',(-150.002317260521,90.1706980734059,-91.3597415464974));
#3555=CARTESIAN_POINT('Ctrl Pts',(-600.002317260521,90.1706980734058,-91.3597415464974));
#3556=CARTESIAN_POINT('Ctrl Pts',(-150.002317260521,77.604171949084,-88.5548949982952));
#3557=CARTESIAN_POINT('Ctrl Pts',(-600.002317260521,77.6041719490839,-88.5548949982952));
#3558=CARTESIAN_POINT('Ctrl Pts',(-150.002317260521,65.2382287443599,-85.5728375037969));
#3559=CARTESIAN_POINT('Ctrl Pts',(-600.002317260521,65.2382287443598,-85.5728375037969));
#3560=CARTESIAN_POINT('Ctrl Pts',(-150.002317260521,53.562077153369,-82.2669505079227));
#3561=CARTESIAN_POINT('Ctrl Pts',(-600.002317260521,53.5620771533689,-82.2669505079227));
#3562=CARTESIAN_POINT('Ctrl Pts',(-150.002317260521,42.9931017849206,-78.4957375407791));
#3563=CARTESIAN_POINT('Ctrl Pts',(-600.002317260521,42.9931017849205,-78.4957375407791));
#3564=CARTESIAN_POINT('Ctrl Pts',(-150.002317260521,33.8089762380987,-74.1371337237355));
#3565=CARTESIAN_POINT('Ctrl Pts',(-600.002317260521,33.8089762380986,-74.1371337237355));
#3566=CARTESIAN_POINT('Ctrl Pts',(-150.002317260521,26.0439799570559,-69.1094374206531));
#3567=CARTESIAN_POINT('Ctrl Pts',(-600.002317260521,26.0439799570559,-69.1094374206531));
#3568=CARTESIAN_POINT('Ctrl Pts',(-150.002317260521,19.469305422892,-63.3791024357288));
#3569=CARTESIAN_POINT('Ctrl Pts',(-600.002317260521,19.4693054228919,-63.3791024357288));
#3570=CARTESIAN_POINT('Ctrl Pts',(-150.002317260521,14.9011965196111,-58.2268130222967));
#3571=CARTESIAN_POINT('Ctrl Pts',(-600.002317260521,14.901196519611,-58.2268130222967));
#3572=CARTESIAN_POINT('Ctrl Pts',(-150.002317260521,11.7279801599327,-54.0457301129659));
#3573=CARTESIAN_POINT('Ctrl Pts',(-600.002317260521,11.7279801599326,-54.0457301129659));
#3574=CARTESIAN_POINT('Ctrl Pts',(-150.002317260521,9.70572237701505,-51.1182396904438));
#3575=CARTESIAN_POINT('Ctrl Pts',(-600.002317260521,9.70572237701495,-51.1182396904438));
#3576=CARTESIAN_POINT('Ctrl Pts',(-150.002317260521,8.71789153528654,-49.6194698091746));
#3577=CARTESIAN_POINT('Ctrl Pts',(-600.002317260521,8.71789153528644,-49.6194698091746));
#3578=CARTESIAN_POINT('',(-600.002317260521,8.71789153528644,-49.6194698091746));
#3579=CARTESIAN_POINT('',(-150.002317260521,8.71789153528654,-49.6194698091746));
#3580=CARTESIAN_POINT('',(-600.002317260521,141.285825854865,-105.922415406782));
#3581=CARTESIAN_POINT('Ctrl Pts',(-600.002317260521,141.285825854865,-105.922415406782));
#3582=CARTESIAN_POINT('Ctrl Pts',(-600.002317260521,139.916052510152,-105.349804863977));
#3583=CARTESIAN_POINT('Ctrl Pts',(-600.002317260521,136.832616515514,-104.110869826336));
#3584=CARTESIAN_POINT('Ctrl Pts',(-600.002317260521,131.789026927425,-102.248960368433));
#3585=CARTESIAN_POINT('Ctrl Pts',(-600.002317260521,124.375214661802,-99.8352412996806));
#3586=CARTESIAN_POINT('Ctrl Pts',(-600.002317260521,114.052289805981,-96.9567973551372));
#3587=CARTESIAN_POINT('Ctrl Pts',(-600.002317260521,102.455640208428,-94.1232478497907));
#3588=CARTESIAN_POINT('Ctrl Pts',(-600.002317260521,90.1706980734058,-91.3597415464974));
#3589=CARTESIAN_POINT('Ctrl Pts',(-600.002317260521,77.6041719490839,-88.5548949982952));
#3590=CARTESIAN_POINT('Ctrl Pts',(-600.002317260521,65.2382287443598,-85.5728375037969));
#3591=CARTESIAN_POINT('Ctrl Pts',(-600.002317260521,53.5620771533689,-82.2669505079227));
#3592=CARTESIAN_POINT('Ctrl Pts',(-600.002317260521,42.9931017849205,-78.4957375407791));
#3593=CARTESIAN_POINT('Ctrl Pts',(-600.002317260521,33.8089762380985,-74.1371337237355));
#3594=CARTESIAN_POINT('Ctrl Pts',(-600.002317260521,26.0439799570558,-69.1094374206531));
#3595=CARTESIAN_POINT('Ctrl Pts',(-600.002317260521,19.4693054228919,-63.3791024357288));
#3596=CARTESIAN_POINT('Ctrl Pts',(-600.002317260521,14.901196519611,-58.2268130222967));
#3597=CARTESIAN_POINT('Ctrl Pts',(-600.002317260521,11.7279801599326,-54.0457301129659));
#3598=CARTESIAN_POINT('Ctrl Pts',(-600.002317260521,9.70572237701495,-51.1182396904438));
#3599=CARTESIAN_POINT('Ctrl Pts',(-600.002317260521,8.71789153528644,-49.6194698091746));
#3600=CARTESIAN_POINT('Ctrl Pts',(-600.002317260521,150.002317260521,-110.));
#3601=CARTESIAN_POINT('Ctrl Pts',(-600.002317260521,148.624159418693,-109.274387987921));
#3602=CARTESIAN_POINT('Ctrl Pts',(-600.002317260521,146.963714439231,-108.444216809229));
#3603=CARTESIAN_POINT('Ctrl Pts',(-600.002317260521,145.23064341891,-107.626898788868));
#3604=CARTESIAN_POINT('Ctrl Pts',(-600.002317260521,143.424642339986,-106.822487613869));
#3605=CARTESIAN_POINT('Ctrl Pts',(-600.002317260521,141.54552493125,-106.030978206364));
#3606=CARTESIAN_POINT('Ctrl Pts',(-600.002317260521,141.285825854865,-105.922415406782));
#3607=CARTESIAN_POINT('Origin',(-150.002317260521,8.71789153528654,-49.6194698091746));
#3608=CARTESIAN_POINT('',(-600.002317260521,0.00231726052065895,50.));
#3609=CARTESIAN_POINT('',(-150.002317260521,0.00231726052076553,50.));
#3610=CARTESIAN_POINT('',(-600.002317260521,0.00231726052065895,50.));
#3611=CARTESIAN_POINT('Ctrl Pts',(-800.002317260521,150.002317260521,50.));
#3612=CARTESIAN_POINT('Ctrl Pts',(-794.367421880874,160.29070248536,43.3706336797949));
#3613=CARTESIAN_POINT('Ctrl Pts',(-784.712312084343,175.602236123675,32.828629464543));
#3614=CARTESIAN_POINT('Ctrl Pts',(-766.780350796912,198.373224068396,15.9073152746816));
#3615=CARTESIAN_POINT('Ctrl Pts',(-748.010583488816,218.496847393101,0.132989532832002));
#3616=CARTESIAN_POINT('Ctrl Pts',(-725.234842060497,237.958230202125,-14.6787371796883));
#3617=CARTESIAN_POINT('Ctrl Pts',(-695.284958412393,258.742496599803,-28.712254281562));
#3618=CARTESIAN_POINT('Ctrl Pts',(-669.62526989484,272.623311542398,-36.8510244347641));
#3619=CARTESIAN_POINT('Ctrl Pts',(-648.332243144016,281.105031390682,-41.3843736575296));
#3620=CARTESIAN_POINT('Ctrl Pts',(-634.426649047319,285.824088039965,-43.9148895070825));
#3621=CARTESIAN_POINT('Ctrl Pts',(-617.78074945164,289.923132431209,-46.4554654379232));
#3622=CARTESIAN_POINT('Ctrl Pts',(-605.660499173637,291.18477639735,-48.4625736255703));
#3623=CARTESIAN_POINT('Ctrl Pts',(-600.002317260521,291.286742985755,-49.6194698091746));
#3624=CARTESIAN_POINT('Ctrl Pts',(-800.002317260521,150.002317260521,50.));
#3625=CARTESIAN_POINT('Ctrl Pts',(-793.987987666645,161.41430798102,45.5804224531966));
#3626=CARTESIAN_POINT('Ctrl Pts',(-784.280695537252,177.9874911891,38.4389947280953));
#3627=CARTESIAN_POINT('Ctrl Pts',(-766.958766735319,201.90360455089,26.6125235825008));
#3628=CARTESIAN_POINT('Ctrl Pts',(-749.065227462591,222.567861654893,15.2886786705606));
#3629=CARTESIAN_POINT('Ctrl Pts',(-727.249903568022,242.134577052367,4.70065608091167));
#3630=CARTESIAN_POINT('Ctrl Pts',(-698.162620900567,262.758065294568,-4.91834809781002));
#3631=CARTESIAN_POINT('Ctrl Pts',(-672.785826779741,276.333324872591,-10.0157838995756));
#3632=CARTESIAN_POINT('Ctrl Pts',(-651.194306577775,284.538711976264,-12.3331126531824));
#3633=CARTESIAN_POINT('Ctrl Pts',(-636.927869082163,289.077332922627,-13.4978856720865));
#3634=CARTESIAN_POINT('Ctrl Pts',(-619.494473301073,292.972244734006,-14.554379849402));
#3635=CARTESIAN_POINT('Ctrl Pts',(-606.315002936369,294.123956685073,-15.6417157503802));
#3636=CARTESIAN_POINT('Ctrl Pts',(-600.002317260521,294.191934410677,-16.4129798727831));
#3637=CARTESIAN_POINT('Ctrl Pts',(-800.002317260521,150.002317260521,50.));
#3638=CARTESIAN_POINT('Ctrl Pts',(-793.608553452416,162.537913476679,47.7902112265983));
#3639=CARTESIAN_POINT('Ctrl Pts',(-782.495990953911,180.817334504689,44.3896347364477));
#3640=CARTESIAN_POINT('Ctrl Pts',(-762.743242599511,206.691761839383,39.2947916921807));
#3641=CARTESIAN_POINT('Ctrl Pts',(-742.975000821898,228.316957190155,34.8443108622714));
#3642=CARTESIAN_POINT('Ctrl Pts',(-720.784405629493,247.857602906089,30.6206067394));
#3643=CARTESIAN_POINT('Ctrl Pts',(-693.895490934587,267.35464738454,26.206093816248));
#3644=CARTESIAN_POINT('Ctrl Pts',(-671.430609653657,279.791327885669,23.1647594648116));
#3645=CARTESIAN_POINT('Ctrl Pts',(-651.451694219397,287.655112951074,20.9487389956528));
#3646=CARTESIAN_POINT('Ctrl Pts',(-637.967527493035,292.075288560554,19.582996165004));
#3647=CARTESIAN_POINT('Ctrl Pts',(-620.849913639023,295.947893131179,18.0989144114787));
#3648=CARTESIAN_POINT('Ctrl Pts',(-606.969506699101,297.063136972797,17.1791421248099));
#3649=CARTESIAN_POINT('Ctrl Pts',(-600.002317260521,297.097125835599,16.7935100636085));
#3650=CARTESIAN_POINT('Ctrl Pts',(-800.002317260521,150.002317260521,50.));
#3651=CARTESIAN_POINT('Ctrl Pts',(-793.229119238188,163.661518972338,50.));
#3652=CARTESIAN_POINT('Ctrl Pts',(-782.06437440682,183.202589570114,50.));
#3653=CARTESIAN_POINT('Ctrl Pts',(-762.921658537918,210.222142321877,50.));
#3654=CARTESIAN_POINT('Ctrl Pts',(-744.029644795672,232.387971451947,50.));
#3655=CARTESIAN_POINT('Ctrl Pts',(-722.799467137018,252.033949756332,50.));
#3656=CARTESIAN_POINT('Ctrl Pts',(-696.773153422761,271.370216079305,50.));
#3657=CARTESIAN_POINT('Ctrl Pts',(-674.591166538557,283.501341215862,50.));
#3658=CARTESIAN_POINT('Ctrl Pts',(-654.313757653156,291.088793536656,50.));
#3659=CARTESIAN_POINT('Ctrl Pts',(-640.468747527879,295.328533443217,50.));
#3660=CARTESIAN_POINT('Ctrl Pts',(-622.563637488456,298.997005433976,50.));
#3661=CARTESIAN_POINT('Ctrl Pts',(-607.624010461833,300.002317260521,50.));
#3662=CARTESIAN_POINT('Ctrl Pts',(-600.002317260521,300.002317260521,50.));
#3663=CARTESIAN_POINT('',(-800.002317260521,150.002317260521,50.));
#3664=CARTESIAN_POINT('Ctrl Pts',(-800.002317260521,150.002317260521,50.));
#3665=CARTESIAN_POINT('Ctrl Pts',(-798.376749735161,153.280525671357,50.));
#3666=CARTESIAN_POINT('Ctrl Pts',(-795.060671655997,159.775466391886,50.));
#3667=CARTESIAN_POINT('Ctrl Pts',(-789.891727089693,169.333450692187,50.));
#3668=CARTESIAN_POINT('Ctrl Pts',(-782.607299617177,181.705882153095,50.));
#3669=CARTESIAN_POINT('Ctrl Pts',(-772.829293446439,196.531367871296,50.));
#3670=CARTESIAN_POINT('Ctrl Pts',(-762.353609478326,210.682424380034,50.));
#3671=CARTESIAN_POINT('Ctrl Pts',(-751.154163508225,224.113105003252,50.));
#3672=CARTESIAN_POINT('Ctrl Pts',(-739.211248102267,236.768890189283,50.));
#3673=CARTESIAN_POINT('Ctrl Pts',(-726.521945003818,248.592368395306,50.));
#3674=CARTESIAN_POINT('Ctrl Pts',(-713.09474158416,259.515019638136,50.));
#3675=CARTESIAN_POINT('Ctrl Pts',(-698.944731268688,269.449541091947,50.));
#3676=CARTESIAN_POINT('Ctrl Pts',(-684.091347358901,278.284410649723,50.));
#3677=CARTESIAN_POINT('Ctrl Pts',(-668.557681081775,285.880321312428,50.));
#3678=CARTESIAN_POINT('Ctrl Pts',(-652.371900102711,292.068448341312,50.));
#3679=CARTESIAN_POINT('Ctrl Pts',(-635.561457034202,296.669686596319,50.));
#3680=CARTESIAN_POINT('Ctrl Pts',(-621.631272477831,298.947995875448,50.));
#3681=CARTESIAN_POINT('Ctrl Pts',(-610.919096874853,299.810621225216,50.));
#3682=CARTESIAN_POINT('Ctrl Pts',(-603.660729997151,300.002317260521,50.));
#3683=CARTESIAN_POINT('Ctrl Pts',(-600.002317260521,300.002317260521,50.));
#3684=CARTESIAN_POINT('Ctrl Pts',(-800.002317260521,150.002317260521,50.));
#3685=CARTESIAN_POINT('Ctrl Pts',(-791.549974191051,165.43489509778,40.0559505196924));
#3686=CARTESIAN_POINT('Ctrl Pts',(-771.03698787093,195.936918175465,18.3739873542443));
#3687=CARTESIAN_POINT('Ctrl Pts',(-724.984179106703,241.056776610737,-18.1080082885803));
#3688=CARTESIAN_POINT('Ctrl Pts',(-658.160932544504,280.849646586136,-41.9675617727892));
#3689=CARTESIAN_POINT('Ctrl Pts',(-616.976862999869,290.98084322054,-46.1487812583618));
#3690=CARTESIAN_POINT('Ctrl Pts',(-600.002317260521,291.286742985755,-49.6194698091746));
#3691=CARTESIAN_POINT('Ctrl Pts',(-800.002317260521,150.002317260521,50.));
#3692=CARTESIAN_POINT('Ctrl Pts',(-798.395733665169,150.002317260521,45.1064132495047));
#3693=CARTESIAN_POINT('Ctrl Pts',(-794.6144297588,150.002317260521,34.6980148964089));
#3694=CARTESIAN_POINT('Ctrl Pts',(-788.430982283168,150.00231726052,20.1221572279402));
#3695=CARTESIAN_POINT('Ctrl Pts',(-782.481354312897,150.002317260521,7.57115974784893));
#3696=CARTESIAN_POINT('Ctrl Pts',(-775.767706367001,150.002317260521,-5.51247490768546));
#3697=CARTESIAN_POINT('Ctrl Pts',(-765.726778527732,150.002317260521,-22.7256509957608));
#3698=CARTESIAN_POINT('Ctrl Pts',(-750.179777661263,150.002317260521,-43.9553064370701));
#3699=CARTESIAN_POINT('Ctrl Pts',(-730.490764288052,150.002317260521,-64.5617615908632));
#3700=CARTESIAN_POINT('Ctrl Pts',(-706.788222249848,150.002317260521,-82.9828802172674));
#3701=CARTESIAN_POINT('Ctrl Pts',(-684.791847807457,150.002317260521,-94.9048772837874));
#3702=CARTESIAN_POINT('Ctrl Pts',(-666.997546823728,150.002317260521,-101.710033061766));
#3703=CARTESIAN_POINT('Ctrl Pts',(-653.905171529045,150.002317260521,-105.420624255527));
#3704=CARTESIAN_POINT('Ctrl Pts',(-643.507878959385,150.002317260521,-107.405812350609));
#3705=CARTESIAN_POINT('Ctrl Pts',(-636.667547485511,150.002317260521,-108.320996832717));
#3706=CARTESIAN_POINT('Ctrl Pts',(-632.909127503322,150.002317260521,-108.734990055717));
#3707=CARTESIAN_POINT('Ctrl Pts',(-623.772967731051,150.002317260521,-109.598008467123));
#3708=CARTESIAN_POINT('Ctrl Pts',(-610.522624074342,150.00231726052,-110.100341964053));
#3709=CARTESIAN_POINT('Ctrl Pts',(-602.726244536344,150.002317260521,-110.094175443032));
#3710=CARTESIAN_POINT('Ctrl Pts',(-600.002317260521,150.002317260521,-110.));
#3711=CARTESIAN_POINT('Ctrl Pts',(-800.002317260521,150.002317260521,50.));
#3712=CARTESIAN_POINT('Ctrl Pts',(-798.338073470194,150.197116660599,45.1737160272418));
#3713=CARTESIAN_POINT('Ctrl Pts',(-794.483956974083,150.597694431632,34.9247246208511));
#3714=CARTESIAN_POINT('Ctrl Pts',(-788.295202156975,151.112952487488,20.5951160090009));
#3715=CARTESIAN_POINT('Ctrl Pts',(-782.380416688051,151.526133486337,8.26030413524282));
#3716=CARTESIAN_POINT('Ctrl Pts',(-775.72355793889,151.937381870935,-4.59735662756753));
#3717=CARTESIAN_POINT('Ctrl Pts',(-765.787056235084,152.442976855541,-21.5153422270699));
#3718=CARTESIAN_POINT('Ctrl Pts',(-750.394196828658,153.020652141087,-42.3884278116308));
#3719=CARTESIAN_POINT('Ctrl Pts',(-730.863481687194,153.553794828501,-62.6539875640228));
#3720=CARTESIAN_POINT('Ctrl Pts',(-707.298721326655,154.026911015629,-80.7679009701808));
#3721=CARTESIAN_POINT('Ctrl Pts',(-685.379506715764,154.358240836203,-92.4769819422983));
#3722=CARTESIAN_POINT('Ctrl Pts',(-667.61200199441,154.577797540367,-99.14666566114));
#3723=CARTESIAN_POINT('Ctrl Pts',(-654.519173929373,154.717774754572,-102.775335184468));
#3724=CARTESIAN_POINT('Ctrl Pts',(-644.101808940369,154.812233223339,-104.710533837225));
#3725=CARTESIAN_POINT('Ctrl Pts',(-637.235737517325,154.865857493588,-105.601307218306));
#3726=CARTESIAN_POINT('Ctrl Pts',(-633.459076445072,154.892808413938,-106.004515276748));
#3727=CARTESIAN_POINT('Ctrl Pts',(-624.271265734544,154.953932310068,-106.845961460024));
#3728=CARTESIAN_POINT('Ctrl Pts',(-610.885617805312,155.009232718223,-107.353758163692));
#3729=CARTESIAN_POINT('Ctrl Pts',(-602.865970947644,154.969616153827,-107.435246024436));
#3730=CARTESIAN_POINT('Ctrl Pts',(-600.002317260521,154.924309552761,-107.408528528288));
#3731=CARTESIAN_POINT('Ctrl Pts',(-800.00231726052,150.002317260521,50.));
#3732=CARTESIAN_POINT('Ctrl Pts',(-798.222807663904,150.640775282286,45.2930358559903));
#3733=CARTESIAN_POINT('Ctrl Pts',(-794.193302051402,151.935399372795,35.3322711595779));
#3734=CARTESIAN_POINT('Ctrl Pts',(-787.896622139446,153.572594760196,21.4688409939272));
#3735=CARTESIAN_POINT('Ctrl Pts',(-781.94973353262,154.878487328768,9.55879659249096));
#3736=CARTESIAN_POINT('Ctrl Pts',(-775.294791969707,156.176733101139,-2.84524979731738));
#3737=CARTESIAN_POINT('Ctrl Pts',(-765.423314178429,157.77569450753,-19.1547293012983));
#3738=CARTESIAN_POINT('Ctrl Pts',(-750.205987948554,159.618083701283,-39.2611485015502));
#3739=CARTESIAN_POINT('Ctrl Pts',(-730.939462658367,161.345897201717,-58.7693176574959));
#3740=CARTESIAN_POINT('Ctrl Pts',(-707.684396083265,162.92092380943,-76.1956259508328));
#3741=CARTESIAN_POINT('Ctrl Pts',(-686.02639303296,164.055919512097,-87.4696288595159));
#3742=CARTESIAN_POINT('Ctrl Pts',(-668.4276070949,164.82727775608,-93.9072766190972));
#3743=CARTESIAN_POINT('Ctrl Pts',(-655.428508708218,165.329946671017,-97.4240123966397));
#3744=CARTESIAN_POINT('Ctrl Pts',(-645.050650260408,165.679353785945,-99.3162745956079));
#3745=CARTESIAN_POINT('Ctrl Pts',(-638.184532696381,165.88543066722,-100.202227021393));
#3746=CARTESIAN_POINT('Ctrl Pts',(-634.39961581568,165.99189668758,-100.610132731278));
#3747=CARTESIAN_POINT('Ctrl Pts',(-625.17279550144,166.238999839744,-101.470653461513));
#3748=CARTESIAN_POINT('Ctrl Pts',(-611.596674398994,166.511403666028,-102.090109467646));
#3749=CARTESIAN_POINT('Ctrl Pts',(-603.145827703403,166.495962621743,-102.394303324374));
#3750=CARTESIAN_POINT('Ctrl Pts',(-600.002317260521,166.414102640078,-102.517516597179));
#3751=CARTESIAN_POINT('Ctrl Pts',(-800.002317260521,150.002317260521,50.));
#3752=CARTESIAN_POINT('Ctrl Pts',(-798.078642988714,151.287932636958,45.4231375388405));
#3753=CARTESIAN_POINT('Ctrl Pts',(-793.77725783158,153.877758876528,35.7759795312037));
#3754=CARTESIAN_POINT('Ctrl Pts',(-787.171139348867,157.136318136695,22.4454366326014));
#3755=CARTESIAN_POINT('Ctrl Pts',(-781.002019347276,159.740804067636,11.0433065973204));
#3756=CARTESIAN_POINT('Ctrl Pts',(-774.150615865727,162.338673229241,-0.804928809099526));
#3757=CARTESIAN_POINT('Ctrl Pts',(-764.102835044316,165.564148642735,-16.3450219034049));
#3758=CARTESIAN_POINT('Ctrl Pts',(-748.868980102449,169.338067170174,-35.4318665223115));
#3759=CARTESIAN_POINT('Ctrl Pts',(-729.837756981869,172.953659421725,-53.8965384820597));
#3760=CARTESIAN_POINT('Ctrl Pts',(-707.031607958388,176.349251090256,-70.3730855399994));
#3761=CARTESIAN_POINT('Ctrl Pts',(-685.889920603589,178.870080400215,-81.1135495848066));
#3762=CARTESIAN_POINT('Ctrl Pts',(-668.707769146055,180.626147643112,-87.3518483381745));
#3763=CARTESIAN_POINT('Ctrl Pts',(-655.994368153973,181.794075483554,-90.8330330990827));
#3764=CARTESIAN_POINT('Ctrl Pts',(-645.807489895945,182.627392783152,-92.7817592022988));
#3765=CARTESIAN_POINT('Ctrl Pts',(-639.03388081637,183.134109354638,-93.7457581760938));
#3766=CARTESIAN_POINT('Ctrl Pts',(-635.287355273278,183.401327428802,-94.2066813807625));
#3767=CARTESIAN_POINT('Ctrl Pts',(-626.132860342241,184.03177639708,-95.2146804442502));
#3768=CARTESIAN_POINT('Ctrl Pts',(-612.458975907069,184.813079239111,-96.1526124669674));
#3769=CARTESIAN_POINT('Ctrl Pts',(-603.495038738624,185.024283758066,-96.8109222644968));
#3770=CARTESIAN_POINT('Ctrl Pts',(-600.00231726052,184.989316128214,-97.1410060675593));
#3771=CARTESIAN_POINT('Ctrl Pts',(-800.002317260521,150.002317260521,50.));
#3772=CARTESIAN_POINT('Ctrl Pts',(-797.963323416092,151.835669681476,45.5268381050697));
#3773=CARTESIAN_POINT('Ctrl Pts',(-793.425365234134,155.528167973373,36.1233850926397));
#3774=CARTESIAN_POINT('Ctrl Pts',(-786.509041899702,160.184995150462,23.2051280867992));
#3775=CARTESIAN_POINT('Ctrl Pts',(-780.096658488142,163.921211891809,12.2005220476559));
#3776=CARTESIAN_POINT('Ctrl Pts',(-773.016371643917,167.659942770391,0.790383781912281));
#3777=CARTESIAN_POINT('Ctrl Pts',(-762.734992180785,172.329340633649,-14.1378132993834));
#3778=CARTESIAN_POINT('Ctrl Pts',(-747.40271632483,177.842925856534,-32.3989905299225));
#3779=CARTESIAN_POINT('Ctrl Pts',(-728.525872710123,183.183551829321,-50.0078234146981));
#3780=CARTESIAN_POINT('Ctrl Pts',(-706.100907426615,188.267951514935,-65.7053478255466));
#3781=CARTESIAN_POINT('Ctrl Pts',(-685.440851594734,192.091543101629,-76.0331430121333));
#3782=CARTESIAN_POINT('Ctrl Pts',(-668.666037005611,194.782439732989,-82.150369940444));
#3783=CARTESIAN_POINT('Ctrl Pts',(-656.241972729516,196.58664095071,-85.6443278520573));
#3784=CARTESIAN_POINT('Ctrl Pts',(-646.259001837433,197.886846804977,-87.6795842434936));
#3785=CARTESIAN_POINT('Ctrl Pts',(-639.592555869673,198.686137193941,-88.7365340127404));
#3786=CARTESIAN_POINT('Ctrl Pts',(-635.894673175983,199.110612963663,-89.2573486731225));
#3787=CARTESIAN_POINT('Ctrl Pts',(-626.840169486655,200.11754213971,-90.4257895164764));
#3788=CARTESIAN_POINT('Ctrl Pts',(-613.139236923687,201.410475282,-91.6803658610996));
#3789=CARTESIAN_POINT('Ctrl Pts',(-603.774497609654,201.876268073447,-92.6398327480695));
#3790=CARTESIAN_POINT('Ctrl Pts',(-600.002317260521,201.908825485825,-93.1357333784564));
#3791=CARTESIAN_POINT('Ctrl Pts',(-800.002317260521,150.002317260521,50.));
#3792=CARTESIAN_POINT('Ctrl Pts',(-797.847969557667,152.394901071259,45.634114835481));
#3793=CARTESIAN_POINT('Ctrl Pts',(-793.065074882202,157.215556984031,36.4777207018746));
#3794=CARTESIAN_POINT('Ctrl Pts',(-785.810531980154,163.309720739776,23.9728428455524));
#3795=CARTESIAN_POINT('Ctrl Pts',(-779.12570912667,168.213831945164,13.367060513268));
#3796=CARTESIAN_POINT('Ctrl Pts',(-771.784784514542,173.133054578391,2.39683025324362));
#3797=CARTESIAN_POINT('Ctrl Pts',(-761.228505577789,179.302775473322,-11.9155888819408));
#3798=CARTESIAN_POINT('Ctrl Pts',(-745.760187527405,186.633627956437,-29.3404494628128));
#3799=CARTESIAN_POINT('Ctrl Pts',(-727.0223752305,193.785747092507,-46.0782797695559));
#3800=CARTESIAN_POINT('Ctrl Pts',(-704.988581800716,200.653212125293,-60.9829178091844));
#3801=CARTESIAN_POINT('Ctrl Pts',(-684.840399353029,205.858481733666,-70.898773700675));
#3802=CARTESIAN_POINT('Ctrl Pts',(-668.505857384418,209.543882969268,-76.9079651137558));
#3803=CARTESIAN_POINT('Ctrl Pts',(-656.398041968198,212.02646574549,-80.4293463793125));
#3804=CARTESIAN_POINT('Ctrl Pts',(-646.641559181009,213.825677162832,-82.5664327194813));
#3805=CARTESIAN_POINT('Ctrl Pts',(-640.097171378768,214.938421635507,-83.7278531082183));
#3806=CARTESIAN_POINT('Ctrl Pts',(-636.455526722632,215.531623250194,-84.3145746411005));
#3807=CARTESIAN_POINT('Ctrl Pts',(-627.521124808084,216.942925772056,-85.6606754490395));
#3808=CARTESIAN_POINT('Ctrl Pts',(-613.815271638893,218.78892459564,-87.2524159638915));
#3809=CARTESIAN_POINT('Ctrl Pts',(-604.053702756904,219.537796334265,-88.5142223976367));
#3810=CARTESIAN_POINT('Ctrl Pts',(-600.00231726052,219.64937313414,-89.1725338219763));
#3811=CARTESIAN_POINT('Ctrl Pts',(-800.002317260521,150.002317260521,50.));
#3812=CARTESIAN_POINT('Ctrl Pts',(-797.723041305522,153.00557960813,45.7619846959978));
#3813=CARTESIAN_POINT('Ctrl Pts',(-792.667816721333,159.055801268053,36.8934110443217));
#3814=CARTESIAN_POINT('Ctrl Pts',(-785.024388705216,166.713177095274,24.8570993737278));
#3815=CARTESIAN_POINT('Ctrl Pts',(-778.020842119241,172.887050812777,14.6997661102706));
#3816=CARTESIAN_POINT('Ctrl Pts',(-770.371561740849,179.089977835543,4.22278018815397));
#3817=CARTESIAN_POINT('Ctrl Pts',(-759.48419320927,186.892620189079,-9.4012152510247));
#3818=CARTESIAN_POINT('Ctrl Pts',(-743.837520575264,196.205001786724,-25.8905866089707));
#3819=CARTESIAN_POINT('Ctrl Pts',(-725.238353286543,205.337431211049,-41.651846064394));
#3820=CARTESIAN_POINT('Ctrl Pts',(-703.636130349279,214.160745515333,-55.6647811524492));
#3821=CARTESIAN_POINT('Ctrl Pts',(-684.067445818432,220.885095737509,-65.1182692767433));
#3822=CARTESIAN_POINT('Ctrl Pts',(-668.236569630411,225.665039437599,-71.0061483489735));
#3823=CARTESIAN_POINT('Ctrl Pts',(-656.493391350272,228.894606609137,-74.558555798112));
#3824=CARTESIAN_POINT('Ctrl Pts',(-647.00085246707,231.243401778558,-76.8091030590535));
#3825=CARTESIAN_POINT('Ctrl Pts',(-640.600531209351,232.701543658841,-78.0860550952266));
#3826=CARTESIAN_POINT('Ctrl Pts',(-637.026606069922,233.480735298812,-78.7459432234152));
#3827=CARTESIAN_POINT('Ctrl Pts',(-628.236340259752,235.3379228931,-80.2859784641839));
#3828=CARTESIAN_POINT('Ctrl Pts',(-614.544156006633,237.794943485242,-82.2440284616897));
#3829=CARTESIAN_POINT('Ctrl Pts',(-604.356459375504,238.860320723254,-83.8172359995061));
#3830=CARTESIAN_POINT('Ctrl Pts',(-600.002317260521,239.062346390855,-84.6396483640135));
#3831=CARTESIAN_POINT('Ctrl Pts',(-800.002317260521,150.002317260521,50.));
#3832=CARTESIAN_POINT('Ctrl Pts',(-797.607713275517,153.54587463878,45.9045213627369));
#3833=CARTESIAN_POINT('Ctrl Pts',(-792.308184444335,160.664829310604,37.3536718846936));
#3834=CARTESIAN_POINT('Ctrl Pts',(-784.328968931301,169.640193693642,25.8183276189527));
#3835=CARTESIAN_POINT('Ctrl Pts',(-777.055457392938,176.864730579024,16.1295091414662));
#3836=CARTESIAN_POINT('Ctrl Pts',(-769.148116923129,184.118178634706,6.1619450632044));
#3837=CARTESIAN_POINT('Ctrl Pts',(-757.989385988609,193.238098869245,-6.75994794399762));
#3838=CARTESIAN_POINT('Ctrl Pts',(-742.209664786859,204.125923073237,-22.3104087030433));
#3839=CARTESIAN_POINT('Ctrl Pts',(-723.750980466958,214.816610858423,-37.0985815507042));
#3840=CARTESIAN_POINT('Ctrl Pts',(-702.53898809889,225.169105883451,-50.2161558075704));
#3841=CARTESIAN_POINT('Ctrl Pts',(-683.479794345716,233.072426198436,-59.1716390665363));
#3842=CARTESIAN_POINT('Ctrl Pts',(-668.0864265438,238.695668183455,-64.8809912553584));
#3843=CARTESIAN_POINT('Ctrl Pts',(-656.657312696139,242.497102802873,-68.4076944285507));
#3844=CARTESIAN_POINT('Ctrl Pts',(-647.389461608711,245.263059481383,-70.7153317230284));
#3845=CARTESIAN_POINT('Ctrl Pts',(-641.109865298702,246.981583417634,-72.0651644299496));
#3846=CARTESIAN_POINT('Ctrl Pts',(-637.591761473868,247.900463263156,-72.773252127241));
#3847=CARTESIAN_POINT('Ctrl Pts',(-628.919119651238,250.091648710105,-74.4448460225434));
#3848=CARTESIAN_POINT('Ctrl Pts',(-615.220524648955,252.999603579248,-76.6642555390185));
#3849=CARTESIAN_POINT('Ctrl Pts',(-604.635855659724,254.288384729953,-78.4688820429294));
#3850=CARTESIAN_POINT('Ctrl Pts',(-600.002317260521,254.550493425917,-79.418317100931));
#3851=CARTESIAN_POINT('Ctrl Pts',(-800.002317260521,150.002317260521,50.));
#3852=CARTESIAN_POINT('Ctrl Pts',(-797.521203248996,153.932049111145,46.0262035855191));
#3853=CARTESIAN_POINT('Ctrl Pts',(-792.045888225557,161.804980870563,37.7460422548136));
#3854=CARTESIAN_POINT('Ctrl Pts',(-783.839158172698,171.687864130741,26.6298480413382));
#3855=CARTESIAN_POINT('Ctrl Pts',(-776.388619282465,179.624030924713,17.326626589753));
#3856=CARTESIAN_POINT('Ctrl Pts',(-768.315650114127,187.581714192335,7.77467458127667));
#3857=CARTESIAN_POINT('Ctrl Pts',(-756.989352980818,197.572179820759,-4.58006105410596));
#3858=CARTESIAN_POINT('Ctrl Pts',(-741.143034994694,209.484716174265,-19.3827496319848));
#3859=CARTESIAN_POINT('Ctrl Pts',(-722.802811863227,221.17582925633,-33.4016200019489));
#3860=CARTESIAN_POINT('Ctrl Pts',(-701.874961512836,232.500118196117,-45.8075892311506));
#3861=CARTESIAN_POINT('Ctrl Pts',(-683.171160724258,241.144473711331,-54.3444009789542));
#3862=CARTESIAN_POINT('Ctrl Pts',(-668.07714295265,247.292307873112,-59.8735713586553));
#3863=CARTESIAN_POINT('Ctrl Pts',(-656.859917716495,251.446328596845,-63.3414809833982));
#3864=CARTESIAN_POINT('Ctrl Pts',(-647.740668361674,254.46644197495,-65.6564475593891));
#3865=CARTESIAN_POINT('Ctrl Pts',(-641.538758756737,256.341949960275,-67.0356257834083));
#3866=CARTESIAN_POINT('Ctrl Pts',(-638.055460954414,257.344541724043,-67.765277481447));
#3867=CARTESIAN_POINT('Ctrl Pts',(-629.454976555306,259.735006130364,-69.5002501342557));
#3868=CARTESIAN_POINT('Ctrl Pts',(-615.731534132492,262.905136407253,-71.8591714262735));
#3869=CARTESIAN_POINT('Ctrl Pts',(-604.845299239552,264.311268353273,-73.8007627119382));
#3870=CARTESIAN_POINT('Ctrl Pts',(-600.002317260521,264.599392519887,-74.8307545571679));
#3871=CARTESIAN_POINT('Ctrl Pts',(-800.002317260521,150.002317260521,50.));
#3872=CARTESIAN_POINT('Ctrl Pts',(-797.444315494247,154.258053569359,46.1466474723718));
#3873=CARTESIAN_POINT('Ctrl Pts',(-791.819767818877,162.761280983015,38.1341843173759));
#3874=CARTESIAN_POINT('Ctrl Pts',(-783.434069579499,173.388076039328,27.4261899141665));
#3875=CARTESIAN_POINT('Ctrl Pts',(-775.850451602479,181.899192837502,18.4933615068402));
#3876=CARTESIAN_POINT('Ctrl Pts',(-767.656774188996,190.420438230951,9.33770979571987));
#3877=CARTESIAN_POINT('Ctrl Pts',(-756.215869801851,201.097876263638,-2.48103315399031));
#3878=CARTESIAN_POINT('Ctrl Pts',(-740.341819835837,213.805484446547,-16.5861849921553));
#3879=CARTESIAN_POINT('Ctrl Pts',(-722.119546475595,226.261047651421,-29.8924249506139));
#3880=CARTESIAN_POINT('Ctrl Pts',(-701.436031234172,238.317838356544,-41.6361947499101));
#3881=CARTESIAN_POINT('Ctrl Pts',(-683.022822827574,247.51253180899,-49.765290204682));
#3882=CARTESIAN_POINT('Ctrl Pts',(-668.167463308538,254.044514258634,-55.0955651633451));
#3883=CARTESIAN_POINT('Ctrl Pts',(-657.116109742241,258.453566681907,-58.4777401916228));
#3884=CARTESIAN_POINT('Ctrl Pts',(-648.110067874488,261.654458141497,-60.7686758138445));
#3885=CARTESIAN_POINT('Ctrl Pts',(-641.964874736457,263.639876935796,-62.1518972697028));
#3886=CARTESIAN_POINT('Ctrl Pts',(-638.506011937932,264.700527209203,-62.8883094014265));
#3887=CARTESIAN_POINT('Ctrl Pts',(-629.953555383387,267.228229162338,-64.6480364230584));
#3888=CARTESIAN_POINT('Ctrl Pts',(-616.189301431686,270.571192494633,-67.0824662103504));
#3889=CARTESIAN_POINT('Ctrl Pts',(-605.031545657956,272.039225802191,-69.11483821115));
#3890=CARTESIAN_POINT('Ctrl Pts',(-600.002317260521,272.333213092161,-70.2041043258203));
#3891=CARTESIAN_POINT('Ctrl Pts',(-800.002317260521,150.002317260521,50.));
#3892=CARTESIAN_POINT('Ctrl Pts',(-797.357827449832,154.595120415162,46.3015322536657));
#3893=CARTESIAN_POINT('Ctrl Pts',(-791.578053032546,163.747754853904,38.6322337861949));
#3894=CARTESIAN_POINT('Ctrl Pts',(-783.032864681119,175.133217960346,28.4366286810662));
#3895=CARTESIAN_POINT('Ctrl Pts',(-775.343220228789,184.224650320925,19.9602290152646));
#3896=CARTESIAN_POINT('Ctrl Pts',(-767.061499202853,193.310210545327,11.288009279387));
#3897=CARTESIAN_POINT('Ctrl Pts',(-755.553443787589,204.666312970885,0.114996462590482));
#3898=CARTESIAN_POINT('Ctrl Pts',(-739.704878237881,218.143927758288,-13.1650145139208));
#3899=CARTESIAN_POINT('Ctrl Pts',(-721.638014412363,231.323482867074,-25.6370512561629));
#3900=CARTESIAN_POINT('Ctrl Pts',(-701.214587250982,244.056626741893,-36.6019034730762));
#3901=CARTESIAN_POINT('Ctrl Pts',(-683.08268848303,253.745369792635,-44.2238279887918));
#3902=CARTESIAN_POINT('Ctrl Pts',(-668.446450618093,260.612917636285,-49.2725570877978));
#3903=CARTESIAN_POINT('Ctrl Pts',(-657.541231131911,265.239325098055,-52.5065041973532));
#3904=CARTESIAN_POINT('Ctrl Pts',(-648.628532148277,268.589011696646,-54.7221275138202));
#3905=CARTESIAN_POINT('Ctrl Pts',(-642.524965589871,270.661616869223,-56.0747212736317));
#3906=CARTESIAN_POINT('Ctrl Pts',(-639.081815851839,271.76724003369,-56.7988004384403));
#3907=CARTESIAN_POINT('Ctrl Pts',(-630.554647340144,274.399295001494,-58.5359106876343));
#3908=CARTESIAN_POINT('Ctrl Pts',(-616.71066149532,277.857857180835,-60.9771562870097));
#3909=CARTESIAN_POINT('Ctrl Pts',(-605.241151911038,279.33134627498,-63.0626301065186));
#3910=CARTESIAN_POINT('Ctrl Pts',(-600.002317260521,279.602241409037,-64.1991413717079));
#3911=CARTESIAN_POINT('Ctrl Pts',(-800.002317260521,150.002317260521,50.));
#3912=CARTESIAN_POINT('Ctrl Pts',(-797.271343014464,154.896114269836,46.4786170741554));
#3913=CARTESIAN_POINT('Ctrl Pts',(-791.352194283417,164.635450475836,39.1992717631719));
#3914=CARTESIAN_POINT('Ctrl Pts',(-782.699785844371,176.717099726275,29.5721945556311));
#3915=CARTESIAN_POINT('Ctrl Pts',(-774.95870598991,186.343780637096,21.5920606711436));
#3916=CARTESIAN_POINT('Ctrl Pts',(-766.648661862037,195.950327259798,13.4394822096504));
#3917=CARTESIAN_POINT('Ctrl Pts',(-755.150642659259,207.931305069646,2.95070876666083));
#3918=CARTESIAN_POINT('Ctrl Pts',(-739.398475135001,222.10990227228,-9.47305831070365));
#3919=CARTESIAN_POINT('Ctrl Pts',(-721.515342693926,235.934875886193,-21.0904925980435));
#3920=CARTESIAN_POINT('Ctrl Pts',(-701.333563660419,249.251178491848,-31.254336094214));
#3921=CARTESIAN_POINT('Ctrl Pts',(-683.425907717271,259.349734843871,-38.3245562931546));
#3922=CARTESIAN_POINT('Ctrl Pts',(-668.947088712486,266.484880446391,-43.031759251925));
#3923=CARTESIAN_POINT('Ctrl Pts',(-658.137389170427,271.278219411861,-46.0613476581321));
#3924=CARTESIAN_POINT('Ctrl Pts',(-649.27547912306,274.735842938676,-48.1480194024449));
#3925=CARTESIAN_POINT('Ctrl Pts',(-643.185853832617,276.86733370632,-49.4304667212592));
#3926=CARTESIAN_POINT('Ctrl Pts',(-639.743605076918,278.001799336749,-50.1196066722258));
#3927=CARTESIAN_POINT('Ctrl Pts',(-631.20613554045,280.697913463961,-51.7773364910767));
#3928=CARTESIAN_POINT('Ctrl Pts',(-617.239994118809,284.203539210336,-54.1363198123849));
#3929=CARTESIAN_POINT('Ctrl Pts',(-605.450784871993,285.614144259224,-56.2192771274273));
#3930=CARTESIAN_POINT('Ctrl Pts',(-600.002317260521,285.82587424624,-57.3808155953615));
#3931=CARTESIAN_POINT('Ctrl Pts',(-800.002317260521,150.002317260521,50.));
#3932=CARTESIAN_POINT('Ctrl Pts',(-797.213699668185,155.06847163124,46.6133143662476));
#3933=CARTESIAN_POINT('Ctrl Pts',(-791.214288341055,165.154942820924,39.6282241581461));
#3934=CARTESIAN_POINT('Ctrl Pts',(-782.532258553085,177.668974635076,30.4189762075843));
#3935=CARTESIAN_POINT('Ctrl Pts',(-774.800580181526,187.636087806482,22.7956940295081));
#3936=CARTESIAN_POINT('Ctrl Pts',(-766.519400394596,197.577900132564,15.0121050718924));
#3937=CARTESIAN_POINT('Ctrl Pts',(-755.089863529769,209.965427720095,5.0013232236323));
#3938=CARTESIAN_POINT('Ctrl Pts',(-739.458630303749,224.600782364886,-6.8385508010172));
#3939=CARTESIAN_POINT('Ctrl Pts',(-721.720718511136,238.840360601298,-17.8822233971568));
#3940=CARTESIAN_POINT('Ctrl Pts',(-701.685238573567,252.518064481201,-27.5065573295394));
#3941=CARTESIAN_POINT('Ctrl Pts',(-683.881484614096,262.859653315978,-34.1832973868619));
#3942=CARTESIAN_POINT('Ctrl Pts',(-669.4582407052,270.146064283883,-38.6221129010027));
#3943=CARTESIAN_POINT('Ctrl Pts',(-658.671755319264,275.029202094646,-41.47582287077));
#3944=CARTESIAN_POINT('Ctrl Pts',(-649.809697049426,278.540224619971,-43.4376519573942));
#3945=CARTESIAN_POINT('Ctrl Pts',(-643.707177427118,280.697252962875,-44.6442969343859));
#3946=CARTESIAN_POINT('Ctrl Pts',(-640.253774319378,281.842843971955,-45.293612877004));
#3947=CARTESIAN_POINT('Ctrl Pts',(-631.68061510622,284.560922200071,-46.856089142879));
#3948=CARTESIAN_POINT('Ctrl Pts',(-617.599252586154,288.058602827519,-49.0943431358847));
#3949=CARTESIAN_POINT('Ctrl Pts',(-605.590635967987,289.378777992535,-51.1343263022115));
#3950=CARTESIAN_POINT('Ctrl Pts',(-600.002317260521,289.522759339811,-52.2958445971554));
#3951=CARTESIAN_POINT('Ctrl Pts',(-800.002317260521,150.002317260521,50.));
#3952=CARTESIAN_POINT('Ctrl Pts',(-797.184869570697,155.14650987294,46.6853168398975));
#3953=CARTESIAN_POINT('Ctrl Pts',(-791.149051948697,165.394547031465,39.8566322747109));
#3954=CARTESIAN_POINT('Ctrl Pts',(-782.464368489989,178.117804227699,30.8663865644115));
#3955=CARTESIAN_POINT('Ctrl Pts',(-774.750111369103,188.252784981853,23.4278993590644));
#3956=CARTESIAN_POINT('Ctrl Pts',(-766.497326180541,198.361498583558,15.8339995173732));
#3957=CARTESIAN_POINT('Ctrl Pts',(-755.120002383445,210.953420017546,6.06669062535268));
#3958=CARTESIAN_POINT('Ctrl Pts',(-739.565839887447,225.819527930096,-5.47984521657891));
#3959=CARTESIAN_POINT('Ctrl Pts',(-721.907077210707,240.2675931352,-16.2380168576742));
#3960=CARTESIAN_POINT('Ctrl Pts',(-701.940488111971,254.123770733652,-25.59369492559));
#3961=CARTESIAN_POINT('Ctrl Pts',(-684.17531406825,264.58262083287,-32.0680992237581));
#3962=CARTESIAN_POINT('Ctrl Pts',(-669.765468290541,271.940087236181,-36.3624765387682));
#3963=CARTESIAN_POINT('Ctrl Pts',(-658.978756519428,276.86417146654,-39.1176990461468));
#3964=CARTESIAN_POINT('Ctrl Pts',(-650.106662039918,280.398221403325,-41.0065945556324));
#3965=CARTESIAN_POINT('Ctrl Pts',(-643.991272443025,282.565120605308,-42.1674767829269));
#3966=CARTESIAN_POINT('Ctrl Pts',(-640.528748790253,283.714506345394,-42.7922246008755));
#3967=CARTESIAN_POINT('Ctrl Pts',(-631.929764107967,286.438944698651,-44.2959758967086));
#3968=CARTESIAN_POINT('Ctrl Pts',(-617.780749451639,289.923132431209,-46.4554654379232));
#3969=CARTESIAN_POINT('Ctrl Pts',(-605.660499173637,291.18477639735,-48.4625736255703));
#3970=CARTESIAN_POINT('Ctrl Pts',(-600.002317260521,291.286742985755,-49.6194698091746));
#3971=CARTESIAN_POINT('Ctrl Pts',(-800.002317260521,150.002317260521,50.));
#3972=CARTESIAN_POINT('Ctrl Pts',(-799.423947166194,150.002317260521,48.2383087698217));
#3973=CARTESIAN_POINT('Ctrl Pts',(-798.205616390799,150.002317260521,44.6477288106004));
#3974=CARTESIAN_POINT('Ctrl Pts',(-796.193355212397,150.002317260521,39.060264120294));
#3975=CARTESIAN_POINT('Ctrl Pts',(-793.139244603432,150.002317260521,31.2054957573883));
#3976=CARTESIAN_POINT('Ctrl Pts',(-788.679979527714,150.002317260521,20.7133511009665));
#3977=CARTESIAN_POINT('Ctrl Pts',(-783.524000849179,150.002317260521,9.56803890963009));
#3978=CARTESIAN_POINT('Ctrl Pts',(-777.574665698061,150.002317260521,-2.17645761099848));
#3979=CARTESIAN_POINT('Ctrl Pts',(-770.676929977506,150.002317260521,-14.4148071466452));
#3980=CARTESIAN_POINT('Ctrl Pts',(-762.643287816805,150.002317260521,-26.988937483243));
#3981=CARTESIAN_POINT('Ctrl Pts',(-753.293455746898,150.002317260521,-39.6908726109084));
#3982=CARTESIAN_POINT('Ctrl Pts',(-742.490278335088,150.002317260521,-52.2632548858472));
#3983=CARTESIAN_POINT('Ctrl Pts',(-730.179809983285,150.002317260521,-64.3991009254771));
#3984=CARTESIAN_POINT('Ctrl Pts',(-716.430916294758,150.002317260521,-75.7426716276351));
#3985=CARTESIAN_POINT('Ctrl Pts',(-701.482742361658,150.002317260521,-85.8851767493746));
#3986=CARTESIAN_POINT('Ctrl Pts',(-685.717297943345,150.002317260521,-94.4328060088438));
#3987=CARTESIAN_POINT('Ctrl Pts',(-669.626865081809,150.002317260521,-101.079705851487));
#3988=CARTESIAN_POINT('Ctrl Pts',(-653.789439796693,150.002317260521,-105.685600822722));
#3989=CARTESIAN_POINT('Ctrl Pts',(-638.835636107965,150.002317260521,-108.347596938792));
#3990=CARTESIAN_POINT('Ctrl Pts',(-625.436770981933,150.002317260521,-109.498894988408));
#3991=CARTESIAN_POINT('Ctrl Pts',(-614.252196999945,150.002317260521,-109.979108166164));
#3992=CARTESIAN_POINT('Ctrl Pts',(-607.279948407931,150.002317260521,-110.089128779288));
#3993=CARTESIAN_POINT('Ctrl Pts',(-603.197658042116,150.002317260521,-110.081031666563));
#3994=CARTESIAN_POINT('Ctrl Pts',(-600.982931079817,150.002317260521,-110.033903159491));
#3995=CARTESIAN_POINT('Ctrl Pts',(-600.002317260521,150.002317260521,-110.));
#3996=CARTESIAN_POINT('Ctrl Pts',(-800.002317260521,150.002317260521,50.));
#3997=CARTESIAN_POINT('Ctrl Pts',(-797.184869570697,144.858124648101,46.6853168398975));
#3998=CARTESIAN_POINT('Ctrl Pts',(-791.149051948697,134.610087489576,39.8566322747109));
#3999=CARTESIAN_POINT('Ctrl Pts',(-782.46436848999,121.886830293342,30.8663865644115));
#4000=CARTESIAN_POINT('Ctrl Pts',(-774.750111369104,111.751849539188,23.4278993590644));
#4001=CARTESIAN_POINT('Ctrl Pts',(-766.497326180541,101.643135937483,15.8339995173732));
#4002=CARTESIAN_POINT('Ctrl Pts',(-755.120002383445,89.051214503495,6.06669062535267));
#4003=CARTESIAN_POINT('Ctrl Pts',(-739.565839887447,74.1851065909458,-5.47984521657892));
#4004=CARTESIAN_POINT('Ctrl Pts',(-721.907077210708,59.7370413858411,-16.2380168576743));
#4005=CARTESIAN_POINT('Ctrl Pts',(-701.940488111972,45.880863787389,-25.5936949255901));
#4006=CARTESIAN_POINT('Ctrl Pts',(-684.175314068251,35.4220136881708,-32.0680992237582));
#4007=CARTESIAN_POINT('Ctrl Pts',(-669.765468290543,28.0645472848603,-36.3624765387683));
#4008=CARTESIAN_POINT('Ctrl Pts',(-658.97875651943,23.1404630545017,-39.1176990461469));
#4009=CARTESIAN_POINT('Ctrl Pts',(-650.10666203992,19.6064131177166,-41.0065945556326));
#4010=CARTESIAN_POINT('Ctrl Pts',(-643.991272443027,17.4395139157333,-42.1674767829271));
#4011=CARTESIAN_POINT('Ctrl Pts',(-640.528748790256,16.2901281756469,-42.7922246008757));
#4012=CARTESIAN_POINT('Ctrl Pts',(-631.929764107968,13.56568982239,-44.2959758967088));
#4013=CARTESIAN_POINT('Ctrl Pts',(-617.780749451641,10.0815020898321,-46.4554654379234));
#4014=CARTESIAN_POINT('Ctrl Pts',(-605.660499173637,8.81985812369152,-48.4625736255703));
#4015=CARTESIAN_POINT('Ctrl Pts',(-600.002317260521,8.71789153528644,-49.6194698091746));
#4016=CARTESIAN_POINT('Ctrl Pts',(-800.002317260521,150.002317260521,50.));
#4017=CARTESIAN_POINT('Ctrl Pts',(-797.213699668185,144.936162889802,46.6133143662476));
#4018=CARTESIAN_POINT('Ctrl Pts',(-791.214288341055,134.849691700117,39.6282241581461));
#4019=CARTESIAN_POINT('Ctrl Pts',(-782.532258553086,122.335659885965,30.4189762075843));
#4020=CARTESIAN_POINT('Ctrl Pts',(-774.800580181527,112.368546714559,22.7956940295081));
#4021=CARTESIAN_POINT('Ctrl Pts',(-766.519400394597,102.426734388477,15.0121050718924));
#4022=CARTESIAN_POINT('Ctrl Pts',(-755.089863529769,90.0392068009463,5.00132322363229));
#4023=CARTESIAN_POINT('Ctrl Pts',(-739.458630303749,75.4038521561557,-6.83855080101721));
#4024=CARTESIAN_POINT('Ctrl Pts',(-721.720718511137,61.1642739197432,-17.8822233971569));
#4025=CARTESIAN_POINT('Ctrl Pts',(-701.685238573569,47.4865700398403,-27.5065573295395));
#4026=CARTESIAN_POINT('Ctrl Pts',(-683.881484614097,37.1449812050636,-34.183297386862));
#4027=CARTESIAN_POINT('Ctrl Pts',(-669.458240705202,29.8585702371584,-38.6221129010028));
#4028=CARTESIAN_POINT('Ctrl Pts',(-658.671755319266,24.9754324263952,-41.4758228707701));
#4029=CARTESIAN_POINT('Ctrl Pts',(-649.809697049428,21.4644099010704,-43.4376519573944));
#4030=CARTESIAN_POINT('Ctrl Pts',(-643.70717742712,19.307381558166,-44.6442969343861));
#4031=CARTESIAN_POINT('Ctrl Pts',(-640.253774319381,18.1617905490856,-45.2936128770042));
#4032=CARTESIAN_POINT('Ctrl Pts',(-631.680615106222,15.4437123209705,-46.8560891428792));
#4033=CARTESIAN_POINT('Ctrl Pts',(-617.599252586156,11.9460316935218,-49.0943431358849));
#4034=CARTESIAN_POINT('Ctrl Pts',(-605.590635967987,10.6258565285063,-51.1343263022115));
#4035=CARTESIAN_POINT('Ctrl Pts',(-600.002317260521,10.4818751812302,-52.2958445971554));
#4036=CARTESIAN_POINT('Ctrl Pts',(-800.002317260521,150.002317260521,50.));
#4037=CARTESIAN_POINT('Ctrl Pts',(-797.271345705975,145.108520251206,46.4786107738166));
#4038=CARTESIAN_POINT('Ctrl Pts',(-791.352189392441,135.369182858049,39.1992763477176));
#4039=CARTESIAN_POINT('Ctrl Pts',(-782.699792378328,123.287529650422,29.572186084073));
#4040=CARTESIAN_POINT('Ctrl Pts',(-774.958717579767,113.660844386694,21.5920449715294));
#4041=CARTESIAN_POINT('Ctrl Pts',(-766.648665422939,104.054292718577,13.4394689007481));
#4042=CARTESIAN_POINT('Ctrl Pts',(-755.150657389886,92.0733074890013,2.95068853210004));
#4043=CARTESIAN_POINT('Ctrl Pts',(-739.398473288488,77.894700195538,-9.47310145963938));
#4044=CARTESIAN_POINT('Ctrl Pts',(-721.515361074139,64.0697158972176,-21.0905525630054));
#4045=CARTESIAN_POINT('Ctrl Pts',(-701.333569275378,50.7534026071551,-31.2543798202897));
#4046=CARTESIAN_POINT('Ctrl Pts',(-683.425929448388,40.6548378461075,-38.3246460301599));
#4047=CARTESIAN_POINT('Ctrl Pts',(-668.947108148369,33.5196861099459,-43.0318371244834));
#4048=CARTESIAN_POINT('Ctrl Pts',(-658.137415431495,28.7263429152314,-46.0614474579574));
#4049=CARTESIAN_POINT('Ctrl Pts',(-649.275514923953,25.268716235032,-48.1481265569748));
#4050=CARTESIAN_POINT('Ctrl Pts',(-643.185878858413,23.1372234872485,-49.4305633955862));
#4051=CARTESIAN_POINT('Ctrl Pts',(-639.743655435645,22.0027567948702,-50.1197346863018));
#4052=CARTESIAN_POINT('Ctrl Pts',(-631.206091941068,19.3066401325846,-51.7773537543514));
#4053=CARTESIAN_POINT('Ctrl Pts',(-617.239991976356,15.8010110225994,-54.1363988840217));
#4054=CARTESIAN_POINT('Ctrl Pts',(-605.450804789869,14.3904047865556,-56.2193596989524));
#4055=CARTESIAN_POINT('Ctrl Pts',(-600.002317260521,14.17867479954,-57.3808911115817));
#4056=CARTESIAN_POINT('Ctrl Pts',(-800.002317260521,150.002317260521,50.));
#4057=CARTESIAN_POINT('Ctrl Pts',(-797.357827376927,145.40951410588,46.3015324243239));
#4058=CARTESIAN_POINT('Ctrl Pts',(-791.578053163674,136.256857597853,38.6322275806663));
#4059=CARTESIAN_POINT('Ctrl Pts',(-783.032864502103,124.871320927128,28.4366025551645));
#4060=CARTESIAN_POINT('Ctrl Pts',(-775.34321991206,115.779807645837,19.9601807837902));
#4061=CARTESIAN_POINT('Ctrl Pts',(-767.061499103377,106.694153626974,11.2879351333842));
#4062=CARTESIAN_POINT('Ctrl Pts',(-755.553443384419,95.3379132683871,0.114884490853195));
#4063=CARTESIAN_POINT('Ctrl Pts',(-739.704878283449,81.8601108920625,-13.1651775639315));
#4064=CARTESIAN_POINT('Ctrl Pts',(-721.638013908439,68.6803571597123,-25.6372685898747));
#4065=CARTESIAN_POINT('Ctrl Pts',(-701.214587091234,55.9470146613304,-36.6021759861677));
#4066=CARTESIAN_POINT('Ctrl Pts',(-683.082687886259,46.2581152864874,-44.2241423382021));
#4067=CARTESIAN_POINT('Ctrl Pts',(-668.44645008329,39.3904534181992,-49.2729031840209));
#4068=CARTESIAN_POINT('Ctrl Pts',(-657.541230412162,34.7639673346014,-52.5068713679647));
#4069=CARTESIAN_POINT('Ctrl Pts',(-648.628531170258,31.4142221144729,-54.7225106417347));
#4070=CARTESIAN_POINT('Ctrl Pts',(-642.524964903982,29.3415801310176,-56.0751148309435));
#4071=CARTESIAN_POINT('Ctrl Pts',(-639.081814479717,28.2359372248857,-56.7991985876723));
#4072=CARTESIAN_POINT('Ctrl Pts',(-630.554648514175,25.6038351299634,-58.5363248264607));
#4073=CARTESIAN_POINT('Ctrl Pts',(-616.710661547917,22.1452104209817,-60.9775859868743));
#4074=CARTESIAN_POINT('Ctrl Pts',(-605.24115137152,20.6716992575523,-63.0630658001571));
#4075=CARTESIAN_POINT('Ctrl Pts',(-600.002317260521,20.4008041234955,-64.1995772564544));
#4076=CARTESIAN_POINT('Ctrl Pts',(-800.002317260521,150.002317260521,50.));
#4077=CARTESIAN_POINT('Ctrl Pts',(-797.444325535021,145.746580951682,46.1466239687431));
#4078=CARTESIAN_POINT('Ctrl Pts',(-791.819749573432,137.243353316225,38.1342028482981));
#4079=CARTESIAN_POINT('Ctrl Pts',(-783.434093955403,126.616557520574,27.4261645003148));
#4080=CARTESIAN_POINT('Ctrl Pts',(-775.850494839878,118.105439909127,18.4933143660664));
#4081=CARTESIAN_POINT('Ctrl Pts',(-767.656787474188,109.584193573022,9.33767764459357));
#4082=CARTESIAN_POINT('Ctrl Pts',(-756.215924756511,98.9067541540757,-2.4810822139466));
#4083=CARTESIAN_POINT('Ctrl Pts',(-740.34181294902,86.199144085854,-16.5863073931568));
#4084=CARTESIAN_POINT('Ctrl Pts',(-722.11961504587,73.7435788847658,-29.8925972286651));
#4085=CARTESIAN_POINT('Ctrl Pts',(-701.436052183827,61.6867861834294,-41.6362935924148));
#4086=CARTESIAN_POINT('Ctrl Pts',(-683.022903899287,52.4920911598897,-49.7655505742931));
#4087=CARTESIAN_POINT('Ctrl Pts',(-668.167535817875,45.9601075642707,-55.0957738916975));
#4088=CARTESIAN_POINT('Ctrl Pts',(-657.116207713193,41.5510543508299,-58.4780256313994));
#4089=CARTESIAN_POINT('Ctrl Pts',(-648.110201434028,38.3501623020797,-60.7689848960576));
#4090=CARTESIAN_POINT('Ctrl Pts',(-641.964968099033,36.3647431378231,-62.1521648723495));
#4091=CARTESIAN_POINT('Ctrl Pts',(-638.506199805883,35.3040926660077,-62.888692640254));
#4092=CARTESIAN_POINT('Ctrl Pts',(-629.953392736998,32.7763902392335,-64.6480034513225));
#4093=CARTESIAN_POINT('Ctrl Pts',(-616.189293441219,29.433426278501,-67.0826597687007));
#4094=CARTESIAN_POINT('Ctrl Pts',(-605.031619962272,27.9653927491418,-69.1150433951327));
#4095=CARTESIAN_POINT('Ctrl Pts',(-600.002317260521,27.6714054591721,-70.2042831897475));
#4096=CARTESIAN_POINT('Ctrl Pts',(-800.002317260521,150.002317260521,50.));
#4097=CARTESIAN_POINT('Ctrl Pts',(-797.530819831672,146.113335967173,46.0111349598702));
#4098=CARTESIAN_POINT('Ctrl Pts',(-792.074143074729,138.319154154204,37.6975272407367));
#4099=CARTESIAN_POINT('Ctrl Pts',(-783.889807872074,128.529136500776,26.5302580935589));
#4100=CARTESIAN_POINT('Ctrl Pts',(-776.455914411448,120.664702752785,17.1806974360778));
#4101=CARTESIAN_POINT('Ctrl Pts',(-768.39801702861,112.777307456989,7.57918389787));
#4102=CARTESIAN_POINT('Ctrl Pts',(-757.086069096261,102.872482064534,-4.84260788177108));
#4103=CARTESIAN_POINT('Ctrl Pts',(-741.243183034597,91.0590151018973,-19.7325942982276));
#4104=CARTESIAN_POINT('Ctrl Pts',(-722.888258364545,79.4631251922117,-33.8406399056559));
#4105=CARTESIAN_POINT('Ctrl Pts',(-701.929839501302,68.2300658801203,-46.3294115615938));
#4106=CARTESIAN_POINT('Ctrl Pts',(-683.189748275913,59.6542404505548,-54.9173321023083));
#4107=CARTESIAN_POINT('Ctrl Pts',(-668.065893435684,53.554233604718,-60.4713748945488));
#4108=CARTESIAN_POINT('Ctrl Pts',(-656.82794847513,49.4319599941255,-63.9500713656591));
#4109=CARTESIAN_POINT('Ctrl Pts',(-647.694568080509,46.4343455675173,-66.2680752615793));
#4110=CARTESIAN_POINT('Ctrl Pts',(-641.485546445233,44.5725147012401,-67.6467375978316));
#4111=CARTESIAN_POINT('Ctrl Pts',(-637.999247100979,43.5771471442791,-68.3756157022365));
#4112=CARTESIAN_POINT('Ctrl Pts',(-629.392563266134,41.2037583988345,-70.1072776420506));
#4113=CARTESIAN_POINT('Ctrl Pts',(-615.674308747061,38.0551273912692,-72.4569085986367));
#4114=CARTESIAN_POINT('Ctrl Pts',(-604.82205997736,36.6566961051107,-74.3871664181886));
#4115=CARTESIAN_POINT('Ctrl Pts',(-600.002317260521,36.3693048289166,-75.409734265412));
#4116=CARTESIAN_POINT('Ctrl Pts',(-800.002317260521,150.002317260521,50.));
#4117=CARTESIAN_POINT('Ctrl Pts',(-797.617313927828,146.503394330913,45.892258748553));
#4118=CARTESIAN_POINT('Ctrl Pts',(-792.338054496996,139.472309264418,37.3140000127037));
#4119=CARTESIAN_POINT('Ctrl Pts',(-784.38639168116,130.604403321304,25.735738114544));
#4120=CARTESIAN_POINT('Ctrl Pts',(-777.134954074663,123.465077845742,16.0069078375037));
#4121=CARTESIAN_POINT('Ctrl Pts',(-769.24870603858,116.296561571106,5.99588021779461));
#4122=CARTESIAN_POINT('Ctrl Pts',(-758.111975416809,107.282701632625,-6.98575378162324));
#4123=CARTESIAN_POINT('Ctrl Pts',(-742.342877838153,96.5211945780777,-22.6158281913861));
#4124=CARTESIAN_POINT('Ctrl Pts',(-723.872201730291,85.955080619085,-37.4864351679675));
#4125=CARTESIAN_POINT('Ctrl Pts',(-702.627874114821,75.7246279795728,-50.6801016300068));
#4126=CARTESIAN_POINT('Ctrl Pts',(-683.526585693416,67.9152158296461,-59.6782658587779));
#4127=CARTESIAN_POINT('Ctrl Pts',(-668.097224435487,62.3590135095644,-65.4037716660308));
#4128=CARTESIAN_POINT('Ctrl Pts',(-656.642288137873,58.602962561948,-68.9335240814014));
#4129=CARTESIAN_POINT('Ctrl Pts',(-647.355992873342,55.8700350097342,-71.2372330481404));
#4130=CARTESIAN_POINT('Ctrl Pts',(-641.066581222573,54.1720898595519,-72.5816342468317));
#4131=CARTESIAN_POINT('Ctrl Pts',(-637.543841311843,53.2642393572237,-73.2859303135607));
#4132=CARTESIAN_POINT('Ctrl Pts',(-628.8620098632,51.099407503851,-74.9478213373706));
#4133=CARTESIAN_POINT('Ctrl Pts',(-615.1641094694,48.2268983782107,-77.1465638486913));
#4134=CARTESIAN_POINT('Ctrl Pts',(-604.612498508719,46.9555010036479,-78.9328497257769));
#4135=CARTESIAN_POINT('Ctrl Pts',(-600.002317260521,46.6980090894782,-79.872133822945));
#4136=CARTESIAN_POINT('Ctrl Pts',(-800.002317260521,150.002317260521,50.));
#4137=CARTESIAN_POINT('Ctrl Pts',(-797.732666200292,147.046030184978,45.7521133722057));
#4138=CARTESIAN_POINT('Ctrl Pts',(-792.698347730226,141.090483301666,36.8614715631123));
#4139=CARTESIAN_POINT('Ctrl Pts',(-785.084897749571,133.553663877068,24.789080432));
#4140=CARTESIAN_POINT('Ctrl Pts',(-778.105896605441,127.47780445118,14.5972514216678));
#4141=CARTESIAN_POINT('Ctrl Pts',(-770.480291068172,121.374018303173,4.08238414762893));
#4142=CARTESIAN_POINT('Ctrl Pts',(-759.618453337731,113.697565267985,-9.59453626407311));
#4143=CARTESIAN_POINT('Ctrl Pts',(-743.985407721367,104.538397753356,-26.1559019424121));
#4144=CARTESIAN_POINT('Ctrl Pts',(-725.375688376374,95.5591350542093,-41.9922762410315));
#4145=CARTESIAN_POINT('Ctrl Pts',(-703.740196428238,86.8871058584306,-56.0736132959232));
#4146=CARTESIAN_POINT('Ctrl Pts',(-684.127025126016,80.28026529659,-65.5628464757153));
#4147=CARTESIAN_POINT('Ctrl Pts',(-668.257392599929,75.5849966170036,-71.4599336715251));
#4148=CARTESIAN_POINT('Ctrl Pts',(-656.486203420692,72.4132203695321,-75.0100373914968));
#4149=CARTESIAN_POINT('Ctrl Pts',(-646.973414430036,70.1069473628839,-77.2518684759191));
#4150=CARTESIAN_POINT('Ctrl Pts',(-640.561950963061,68.6755292948843,-78.5198564288772));
#4151=CARTESIAN_POINT('Ctrl Pts',(-636.982958087438,67.9107275889109,-79.1742814281367));
#4152=CARTESIAN_POINT('Ctrl Pts',(-628.181080228987,66.0880370046016,-80.698756509822));
#4153=CARTESIAN_POINT('Ctrl Pts',(-614.488076013862,63.6782810091353,-82.628942541968));
#4154=CARTESIAN_POINT('Ctrl Pts',(-604.333281624946,62.6373431440601,-84.1782045942078));
#4155=CARTESIAN_POINT('Ctrl Pts',(-600.002317260521,62.4422750816685,-84.9879544131154));
#4156=CARTESIAN_POINT('Ctrl Pts',(-800.002317260521,150.002317260521,50.));
#4157=CARTESIAN_POINT('Ctrl Pts',(-797.847975106165,147.609733449782,45.6341018474534));
#4158=CARTESIAN_POINT('Ctrl Pts',(-793.065064795208,142.788981482623,36.4777183376876));
#4159=CARTESIAN_POINT('Ctrl Pts',(-785.810545443276,136.69449754559,23.972774173461));
#4160=CARTESIAN_POINT('Ctrl Pts',(-779.125733009991,131.790034140783,13.3669336085992));
#4161=CARTESIAN_POINT('Ctrl Pts',(-771.784791845593,126.870403276412,2.39665804966706));
#4162=CARTESIAN_POINT('Ctrl Pts',(-761.228535931366,120.700082041564,-11.915849223002));
#4163=CARTESIAN_POINT('Ctrl Pts',(-745.760183706601,113.368413096161,-29.3408574941788));
#4164=CARTESIAN_POINT('Ctrl Pts',(-727.022413101553,106.21542947061,-46.0788288257828));
#4165=CARTESIAN_POINT('Ctrl Pts',(-704.988593351321,99.3470999483427,-60.9835397492146));
#4166=CARTESIAN_POINT('Ctrl Pts',(-684.840444125237,94.1411499547301,-70.8995742024946));
#4167=CARTESIAN_POINT('Ctrl Pts',(-668.505897424392,90.4552524381296,-76.9088022186302));
#4168=CARTESIAN_POINT('Ctrl Pts',(-656.398096077931,87.972327468155,-80.4302707895997));
#4169=CARTESIAN_POINT('Ctrl Pts',(-646.641632957346,86.1728609063485,-82.5674036847488));
#4170=CARTESIAN_POINT('Ctrl Pts',(-640.097222943295,85.0599562179573,-83.7288221825128));
#4171=CARTESIAN_POINT('Ctrl Pts',(-636.455630510385,84.4666686796202,-84.3156188934856));
#4172=CARTESIAN_POINT('Ctrl Pts',(-627.521034906513,83.055161041619,-85.6615166321121));
#4173=CARTESIAN_POINT('Ctrl Pts',(-613.815267204843,81.2088900639394,-87.2534180552238));
#4174=CARTESIAN_POINT('Ctrl Pts',(-604.053743817223,80.4599222709276,-88.5152435422209));
#4175=CARTESIAN_POINT('Ctrl Pts',(-600.00231726052,80.3483454710529,-89.173540422185));
#4176=CARTESIAN_POINT('Ctrl Pts',(-800.002317260521,150.002317260521,50.));
#4177=CARTESIAN_POINT('Ctrl Pts',(-797.963309473417,148.168964839566,45.5268707423398));
#4178=CARTESIAN_POINT('Ctrl Pts',(-793.425390560915,144.476431886859,36.1233508220689));
#4179=CARTESIAN_POINT('Ctrl Pts',(-786.509008037789,139.819489173743,23.2051263578077));
#4180=CARTESIAN_POINT('Ctrl Pts',(-780.096598430016,136.083145342765,12.2005191608225));
#4181=CARTESIAN_POINT('Ctrl Pts',(-773.01635317608,132.344267155747,0.790323765324886));
#4182=CARTESIAN_POINT('Ctrl Pts',(-762.734915842977,127.674652662437,-14.137903233902));
#4183=CARTESIAN_POINT('Ctrl Pts',(-747.402725858535,122.16077282268,-32.3990512488976));
#4184=CARTESIAN_POINT('Ctrl Pts',(-728.525777453079,116.819834902618,-50.0078917667252));
#4185=CARTESIAN_POINT('Ctrl Pts',(-706.100878285277,111.735123269728,-65.7055950452664));
#4186=CARTESIAN_POINT('Ctrl Pts',(-685.44073896438,107.911286168974,-76.0332264573242));
#4187=CARTESIAN_POINT('Ctrl Pts',(-668.66593626368,105.220210456771,-82.1505692441768));
#4188=CARTESIAN_POINT('Ctrl Pts',(-656.241836630971,103.41588575992,-85.6444510753894));
#4189=CARTESIAN_POINT('Ctrl Pts',(-646.258816321281,102.115587837881,-87.6796973364437));
#4190=CARTESIAN_POINT('Ctrl Pts',(-639.592426172988,101.316239635771,-88.7367189596317));
#4191=CARTESIAN_POINT('Ctrl Pts',(-635.894412248358,100.891732860873,-89.257380690603));
#4192=CARTESIAN_POINT('Ctrl Pts',(-626.840395292439,99.8847296695576,-90.4264177422272));
#4193=CARTESIAN_POINT('Ctrl Pts',(-613.139247983402,98.5916983216443,-91.6807037496023));
#4194=CARTESIAN_POINT('Ctrl Pts',(-603.774394430267,98.1258708693893,-92.6401630793034));
#4195=CARTESIAN_POINT('Ctrl Pts',(-600.002317260521,98.093313457011,-93.136100257866));
#4196=CARTESIAN_POINT('Ctrl Pts',(-800.002317260521,150.002317260521,50.));
#4197=CARTESIAN_POINT('Ctrl Pts',(-798.078654425229,148.716701884083,45.4231107680363));
#4198=CARTESIAN_POINT('Ctrl Pts',(-793.777237044856,146.126749870082,35.7759743973348));
#4199=CARTESIAN_POINT('Ctrl Pts',(-787.171167105664,142.867771361808,22.445293965579));
#4200=CARTESIAN_POINT('Ctrl Pts',(-781.002068584623,140.262824257952,11.0430429557188));
#4201=CARTESIAN_POINT('Ctrl Pts',(-774.150630986443,137.664420555011,-0.805286915487911));
#4202=CARTESIAN_POINT('Ctrl Pts',(-764.102897622632,134.438159051318,-16.3455632918448));
#4203=CARTESIAN_POINT('Ctrl Pts',(-748.868972241801,130.663171441209,-35.4327145207794));
#4204=CARTESIAN_POINT('Ctrl Pts',(-729.83783506143,127.046447219772,-53.8976794836511));
#4205=CARTESIAN_POINT('Ctrl Pts',(-707.031631791784,123.649723581355,-70.3743790919406));
#4206=CARTESIAN_POINT('Ctrl Pts',(-685.890012914653,121.128003369172,-81.1152130129213));
#4207=CARTESIAN_POINT('Ctrl Pts',(-668.707851703756,119.371286291711,-87.3535885427053));
#4208=CARTESIAN_POINT('Ctrl Pts',(-655.994479712373,118.202910379855,-90.8349541741982));
#4209=CARTESIAN_POINT('Ctrl Pts',(-645.807641990512,117.369258991923,-92.7837769191739));
#4210=CARTESIAN_POINT('Ctrl Pts',(-639.033987127282,116.862332632615,-93.7477724236562));
#4211=CARTESIAN_POINT('Ctrl Pts',(-635.287569226357,116.595002049291,-94.2088508151539));
#4212=CARTESIAN_POINT('Ctrl Pts',(-626.132675061008,115.964284500195,-95.2164318595127));
#4213=CARTESIAN_POINT('Ctrl Pts',(-612.458966785684,115.182625297275,-96.1546962680654));
#4214=CARTESIAN_POINT('Ctrl Pts',(-603.495123371781,114.971295003887,-96.813045574832));
#4215=CARTESIAN_POINT('Ctrl Pts',(-600.002317260521,115.006262633739,-97.1430993991599));
#4216=CARTESIAN_POINT('Ctrl Pts',(-800.002317260521,150.002317260521,50.));
#4217=CARTESIAN_POINT('Ctrl Pts',(-798.222805245296,149.363859238755,45.2930415175127));
#4218=CARTESIAN_POINT('Ctrl Pts',(-794.193306437622,148.069399144311,35.3323111821764));
#4219=CARTESIAN_POINT('Ctrl Pts',(-787.896616254753,146.432750410458,21.4690398710902));
#4220=CARTESIAN_POINT('Ctrl Pts',(-781.949723099689,145.12745916079,9.55916379977116));
#4221=CARTESIAN_POINT('Ctrl Pts',(-775.294788750151,143.829910371694,-2.84469715998235));
#4222=CARTESIAN_POINT('Ctrl Pts',(-765.423300914262,142.231973940707,-19.1538945832195));
#4223=CARTESIAN_POINT('Ctrl Pts',(-750.205989578821,140.390978713504,-39.2599180319449));
#4224=CARTESIAN_POINT('Ctrl Pts',(-730.93944610229,138.664641177651,-58.7676748424071));
#4225=CARTESIAN_POINT('Ctrl Pts',(-707.684390987695,137.09109053452,-76.1936004956615));
#4226=CARTESIAN_POINT('Ctrl Pts',(-686.026373452159,135.957256470643,-87.4672494259021));
#4227=CARTESIAN_POINT('Ctrl Pts',(-668.427589575287,135.186745539661,-93.9046798119871));
#4228=CARTESIAN_POINT('Ctrl Pts',(-655.428485054984,134.684660860704,-97.4212386516973));
#4229=CARTESIAN_POINT('Ctrl Pts',(-645.050618035524,134.335689360323,-99.3133770079081));
#4230=CARTESIAN_POINT('Ctrl Pts',(-638.184510155783,134.129886019359,-100.199265236485));
#4231=CARTESIAN_POINT('Ctrl Pts',(-634.399570510509,134.023566698604,-100.607103303292));
#4232=CARTESIAN_POINT('Ctrl Pts',(-625.172834634749,133.77681374637,-101.467629315252));
#4233=CARTESIAN_POINT('Ctrl Pts',(-611.596676288745,133.504874575602,-102.086904741277));
#4234=CARTESIAN_POINT('Ctrl Pts',(-603.145809805078,133.520479615951,-102.391051357841));
#4235=CARTESIAN_POINT('Ctrl Pts',(-600.00231726052,133.602339597617,-102.514270970586));
#4236=CARTESIAN_POINT('Ctrl Pts',(-800.002317260521,150.002317260521,50.));
#4237=CARTESIAN_POINT('Ctrl Pts',(-798.338073470194,149.807517860443,45.1737160272418));
#4238=CARTESIAN_POINT('Ctrl Pts',(-794.483956963536,149.40694008941,34.9247246287765));
#4239=CARTESIAN_POINT('Ctrl Pts',(-788.295202141177,148.891682033553,20.5951160210022));
#4240=CARTESIAN_POINT('Ctrl Pts',(-782.380416666317,148.478501034704,8.26030415225775));
#4241=CARTESIAN_POINT('Ctrl Pts',(-775.723557915375,148.067252650106,-4.59735660837727));
#4242=CARTESIAN_POINT('Ctrl Pts',(-765.787056202705,147.561657665501,-21.5153421966015));
#4243=CARTESIAN_POINT('Ctrl Pts',(-750.394196794033,146.983982379954,-42.3884277722719));
#4244=CARTESIAN_POINT('Ctrl Pts',(-730.863481640057,146.45083969254,-62.6539875084455));
#4245=CARTESIAN_POINT('Ctrl Pts',(-707.298721267077,145.977723505412,-80.7679009008397));
#4246=CARTESIAN_POINT('Ctrl Pts',(-685.379506652423,145.646393684838,-92.47698186678));
#4247=CARTESIAN_POINT('Ctrl Pts',(-667.612001929489,145.426836980675,-99.1466655847448));
#4248=CARTESIAN_POINT('Ctrl Pts',(-654.519173863893,145.286859766469,-102.775335107379));
#4249=CARTESIAN_POINT('Ctrl Pts',(-644.101808875954,145.192401297703,-104.710533761999));
#4250=CARTESIAN_POINT('Ctrl Pts',(-637.235737454962,145.138777027453,-105.601307145603));
#4251=CARTESIAN_POINT('Ctrl Pts',(-633.459076382412,145.111826107103,-106.004515203727));
#4252=CARTESIAN_POINT('Ctrl Pts',(-624.271265680423,145.050702210974,-106.845961397027));
#4253=CARTESIAN_POINT('Ctrl Pts',(-610.885617762991,144.995401802818,-107.353758115354));
#4254=CARTESIAN_POINT('Ctrl Pts',(-602.865970947644,145.035018367215,-107.435246024436));
#4255=CARTESIAN_POINT('Ctrl Pts',(-600.002317260521,145.08032496828,-107.408528528288));
#4256=CARTESIAN_POINT('Ctrl Pts',(-800.002317260521,150.002317260521,50.));
#4257=CARTESIAN_POINT('Ctrl Pts',(-798.395733665169,150.002317260521,45.1064132495047));
#4258=CARTESIAN_POINT('Ctrl Pts',(-794.614429748252,150.002317260521,34.6980149043343));
#4259=CARTESIAN_POINT('Ctrl Pts',(-788.430982267369,150.002317260521,20.1221572399414));
#4260=CARTESIAN_POINT('Ctrl Pts',(-782.481354291163,150.002317260521,7.57115976486387));
#4261=CARTESIAN_POINT('Ctrl Pts',(-775.767706343486,150.002317260521,-5.51247488849519));
#4262=CARTESIAN_POINT('Ctrl Pts',(-765.726778495353,150.002317260521,-22.7256509652924));
#4263=CARTESIAN_POINT('Ctrl Pts',(-750.179777626638,150.002317260521,-43.9553063977112));
#4264=CARTESIAN_POINT('Ctrl Pts',(-730.490764240915,150.002317260521,-64.561761535286));
#4265=CARTESIAN_POINT('Ctrl Pts',(-706.78822219027,150.002317260521,-82.9828801479263));
#4266=CARTESIAN_POINT('Ctrl Pts',(-684.791847744116,150.002317260521,-94.9048772082691));
#4267=CARTESIAN_POINT('Ctrl Pts',(-666.997546758807,150.002317260521,-101.71003298537));
#4268=CARTESIAN_POINT('Ctrl Pts',(-653.905171463565,150.002317260521,-105.420624178438));
#4269=CARTESIAN_POINT('Ctrl Pts',(-643.507878894971,150.002317260521,-107.405812275382));
#4270=CARTESIAN_POINT('Ctrl Pts',(-636.667547423149,150.002317260521,-108.320996760013));
#4271=CARTESIAN_POINT('Ctrl Pts',(-632.909127440662,150.002317260521,-108.734989982695));
#4272=CARTESIAN_POINT('Ctrl Pts',(-623.772967676931,150.002317260521,-109.598008404126));
#4273=CARTESIAN_POINT('Ctrl Pts',(-610.522624032021,150.002317260521,-110.100341915715));
#4274=CARTESIAN_POINT('Ctrl Pts',(-602.726244536344,150.002317260521,-110.094175443032));
#4275=CARTESIAN_POINT('Ctrl Pts',(-600.002317260521,150.002317260521,-110.));
#4276=CARTESIAN_POINT('Ctrl Pts',(-800.002317260521,150.002317260521,50.));
#4277=CARTESIAN_POINT('Ctrl Pts',(-791.54997419105,134.569739423261,40.0559505196924));
#4278=CARTESIAN_POINT('Ctrl Pts',(-771.03698787093,104.067716345576,18.3739873542443));
#4279=CARTESIAN_POINT('Ctrl Pts',(-724.984179106703,58.9478579103044,-18.1080082885802));
#4280=CARTESIAN_POINT('Ctrl Pts',(-658.160932544504,19.1549879349056,-41.9675617727892));
#4281=CARTESIAN_POINT('Ctrl Pts',(-616.976862999869,9.02379130050168,-46.1487812583618));
#4282=CARTESIAN_POINT('Ctrl Pts',(-600.002317260521,8.71789153528644,-49.6194698091746));
#4283=CARTESIAN_POINT('Ctrl Pts',(-800.002317260521,150.002317260521,50.));
#4284=CARTESIAN_POINT('Ctrl Pts',(-793.229119238188,136.343115548703,50.));
#4285=CARTESIAN_POINT('Ctrl Pts',(-782.064367822306,116.802057654724,50.));
#4286=CARTESIAN_POINT('Ctrl Pts',(-762.921653923529,89.7825058315294,50.));
#4287=CARTESIAN_POINT('Ctrl Pts',(-744.029639928472,67.616681839079,50.));
#4288=CARTESIAN_POINT('Ctrl Pts',(-722.79946378465,47.9706987835257,50.));
#4289=CARTESIAN_POINT('Ctrl Pts',(-696.773151625711,28.6344296652037,50.));
#4290=CARTESIAN_POINT('Ctrl Pts',(-674.591164756393,16.5032988283559,50.));
#4291=CARTESIAN_POINT('Ctrl Pts',(-654.313755956314,8.91584118793663,50.));
#4292=CARTESIAN_POINT('Ctrl Pts',(-640.468746235487,4.6761011900154,50.));
#4293=CARTESIAN_POINT('Ctrl Pts',(-622.56363629161,1.00762734426887,50.));
#4294=CARTESIAN_POINT('Ctrl Pts',(-607.624010461833,0.00231726052065726,
50.));
#4295=CARTESIAN_POINT('Ctrl Pts',(-600.002317260521,0.00231726052065895,
50.));
#4296=CARTESIAN_POINT('Ctrl Pts',(-800.002317260521,150.002317260521,50.));
#4297=CARTESIAN_POINT('Ctrl Pts',(-793.608553452416,137.466721044362,47.7902112265983));
#4298=CARTESIAN_POINT('Ctrl Pts',(-782.495984369398,119.187312720149,44.3896347364477));
#4299=CARTESIAN_POINT('Ctrl Pts',(-762.743237985122,93.3128863140229,39.2947916921807));
#4300=CARTESIAN_POINT('Ctrl Pts',(-742.974995954698,71.6876961008714,34.8443108622714));
#4301=CARTESIAN_POINT('Ctrl Pts',(-720.784402277125,52.1470456337683,30.6206067394001));
#4302=CARTESIAN_POINT('Ctrl Pts',(-693.895489137537,32.6499983599692,26.206093816248));
#4303=CARTESIAN_POINT('Ctrl Pts',(-671.430607871492,20.213312158549,23.1647594648115));
#4304=CARTESIAN_POINT('Ctrl Pts',(-651.451692522555,12.3495217735187,20.9487389956528));
#4305=CARTESIAN_POINT('Ctrl Pts',(-637.967526200643,7.92934607267803,19.5829961650039));
#4306=CARTESIAN_POINT('Ctrl Pts',(-620.849912442177,4.05673964706523,18.0989144114787));
#4307=CARTESIAN_POINT('Ctrl Pts',(-606.969506699101,2.94149754824428,17.1791421248099));
#4308=CARTESIAN_POINT('Ctrl Pts',(-600.002317260521,2.90750868544259,16.7935100636085));
#4309=CARTESIAN_POINT('Ctrl Pts',(-800.002317260521,150.002317260521,50.));
#4310=CARTESIAN_POINT('Ctrl Pts',(-793.987987666645,138.590326540022,45.5804224531966));
#4311=CARTESIAN_POINT('Ctrl Pts',(-784.280695537252,122.017143331942,38.4389947280953));
#4312=CARTESIAN_POINT('Ctrl Pts',(-766.958766735319,98.1010299701515,26.6125235825008));
#4313=CARTESIAN_POINT('Ctrl Pts',(-749.065227462591,77.4367728661479,15.2886786705607));
#4314=CARTESIAN_POINT('Ctrl Pts',(-727.249903568022,57.870057468674,4.70065608091163));
#4315=CARTESIAN_POINT('Ctrl Pts',(-698.162620900566,37.2465692264727,-4.91834809780995));
#4316=CARTESIAN_POINT('Ctrl Pts',(-672.78582677974,23.6713096484507,-10.0157838995757));
#4317=CARTESIAN_POINT('Ctrl Pts',(-651.194306577775,15.4659225447775,-12.3331126531824));
#4318=CARTESIAN_POINT('Ctrl Pts',(-636.927869082163,10.927301598414,-13.4978856720866));
#4319=CARTESIAN_POINT('Ctrl Pts',(-619.494473301073,7.0323897870357,-14.5543798494019));
#4320=CARTESIAN_POINT('Ctrl Pts',(-606.315002936369,5.88067783596789,-15.6417157503802));
#4321=CARTESIAN_POINT('Ctrl Pts',(-600.002317260521,5.81270011036451,-16.4129798727831));
#4322=CARTESIAN_POINT('Ctrl Pts',(-800.002317260521,150.002317260521,50.));
#4323=CARTESIAN_POINT('Ctrl Pts',(-794.367421880874,139.713932035681,43.3706336797949));
#4324=CARTESIAN_POINT('Ctrl Pts',(-784.712312084344,124.402398397366,32.828629464543));
#4325=CARTESIAN_POINT('Ctrl Pts',(-766.780350796912,101.631410452645,15.9073152746815));
#4326=CARTESIAN_POINT('Ctrl Pts',(-748.010583488817,81.5077871279403,0.132989532831999));
#4327=CARTESIAN_POINT('Ctrl Pts',(-725.234842060497,62.0464043189165,-14.6787371796883));
#4328=CARTESIAN_POINT('Ctrl Pts',(-695.284958412392,41.2621379212383,-28.712254281562));
#4329=CARTESIAN_POINT('Ctrl Pts',(-669.62526989484,27.3813229786438,-36.8510244347641));
#4330=CARTESIAN_POINT('Ctrl Pts',(-648.332243144016,18.8996031303595,-41.3843736575296));
#4331=CARTESIAN_POINT('Ctrl Pts',(-634.426649047319,14.1805464810767,-43.9148895070825));
#4332=CARTESIAN_POINT('Ctrl Pts',(-617.780749451639,10.0815020898321,-46.4554654379233));
#4333=CARTESIAN_POINT('Ctrl Pts',(-605.660499173637,8.81985812369152,-48.4625736255704));
#4334=CARTESIAN_POINT('Ctrl Pts',(-600.002317260521,8.71789153528644,-49.6194698091746));
#4335=CARTESIAN_POINT('Ctrl Pts',(-800.002317260521,150.002317260521,50.));
#4336=CARTESIAN_POINT('Ctrl Pts',(-798.376749735161,146.724108849684,50.));
#4337=CARTESIAN_POINT('Ctrl Pts',(-795.060671655997,140.229168129155,50.));
#4338=CARTESIAN_POINT('Ctrl Pts',(-789.891727089693,130.671183828854,50.));
#4339=CARTESIAN_POINT('Ctrl Pts',(-782.607299617177,118.298752367946,50.));
#4340=CARTESIAN_POINT('Ctrl Pts',(-772.829293446439,103.473266649745,50.));
#4341=CARTESIAN_POINT('Ctrl Pts',(-762.353609478326,89.3222101410073,50.));
#4342=CARTESIAN_POINT('Ctrl Pts',(-751.154163508225,75.8915295177894,50.));
#4343=CARTESIAN_POINT('Ctrl Pts',(-739.211248102267,63.2357443317586,50.));
#4344=CARTESIAN_POINT('Ctrl Pts',(-726.521945003818,51.4122661257353,50.));
#4345=CARTESIAN_POINT('Ctrl Pts',(-713.09474158416,40.4896148829051,50.));
#4346=CARTESIAN_POINT('Ctrl Pts',(-698.944731268688,30.555093429094,50.));
#4347=CARTESIAN_POINT('Ctrl Pts',(-684.091347358901,21.7202238713184,50.));
#4348=CARTESIAN_POINT('Ctrl Pts',(-668.557681081775,14.1243132086134,50.));
#4349=CARTESIAN_POINT('Ctrl Pts',(-652.371900102711,7.9361861797298,50.));
#4350=CARTESIAN_POINT('Ctrl Pts',(-635.561457034202,3.33494792472271,50.));
#4351=CARTESIAN_POINT('Ctrl Pts',(-621.631272477831,1.05663864559316,50.));
#4352=CARTESIAN_POINT('Ctrl Pts',(-610.919096874853,0.194013295825588,50.));
#4353=CARTESIAN_POINT('Ctrl Pts',(-603.660729997151,0.00231726052065895,
50.));
#4354=CARTESIAN_POINT('Ctrl Pts',(-600.002317260521,0.00231726052065895,
50.));
#4355=CARTESIAN_POINT('Origin',(-475.002317260521,150.002317260521,55.));
#4356=CARTESIAN_POINT('',(-800.002317260521,150.002317260521,55.));
#4357=CARTESIAN_POINT('',(-600.002317260521,0.00231726052065895,55.));
#4358=CARTESIAN_POINT('Ctrl Pts',(-800.002317260521,150.002317260521,55.));
#4359=CARTESIAN_POINT('Ctrl Pts',(-798.376749735161,146.724108849684,55.));
#4360=CARTESIAN_POINT('Ctrl Pts',(-795.060671655997,140.229168129155,55.));
#4361=CARTESIAN_POINT('Ctrl Pts',(-789.891727089693,130.671183828854,55.));
#4362=CARTESIAN_POINT('Ctrl Pts',(-782.607299617177,118.298752367946,55.));
#4363=CARTESIAN_POINT('Ctrl Pts',(-772.829293446439,103.473266649745,55.));
#4364=CARTESIAN_POINT('Ctrl Pts',(-762.353609478326,89.3222101410073,55.));
#4365=CARTESIAN_POINT('Ctrl Pts',(-751.154163508225,75.8915295177894,55.));
#4366=CARTESIAN_POINT('Ctrl Pts',(-739.211248102267,63.2357443317586,55.));
#4367=CARTESIAN_POINT('Ctrl Pts',(-726.521945003818,51.4122661257353,55.));
#4368=CARTESIAN_POINT('Ctrl Pts',(-713.09474158416,40.4896148829051,55.));
#4369=CARTESIAN_POINT('Ctrl Pts',(-698.944731268688,30.555093429094,55.));
#4370=CARTESIAN_POINT('Ctrl Pts',(-684.091347358901,21.7202238713184,55.));
#4371=CARTESIAN_POINT('Ctrl Pts',(-668.557681081775,14.1243132086134,55.));
#4372=CARTESIAN_POINT('Ctrl Pts',(-652.371900102711,7.9361861797298,55.));
#4373=CARTESIAN_POINT('Ctrl Pts',(-635.561457034202,3.33494792472271,55.));
#4374=CARTESIAN_POINT('Ctrl Pts',(-621.631272477831,1.05663864559316,55.));
#4375=CARTESIAN_POINT('Ctrl Pts',(-610.919096874853,0.194013295825588,55.));
#4376=CARTESIAN_POINT('Ctrl Pts',(-603.660729997151,0.00231726052065895,
55.));
#4377=CARTESIAN_POINT('Ctrl Pts',(-600.002317260521,0.00231726052065895,
55.));
#4378=CARTESIAN_POINT('',(-600.002317260521,0.00231726052065895,55.));
#4379=CARTESIAN_POINT('',(-600.002317260521,300.002317260521,55.));
#4380=CARTESIAN_POINT('',(-150.002317260521,300.002317260521,55.));
#4381=CARTESIAN_POINT('Ctrl Pts',(-600.002317260521,300.002317260521,55.));
#4382=CARTESIAN_POINT('Ctrl Pts',(-603.660729997151,300.002317260521,55.));
#4383=CARTESIAN_POINT('Ctrl Pts',(-610.919096874853,299.810621225216,55.));
#4384=CARTESIAN_POINT('Ctrl Pts',(-621.631272477831,298.947995875448,55.));
#4385=CARTESIAN_POINT('Ctrl Pts',(-635.561457034202,296.669686596319,55.));
#4386=CARTESIAN_POINT('Ctrl Pts',(-652.371900102711,292.068448341312,55.));
#4387=CARTESIAN_POINT('Ctrl Pts',(-668.557681081775,285.880321312428,55.));
#4388=CARTESIAN_POINT('Ctrl Pts',(-684.091347358901,278.284410649723,55.));
#4389=CARTESIAN_POINT('Ctrl Pts',(-698.944731268688,269.449541091947,55.));
#4390=CARTESIAN_POINT('Ctrl Pts',(-713.09474158416,259.515019638136,55.));
#4391=CARTESIAN_POINT('Ctrl Pts',(-726.521945003818,248.592368395306,55.));
#4392=CARTESIAN_POINT('Ctrl Pts',(-739.211248102267,236.768890189283,55.));
#4393=CARTESIAN_POINT('Ctrl Pts',(-751.154163508225,224.113105003252,55.));
#4394=CARTESIAN_POINT('Ctrl Pts',(-762.353609478326,210.682424380034,55.));
#4395=CARTESIAN_POINT('Ctrl Pts',(-772.829293446439,196.531367871296,55.));
#4396=CARTESIAN_POINT('Ctrl Pts',(-782.607299617177,181.705882153095,55.));
#4397=CARTESIAN_POINT('Ctrl Pts',(-789.891727089693,169.333450692187,55.));
#4398=CARTESIAN_POINT('Ctrl Pts',(-795.060671655997,159.775466391886,55.));
#4399=CARTESIAN_POINT('Ctrl Pts',(-798.376749735161,153.280525671357,55.));
#4400=CARTESIAN_POINT('Ctrl Pts',(-800.002317260521,150.002317260521,55.));
#4401=CARTESIAN_POINT('Ctrl Pts',(-800.002317260521,150.002317260521,50.));
#4402=CARTESIAN_POINT('Ctrl Pts',(-800.002317260521,150.002317260521,55.));
#4403=CARTESIAN_POINT('Ctrl Pts',(-798.376749735161,146.724108849684,50.));
#4404=CARTESIAN_POINT('Ctrl Pts',(-798.376749735161,146.724108849684,55.));
#4405=CARTESIAN_POINT('Ctrl Pts',(-795.060671655997,140.229168129155,50.));
#4406=CARTESIAN_POINT('Ctrl Pts',(-795.060671655997,140.229168129155,55.));
#4407=CARTESIAN_POINT('Ctrl Pts',(-789.891727089693,130.671183828854,50.));
#4408=CARTESIAN_POINT('Ctrl Pts',(-789.891727089693,130.671183828854,55.));
#4409=CARTESIAN_POINT('Ctrl Pts',(-782.607299617177,118.298752367946,50.));
#4410=CARTESIAN_POINT('Ctrl Pts',(-782.607299617177,118.298752367946,55.));
#4411=CARTESIAN_POINT('Ctrl Pts',(-772.829293446439,103.473266649745,50.));
#4412=CARTESIAN_POINT('Ctrl Pts',(-772.829293446439,103.473266649745,55.));
#4413=CARTESIAN_POINT('Ctrl Pts',(-762.353609478326,89.3222101410073,50.));
#4414=CARTESIAN_POINT('Ctrl Pts',(-762.353609478326,89.3222101410073,55.));
#4415=CARTESIAN_POINT('Ctrl Pts',(-751.154163508225,75.8915295177894,50.));
#4416=CARTESIAN_POINT('Ctrl Pts',(-751.154163508225,75.8915295177894,55.));
#4417=CARTESIAN_POINT('Ctrl Pts',(-739.211248102267,63.2357443317586,50.));
#4418=CARTESIAN_POINT('Ctrl Pts',(-739.211248102267,63.2357443317586,55.));
#4419=CARTESIAN_POINT('Ctrl Pts',(-726.521945003818,51.4122661257353,50.));
#4420=CARTESIAN_POINT('Ctrl Pts',(-726.521945003818,51.4122661257353,55.));
#4421=CARTESIAN_POINT('Ctrl Pts',(-713.09474158416,40.4896148829051,50.));
#4422=CARTESIAN_POINT('Ctrl Pts',(-713.09474158416,40.4896148829051,55.));
#4423=CARTESIAN_POINT('Ctrl Pts',(-698.944731268688,30.555093429094,50.));
#4424=CARTESIAN_POINT('Ctrl Pts',(-698.944731268688,30.555093429094,55.));
#4425=CARTESIAN_POINT('Ctrl Pts',(-684.091347358901,21.7202238713184,50.));
#4426=CARTESIAN_POINT('Ctrl Pts',(-684.091347358901,21.7202238713184,55.));
#4427=CARTESIAN_POINT('Ctrl Pts',(-668.557681081775,14.1243132086134,50.));
#4428=CARTESIAN_POINT('Ctrl Pts',(-668.557681081775,14.1243132086134,55.));
#4429=CARTESIAN_POINT('Ctrl Pts',(-652.371900102711,7.9361861797298,50.));
#4430=CARTESIAN_POINT('Ctrl Pts',(-652.371900102711,7.9361861797298,55.));
#4431=CARTESIAN_POINT('Ctrl Pts',(-635.561457034202,3.33494792472271,50.));
#4432=CARTESIAN_POINT('Ctrl Pts',(-635.561457034202,3.33494792472271,55.));
#4433=CARTESIAN_POINT('Ctrl Pts',(-621.631272477831,1.05663864559316,50.));
#4434=CARTESIAN_POINT('Ctrl Pts',(-621.631272477831,1.05663864559316,55.));
#4435=CARTESIAN_POINT('Ctrl Pts',(-610.919096874853,0.194013295825588,50.));
#4436=CARTESIAN_POINT('Ctrl Pts',(-610.919096874853,0.194013295825588,55.));
#4437=CARTESIAN_POINT('Ctrl Pts',(-603.660729997151,0.00231726052065895,
50.));
#4438=CARTESIAN_POINT('Ctrl Pts',(-603.660729997151,0.00231726052065895,
55.));
#4439=CARTESIAN_POINT('Ctrl Pts',(-600.002317260521,0.00231726052065895,
50.));
#4440=CARTESIAN_POINT('Ctrl Pts',(-600.002317260521,0.00231726052065895,
55.));
#4441=CARTESIAN_POINT('',(-600.002317260521,0.00231726052065895,50.));
#4442=CARTESIAN_POINT('',(-800.002317260521,150.002317260521,50.));
#4443=CARTESIAN_POINT('Origin',(-600.002317260521,0.00231726052065895,50.));
#4444=CARTESIAN_POINT('Origin',(-150.002317260521,300.002317260521,50.));
#4445=CARTESIAN_POINT('',(-600.002317260521,300.002317260521,50.));
#4446=CARTESIAN_POINT('Ctrl Pts',(-600.002317260521,300.002317260521,50.));
#4447=CARTESIAN_POINT('Ctrl Pts',(-600.002317260521,300.002317260521,55.));
#4448=CARTESIAN_POINT('Ctrl Pts',(-603.660729997151,300.002317260521,50.));
#4449=CARTESIAN_POINT('Ctrl Pts',(-603.660729997151,300.002317260521,55.));
#4450=CARTESIAN_POINT('Ctrl Pts',(-610.919096874853,299.810621225216,50.));
#4451=CARTESIAN_POINT('Ctrl Pts',(-610.919096874853,299.810621225216,55.));
#4452=CARTESIAN_POINT('Ctrl Pts',(-621.631272477831,298.947995875448,50.));
#4453=CARTESIAN_POINT('Ctrl Pts',(-621.631272477831,298.947995875448,55.));
#4454=CARTESIAN_POINT('Ctrl Pts',(-635.561457034202,296.669686596319,50.));
#4455=CARTESIAN_POINT('Ctrl Pts',(-635.561457034202,296.669686596319,55.));
#4456=CARTESIAN_POINT('Ctrl Pts',(-652.371900102711,292.068448341312,50.));
#4457=CARTESIAN_POINT('Ctrl Pts',(-652.371900102711,292.068448341312,55.));
#4458=CARTESIAN_POINT('Ctrl Pts',(-668.557681081775,285.880321312428,50.));
#4459=CARTESIAN_POINT('Ctrl Pts',(-668.557681081775,285.880321312428,55.));
#4460=CARTESIAN_POINT('Ctrl Pts',(-684.091347358901,278.284410649723,50.));
#4461=CARTESIAN_POINT('Ctrl Pts',(-684.091347358901,278.284410649723,55.));
#4462=CARTESIAN_POINT('Ctrl Pts',(-698.944731268688,269.449541091947,50.));
#4463=CARTESIAN_POINT('Ctrl Pts',(-698.944731268688,269.449541091947,55.));
#4464=CARTESIAN_POINT('Ctrl Pts',(-713.09474158416,259.515019638136,50.));
#4465=CARTESIAN_POINT('Ctrl Pts',(-713.09474158416,259.515019638136,55.));
#4466=CARTESIAN_POINT('Ctrl Pts',(-726.521945003818,248.592368395306,50.));
#4467=CARTESIAN_POINT('Ctrl Pts',(-726.521945003818,248.592368395306,55.));
#4468=CARTESIAN_POINT('Ctrl Pts',(-739.211248102267,236.768890189283,50.));
#4469=CARTESIAN_POINT('Ctrl Pts',(-739.211248102267,236.768890189283,55.));
#4470=CARTESIAN_POINT('Ctrl Pts',(-751.154163508225,224.113105003252,50.));
#4471=CARTESIAN_POINT('Ctrl Pts',(-751.154163508225,224.113105003252,55.));
#4472=CARTESIAN_POINT('Ctrl Pts',(-762.353609478326,210.682424380034,50.));
#4473=CARTESIAN_POINT('Ctrl Pts',(-762.353609478326,210.682424380034,55.));
#4474=CARTESIAN_POINT('Ctrl Pts',(-772.829293446439,196.531367871296,50.));
#4475=CARTESIAN_POINT('Ctrl Pts',(-772.829293446439,196.531367871296,55.));
#4476=CARTESIAN_POINT('Ctrl Pts',(-782.607299617177,181.705882153095,50.));
#4477=CARTESIAN_POINT('Ctrl Pts',(-782.607299617177,181.705882153095,55.));
#4478=CARTESIAN_POINT('Ctrl Pts',(-789.891727089693,169.333450692187,50.));
#4479=CARTESIAN_POINT('Ctrl Pts',(-789.891727089693,169.333450692187,55.));
#4480=CARTESIAN_POINT('Ctrl Pts',(-795.060671655997,159.775466391886,50.));
#4481=CARTESIAN_POINT('Ctrl Pts',(-795.060671655997,159.775466391886,55.));
#4482=CARTESIAN_POINT('Ctrl Pts',(-798.376749735161,153.280525671357,50.));
#4483=CARTESIAN_POINT('Ctrl Pts',(-798.376749735161,153.280525671357,55.));
#4484=CARTESIAN_POINT('Ctrl Pts',(-800.002317260521,150.002317260521,50.));
#4485=CARTESIAN_POINT('Ctrl Pts',(-800.002317260521,150.002317260521,55.));
#4486=UNCERTAINTY_MEASURE_WITH_UNIT(LENGTH_MEASURE(0.01),#4490,
'DISTANCE_ACCURACY_VALUE',
'Maximum model space distance between geometric entities at asserted c
onnectivities');
#4487=UNCERTAINTY_MEASURE_WITH_UNIT(LENGTH_MEASURE(0.01),#4490,
'DISTANCE_ACCURACY_VALUE',
'Maximum model space distance between geometric entities at asserted c
onnectivities');
#4488=(
GEOMETRIC_REPRESENTATION_CONTEXT(3)
GLOBAL_UNCERTAINTY_ASSIGNED_CONTEXT((#4486))
GLOBAL_UNIT_ASSIGNED_CONTEXT((#4490,#4492,#4493))
REPRESENTATION_CONTEXT('','3D')
);
#4489=(
GEOMETRIC_REPRESENTATION_CONTEXT(3)
GLOBAL_UNCERTAINTY_ASSIGNED_CONTEXT((#4487))
GLOBAL_UNIT_ASSIGNED_CONTEXT((#4490,#4492,#4493))
REPRESENTATION_CONTEXT('','3D')
);
#4490=(
LENGTH_UNIT()
NAMED_UNIT(*)
SI_UNIT(.MILLI.,.METRE.)
);
#4491=(
LENGTH_UNIT()
NAMED_UNIT(*)
SI_UNIT($,.METRE.)
);
#4492=(
NAMED_UNIT(*)
PLANE_ANGLE_UNIT()
SI_UNIT($,.RADIAN.)
);
#4493=(
NAMED_UNIT(*)
SI_UNIT($,.STERADIAN.)
SOLID_ANGLE_UNIT()
);
#4494=SHAPE_DEFINITION_REPRESENTATION(#4495,#4496);
#4495=PRODUCT_DEFINITION_SHAPE('',$,#4498);
#4496=SHAPE_REPRESENTATION('',(#398),#4488);
#4497=PRODUCT_DEFINITION_CONTEXT('part definition',#4502,'design');
#4498=PRODUCT_DEFINITION('2026-01-05-13-40-12-515','ship',#4499,#4497);
#4499=PRODUCT_DEFINITION_FORMATION('',$,#4504);
#4500=PRODUCT_RELATED_PRODUCT_CATEGORY('ship','ship',(#4504));
#4501=APPLICATION_PROTOCOL_DEFINITION('international standard',
'automotive_design',2009,#4502);
#4502=APPLICATION_CONTEXT(
'Core Data for Automotive Mechanical Design Process');
#4503=PRODUCT_CONTEXT('part definition',#4502,'mechanical');
#4504=PRODUCT('2026-01-05-13-40-12-515','ship',$,(#4503));
#4505=PRESENTATION_STYLE_ASSIGNMENT((#4506));
#4506=SURFACE_STYLE_USAGE(.BOTH.,#4507);
#4507=SURFACE_SIDE_STYLE('',(#4508));
#4508=SURFACE_STYLE_FILL_AREA(#4509);
#4509=FILL_AREA_STYLE('\X2\94A2\X0\ - \X2\7F0E5149\X0\',(#4510));
#4510=FILL_AREA_STYLE_COLOUR('\X2\94A2\X0\ - \X2\7F0E5149\X0\',#4511);
#4511=COLOUR_RGB('\X2\94A2\X0\ - \X2\7F0E5149\X0\',0.627450980392157,0.627450980392157,
0.627450980392157);
ENDSEC;
END-ISO-10303-21;
